{"CHH-01": 9.0, "CHH-02": 15.0, "CHH-03": 6.0, "CHH-04": 13.0, "CHH-05": 7.0, "CHH-06": 8.0, "CHH-07": 3.0, "CHH-08": 5.0, "CHH-09B": 10.0, "CHH-10": 65.0, "CHH-11": 72.0, "CHH-12": 10.0, "CHH-13A": 13.0, "CHH-14": 7.0, "CHH-15": 8.0, "CHH-16": 5.0, "CHH-17": 8.0, "CHH-18": 5.0, "CHH-19": 8.0, "CHH-20": 6.0, "CHH-21": 8.0, "CHH-22": 15.919999999999998, "CHH-23A": 18.0, "CHH-24": 3.84, "CHH-25": 229.96, "CHH-27": 15.599999999999998, "CHH-28": 536.12, "CHH-29": 10.119999999999997, "CHH-30": 68.31999999999991, "CHH-31": 14.559999999999999, "CHH-32": 26.0, "CHH-33": 28.119999999999997, "CHH-34": 14.920000000000002, "CHH-35": 11.96, "CHH-36": 13.64, "CHH-37": 220.71999999999997, "DIH-01": 9.0, "DIH-02": 10.0, "DIH-03": 10.0, "DIH-04": 10.0, "DIH-05": 66.0, "DIH-06": 17.0, "DIH-07": 9.0, "DIH-08": 13.0, "DIH-09": 13.079999999999984, "DIH-10": 64.0, "DIH-12": 11.0, "HOM-01": 351.0, "HOM-02": 22.0, "HOM-03": 146.44, "HOM-04": 16.0, "HOM-05": 10.0, "HOM-06": 21.0, "HOM-07": 6.0, "HOM-08": 30.0, "HOM-09": 8.0, "HOM-10": 10.199999999999989, "HOM-11": 116.36000000000001, "HOM-12": 80.19999999999993, "HOM-13": 7.0, "HOM-14": 9.0, "HOM-15": 15.0, "HOM-16": 4.0, "HOM-17": 24.0, "HOM-18": 5.0, "HOM-19": 23.0, "HOM-20": 40.0, "HOM-21": 23.0, "HOM-22": 5.0, "KOB-01": 8.0, "KOB-02": 11.0, "KOB-03": 11.0, "KOB-04": 12.0, "KOB-05": 15.319999999999993, "KOB-06": 12.0, "KOB-07": 18.0, "KOB-08": 14.0, "KOB-09": 72.63999999999999, "KOB-10": 72.0, "KOB-11": 15.0, "KOB-12": 13.0, "KOB-13": 11.0, "KOB-14": 10.0, "KOB-15": 10.0, "KOB-16": 14.0, "KOT-01": 7.0, "KOT-02": 10.0, "KOT-03": 7.0, "KOT-04": 9.0, "KOT-05": 12.0, "KOT-06": 8.0, "KOT-07": 10.0, "KOT-08": 12.0, "KOT-09": 79.32, "KOT-10": 84.15999999999997, "KOT-11": 15.0, "KOT-12": 14.0, "KOT-13": 8.0, "KOT-14": 9.0, "KOT-15": 7.0, "KOT-16": 9.0, "KWT-6001": 9.0, "KWT-6002": 15.0, "KWT-6003": 6.0, "KWT-6004": 7.0, "KWT-6005": 8.0, "KWT-6006": 7.0, "KWT-6007": 69.0, "KWT-6008": 72.39999999999998, "KWT-6009": 9.0, "KWT-6010": 13.0, "KWT-6011": 6.0, "KWT-6012": 15.0, "KWT-6013": 11.0, "KWT-6014": 20.0, "KWT-6015": 22.0, "KWT-6016": 14.0, "KWT-6042": 7.84, "KWT-6044": 249.32, "KWT-6046": 7.0, "LAT-6101": 12.360000000000014, "LAT-6102": 10.0, "LAT-6103": 19.0, "LAT-6104": 64.0, "LAT-6105": 69.0, "LAT-6106": 18.0, "LAT-6107": 17.0, "LAT-6108": 14.0, "LAT-6109": 36.0, "LAT-6110": 38.799999999999955, "LAT-6112": 34.0, "LOF-01": 7.0, "LOF-02": 7.0, "LOF-03": 8.0, "LOF-04": 8.0, "LOF-05": 10.0, "LOF-06": 12.0, "LOF-07": 13.0, "LOF-08": 15.0, "LOF-09": 64.0, "LOF-10": 65.0, "LOF-11": 13.0, "LOF-12": 14.0, "LOF-13": 11.0, "LOF-14": 10.0, "MOK-31": 10.0, "MOK-32B": 7.0, "MOK-33": 12.0, "MOK-34A": 8.0, "MOK-34B": 7.919999999999959, "MOK-35": 13.0, "MOK-36": 14.0, "MOK-37": 69.32, "MOK-38": 11.0, "MOK-39": 8.0, "MOK-40": 64.0, "MOK-41": 7.0, "MOK-42": 9.0, "MOK-43": 7.0, "MOK-44": 5.0, "MOK-45": 15.0, "MOK-46": 12.0, "NTK-01": 15.0, "NTK-02": 13.0, "NTK-03": 4.0, "NTK-04": 11.0, "NTK-05": 14.0, "NTK-06": 63.0, "NTK-07": 13.399999999999977, "NTK-08": 15.0, "NTK-09": 14.0, "NTK-10": 14.0, "NTK-11": 65.83999999999997, "NTK-12": 5.0, "NTK-13": 14.0, "NTK-14": 9.0, "NTK-15": 12.199999999999989, "NTK-16": 39.0, "NTK-17": 422.64, "PRE-32A": 66.0, "PRE-47": 84.0, "SKM-01": 12.0, "SKM-02": 8.0, "SKM-03": 9.0, "SKM-04": 9.0, "SKM-05": 9.0, "SKM-06": 9.0, "SKM-07": 9.95999999999998, "SKM-08": 9.0, "SKM-09": 5.0, "SKM-10": 12.0, "SKM-11": 6.0, "SKM-12": 69.0, "SKM-13": 69.0, "SKM-14": 9.0, "SKM-15": 14.0, "SKM-16": 6.0, "SKM-17": 10.0, "SKM-18": 12.0, "SKM-19": 6.0, "SKM-20": 13.0, "SKM-21": 7.0, "SKM-22A": 3.0, "SKM-22B": 5.0, "SKM-22C": 6.0, "TIK-7101": 37.0, "TIK-7102": 24.0, "TIK-7103": 24.0, "TIK-7104": 22.0, "TIK-7105": 17.0, "TIK-7106": 34.0, "TIK-7107": 17.0, "TIK-7108": 16.47999999999996, "TIK-7109A": 19.0, "TIK-7109B": 16.47999999999996, "TIK-7109C": 76.0, "TIK-7110": 16.0, "TIK-7111": 18.0, "TIK-7112A": 192.79999999999995, "TIK-7112B": 14.0, "TIK-7112C": 16.0, "TIK-7113": 28.0, "TIK-7114": 125.0, "TIK-7115": 7.0, "TIK-7116": 22.0, "TIK-7117": 12.199999999999996, "TIK-7118": 12.0, "TIK-7119": 280.4799999999999, "TIK-7120": 13.0, "TIK-7122": 79.96000000000004, "TIK-7149": 8.0, "WHA-02": 10.0, "WHA-04": 12.0, "WHA-06": 159.4799999999999, "WTS-01": 11.0, "WTS-02": 9.0, "WTS-03": 7.0, "WTS-04": 9.0, "WTS-05": 67.0, "WTS-06": 9.0, "WTS-07": 15.0, "WTS-08": 15.0, "WTS-09": 11.0, "WTS-10": 68.0, "WTS-11": 9.0, "WTS-12": 10.0, "WTS-14": 8.0, "YAT-7001": 27.0, "YAT-7002": 17.399999999999977, "YAT-7003A": 13.399999999999977, "YAT-7003B": 11.0, "YAT-7003C": 12.0, "YAT-7003D": 60.0, "YAT-7004": 16.0, "YAT-7005": 18.0, "YAT-7006A": 81.0, "YAT-7006B": 14.360000000000014, "YAT-7006C": 13.0, "YAT-7007": 37.0, "YAT-7008": 20.0, "YAT-7009": 23.360000000000014, "YAT-7010": 24.0, "YAT-7012": 30.0, "YMT-31": 13.0, "YMT-32": 9.120000000000005, "YMT-33": 6.0, "YMT-34": 3.0, "YMT-35": 74.0, "YMT-36": 6.0, "YMT-37": 7.0, "YMT-38": 5.0, "YMT-39": 7.0, "YMT-40": 73.0, "YMT-41": 10.0, "YMT-42": 9.0, "YMT-44": 13.0}