{
  "CHH-01": 17.793680000000002,
  "CHH-02": 24.897,
  "CHH-03": 16.72457,
  "CHH-04": 22.908989999999996,
  "CHH-05": 18.08294,
  "CHH-06": 20.91956,
  "CHH-07": 15.110280000000001,
  "CHH-08": 23.90195,
  "CHH-09B": 29.476260000000003,
  "CHH-10": 74.68024999999997,
  "CHH-11": 74.13492,
  "CHH-12": 23.11528,
  "CHH-13A": 24.50219,
  "CHH-14": 20.07984,
  "CHH-15": 19.922,
  "CHH-16": 18.131050000000002,
  "CHH-17": 19.238090000000003,
  "CHH-18": 18.2801,
  "CHH-19": 19.518,
  "CHH-20": 20.719340000000003,
  "CHH-21": 19.924,
  "CHH-22": 20.688750000000002,
  "CHH-23A": 18.0,
  "CHH-24": 22.131149999999998,
  "CHH-25": 228.91904000000002,
  "CHH-27": 28.2435,
  "CHH-28": 309.03258000000005,
  "CHH-29": 25.685920000000003,
  "CHH-30": 29.87845,
  "CHH-31": 30.73111,
  "CHH-32": 37.53217,
  "CHH-33": 42.40897000000001,
  "CHH-34": 24.70697,
  "CHH-35": 28.74895,
  "CHH-36": 23.390440000000005,
  "CHH-37": 191.34342,
  "DIH-01": 22.912,
  "DIH-02": 26.89505,
  "DIH-03": 68.53495,
  "DIH-04": 27.54448,
  "DIH-05": 69.15740000000001,
  "DIH-06": 38.609919999999995,
  "DIH-07": 21.713,
  "DIH-08": 70.75652,
  "DIH-09": 21.516,
  "DIH-10": 67.14447999999999,
  "DIH-12": 23.26334,
  "HOM-01": 343.66961000000003,
  "HOM-02": 33.85138,
  "HOM-03": 160.59106,
  "HOM-04": 27.98328,
  "HOM-05": 26.288490000000003,
  "HOM-06": 36.26032,
  "HOM-07": 25.7,
  "HOM-08": 52.16369,
  "HOM-09": 86.62242000000003,
  "HOM-10": 76.4854,
  "HOM-11": 105.0,
  "HOM-12": 76.97840000000001,
  "HOM-13": 23.866000000000003,
  "HOM-14": 23.71971,
  "HOM-15": 29.40653,
  "HOM-16": 17.24962,
  "HOM-17": 35.41509,
  "HOM-18": 20.92086,
  "HOM-19": 34.85104,
  "HOM-20": 33.0,
  "HOM-21": 35.85608,
  "HOM-22": 23.093360000000004,
  "KOB-01": 19.929229999999997,
  "KOB-02": 24.701,
  "KOB-03": 20.519260000000003,
  "KOB-04": 25.699390000000005,
  "KOB-05": 22.11492,
  "KOB-06": 29.682,
  "KOB-07": 30.87368,
  "KOB-08": 75.30767,
  "KOB-09": 77.49689000000001,
  "KOB-10": 73.48450999999999,
  "KOB-11": 25.30847,
  "KOB-12": 24.706,
  "KOB-13": 19.922089999999997,
  "KOB-14": 24.277,
  "KOB-15": 17.66476,
  "KOB-16": 25.46084,
  "KOT-01": 14.941000000000003,
  "KOT-02": 19.829770000000003,
  "KOT-03": 15.54157,
  "KOT-04": 19.53141,
  "KOT-05": 16.926759999999998,
  "KOT-06": 25.49328,
  "KOT-07": 24.68836,
  "KOT-08": 81.06436,
  "KOT-09": 80.438,
  "KOT-10": 80.49828,
  "KOT-11": 24.507,
  "KOT-12": 24.89862,
  "KOT-13": 17.53,
  "KOT-14": 20.719,
  "KOT-15": 15.943190000000001,
  "KOT-16": 20.71557,
  "KWT-6001": 23.1271,
  "KWT-6002": 28.49033,
  "KWT-6003": 20.92105,
  "KWT-6004": 22.912,
  "KWT-6005": 26.86372,
  "KWT-6006": 24.275199999999998,
  "KWT-6007": 79.07582000000002,
  "KWT-6008": 79.33004,
  "KWT-6009": 23.50316,
  "KWT-6010": 34.12584999999999,
  "KWT-6011": 20.01379,
  "KWT-6012": 31.281999999999996,
  "KWT-6013": 23.90806,
  "KWT-6014": 30.27536,
  "KWT-6015": 26.8495,
  "KWT-6016": 29.762410000000003,
  "KWT-6042": 46.03101,
  "KWT-6044": 280.10433,
  "KWT-6046": 36.65005,
  "LAT-6101": 16.3773,
  "LAT-6102": 20.71906,
  "LAT-6103": 29.67711,
  "LAT-6104": 67.7342,
  "LAT-6105": 74.22452,
  "LAT-6106": 69.73592000000001,
  "LAT-6107": 22.11911,
  "LAT-6108": 29.99733,
  "LAT-6109": 33.7385,
  "LAT-6110": 39.53765,
  "LAT-6112": 40.76124,
  "LOF-01": 16.135,
  "LOF-02": 18.724,
  "LOF-03": 16.936,
  "LOF-04": 21.862450000000003,
  "LOF-05": 24.703000000000007,
  "LOF-06": 31.2661,
  "LOF-07": 70.13498000000001,
  "LOF-08": 73.85086,
  "LOF-09": 68.52761000000001,
  "LOF-10": 70.01917,
  "LOF-11": 19.725,
  "LOF-12": 24.182880000000008,
  "LOF-13": 17.333,
  "LOF-14": 20.35264,
  "MOK-31": 22.71023,
  "MOK-32B": 22.64386,
  "MOK-33": 30.62443,
  "MOK-34A": 21.50168,
  "MOK-34B": 19.516239999999996,
  "MOK-35": 77.99216,
  "MOK-36": 31.054390000000005,
  "MOK-37": 72.90408,
  "MOK-38": 75.52629999999999,
  "MOK-39": 23.30733,
  "MOK-40": 72.7686,
  "MOK-41": 20.9696,
  "MOK-42": 23.702710000000003,
  "MOK-43": 19.033179999999998,
  "MOK-44": 20.327,
  "MOK-45": 32.27695,
  "MOK-46": 25.340800000000005,
  "NTK-01": 15.53897,
  "NTK-02": 23.3073,
  "NTK-03": 12.51065,
  "NTK-04": 27.575,
  "NTK-05": 18.335,
  "NTK-06": 74.01098,
  "NTK-07": 23.1103,
  "NTK-08": 27.28949,
  "NTK-09": 70.32046,
  "NTK-10": 24.106,
  "NTK-11": 70.0,
  "NTK-12": 16.736,
  "NTK-13": 21.921,
  "NTK-14": 20.714,
  "NTK-15": 21.13163000000001,
  "NTK-16": 146.35940000000002,
  "NTK-17": 320.7319700000001,
  "PRE-32A": 74.9047,
  "PRE-47": 82.14586,
  "SKM-01": 25.503,
  "SKM-02": 20.917,
  "SKM-03": 22.11262,
  "SKM-04": 21.716,
  "SKM-05": 21.912,
  "SKM-06": 22.108,
  "SKM-07": 21.917620000000007,
  "SKM-08": 27.292,
  "SKM-09": 17.727569999999996,
  "SKM-10": 71.71884999999999,
  "SKM-11": 22.08757,
  "SKM-12": 72.29648,
  "SKM-13": 75.464,
  "SKM-14": 23.5476,
  "SKM-15": 23.7099,
  "SKM-16": 20.322,
  "SKM-17": 18.529,
  "SKM-18": 24.70586,
  "SKM-19": 15.158520000000001,
  "SKM-20": 26.85244,
  "SKM-21": 15.288799999999998,
  "SKM-22A": 21.12386,
  "SKM-22B": 72.22715000000001,
  "SKM-22C": 73.2999,
  "TIK-7101": 40.44212,
  "TIK-7102": 21.814600000000002,
  "TIK-7103": 29.287,
  "TIK-7104": 20.718000000000004,
  "TIK-7105": 25.768210000000003,
  "TIK-7106": 31.667250000000003,
  "TIK-7107": 27.66911,
  "TIK-7108": 19.055500000000002,
  "TIK-7109A": 76.27178,
  "TIK-7109B": 72.2103,
  "TIK-7109C": 74.5032,
  "TIK-7110": 21.117780000000003,
  "TIK-7111": 21.515,
  "TIK-7112A": 126.9648,
  "TIK-7112B": 106.43365,
  "TIK-7112C": 107.41814000000001,
  "TIK-7113": 26.2859,
  "TIK-7114": 50.585210000000004,
  "TIK-7115": 17.530340000000002,
  "TIK-7116": 27.40000000000002,
  "TIK-7117": 23.103089999999998,
  "TIK-7118": 20.47852000000001,
  "TIK-7119": 266.92676000000006,
  "TIK-7120": 24.48957,
  "TIK-7122": 61.559,
  "TIK-7149": 19.713230000000003,
  "WHA-02": 25.059820000000006,
  "WHA-04": 26.49972,
  "WHA-06": 143.04500000000002,
  "WTS-01": 18.56581,
  "WTS-02": 22.115,
  "WTS-03": 25.103,
  "WTS-04": 23.60182,
  "WTS-05": 74.51462000000001,
  "WTS-06": 30.47438,
  "WTS-07": 23.708,
  "WTS-08": 73.91952,
  "WTS-09": 17.875,
  "WTS-10": 69.14424,
  "WTS-11": 16.98785,
  "WTS-12": 20.72,
  "WTS-14": 17.936,
  "YAT-7001": 31.682740000000003,
  "YAT-7002": 17.727999999999994,
  "YAT-7003A": 64.55452,
  "YAT-7003B": 64.37336,
  "YAT-7003C": 63.94007,
  "YAT-7003D": 63.581320000000005,
  "YAT-7004": 18.1354,
  "YAT-7005": 20.00154,
  "YAT-7006A": 71.5154,
  "YAT-7006B": 70.49470000000001,
  "YAT-7006C": 69.82528,
  "YAT-7007": 34.06511,
  "YAT-7008": 27.30524,
  "YAT-7009": 23.635410000000004,
  "YAT-7010": 26.99696,
  "YAT-7012": 31.46192,
  "YMT-31": 25.702000000000005,
  "YMT-32": 23.107329999999997,
  "YMT-33": 23.906,
  "YMT-34": 16.934,
  "YMT-35": 77.81466,
  "YMT-36": 22.65822,
  "YMT-37": 20.5269,
  "YMT-38": 25.877720000000004,
  "YMT-39": 20.721,
  "YMT-40": 80.32216,
  "YMT-41": 23.84064,
  "YMT-42": 21.107329999999997,
  "YMT-44": 23.509
}