{"CHH-01": 9.0, "CHH-02": 16.0, "CHH-03": 7.0, "CHH-04": 16.0, "CHH-05": 8.0, "CHH-06": 10.0, "CHH-07": 4.0, "CHH-08": 7.009999999999991, "CHH-09B": 11.0, "CHH-10": 75.13, "CHH-11": 97.9499999999997, "CHH-12": 10.029999999999973, "CHH-13A": 13.0, "CHH-14": 8.0, "CHH-15": 9.0, "CHH-16": 6.0, "CHH-17": 8.0, "CHH-18": 5.0, "CHH-19": 8.0, "CHH-20": 8.0, "CHH-21": 9.0, "CHH-22": 18.229999999999997, "CHH-23A": 18.0, "CHH-24": 3.96, "CHH-25": 235.24, "CHH-27": 16.65, "CHH-28": 587.7799999999999, "CHH-29": 10.780000000000001, "CHH-30": 146.07999999999996, "CHH-31": 14.89, "CHH-32": 26.0, "CHH-33": 28.78, "CHH-34": 15.73, "CHH-35": 13.489999999999995, "CHH-36": 13.91, "CHH-37": 231.42999999999998, "DIH-01": 16.0, "DIH-02": 11.0, "DIH-03": 18.1099999999999, "DIH-04": 10.980000000000018, "DIH-05": 90.54000000000002, "DIH-06": 18.0, "DIH-07": 10.0, "DIH-08": 14.0, "DIH-09": 14.0, "DIH-10": 76.63999999999987, "DIH-12": 12.0, "HOM-01": 351.0, "HOM-02": 23.0, "HOM-03": 162.43, "HOM-04": 16.0, "HOM-05": 14.700000000000045, "HOM-06": 21.0, "HOM-07": 7.0, "HOM-08": 31.120000000000005, "HOM-09": 9.0, "HOM-10": 13.0, "HOM-11": 138.26999999999992, "HOM-12": 117.80000000000041, "HOM-13": 8.0, "HOM-14": 9.0, "HOM-15": 16.0, "HOM-16": 5.0, "HOM-17": 25.0, "HOM-18": 6.0, "HOM-19": 23.159999999999968, "HOM-20": 46.5, "HOM-21": 26.069999999999993, "HOM-22": 6.0, "KOB-01": 8.0, "KOB-02": 12.0, "KOB-03": 12.0, "KOB-04": 13.0, "KOB-05": 20.079999999999984, "KOB-06": 15.0, "KOB-07": 20.079999999999984, "KOB-08": 15.0, "KOB-09": 93.43999999999971, "KOB-10": 77.0, "KOB-11": 15.0, "KOB-12": 13.0, "KOB-13": 11.0, "KOB-14": 11.0, "KOB-15": 10.0, "KOB-16": 14.0, "KOT-01": 8.0, "KOT-02": 10.0, "KOT-03": 8.0, "KOT-04": 10.0, "KOT-05": 14.0, "KOT-06": 9.019999999999982, "KOT-07": 15.059999999999945, "KOT-08": 13.0, "KOT-09": 88.15999999999997, "KOT-10": 102.0, "KOT-11": 16.0, "KOT-12": 14.0, "KOT-13": 10.019999999999982, "KOT-14": 9.0, "KOT-15": 8.0, "KOT-16": 10.0, "KWT-6001": 12.800000000000011, "KWT-6002": 17.67999999999995, "KWT-6003": 6.0, "KWT-6004": 8.829999999999984, "KWT-6005": 9.0, "KWT-6006": 8.0, "KWT-6007": 76.0, "KWT-6008": 90.10000000000014, "KWT-6009": 10.0, "KWT-6010": 15.0, "KWT-6011": 6.0, "KWT-6012": 17.0, "KWT-6013": 12.0, "KWT-6014": 61.250000000000114, "KWT-6015": 26.870000000000005, "KWT-6016": 16.24000000000001, "KWT-6042": 7.96, "KWT-6044": 253.58, "KWT-6046": 7.0, "LAT-6101": 17.67999999999995, "LAT-6102": 12.0, "LAT-6103": 22.0, "LAT-6104": 71.66999999999996, "LAT-6105": 77.88999999999999, "LAT-6106": 22.0, "LAT-6107": 21.0, "LAT-6108": 19.489999999999952, "LAT-6109": 38.879999999999995, "LAT-6110": 58.100000000000136, "LAT-6112": 37.860000000000014, "LOF-01": 8.019999999999982, "LOF-02": 9.0, "LOF-03": 9.009999999999991, "LOF-04": 10.0, "LOF-05": 11.019999999999982, "LOF-06": 14.0, "LOF-07": 15.0, "LOF-08": 15.0, "LOF-09": 71.08999999999997, "LOF-10": 69.05000000000001, "LOF-11": 14.009999999999991, "LOF-12": 15.0, "LOF-13": 11.0, "LOF-14": 10.019999999999982, "MOK-31": 18.069999999999993, "MOK-32B": 7.0, "MOK-33": 14.0, "MOK-34A": 9.0, "MOK-34B": 10.0, "MOK-35": 14.0, "MOK-36": 16.980000000000018, "MOK-37": 78.15999999999997, "MOK-38": 13.0, "MOK-39": 8.029999999999973, "MOK-40": 73.0, "MOK-41": 8.0, "MOK-42": 10.0, "MOK-43": 8.0, "MOK-44": 6.060000000000002, "MOK-45": 26.039999999999964, "MOK-46": 14.0, "NTK-01": 18.810000000000002, "NTK-02": 16.0, "NTK-03": 5.0, "NTK-04": 16.829999999999984, "NTK-05": 15.0, "NTK-06": 68.0, "NTK-07": 18.850000000000023, "NTK-08": 16.0, "NTK-09": 15.0, "NTK-10": 18.639999999999986, "NTK-11": 129.71999999999935, "NTK-12": 6.0, "NTK-13": 15.810000000000002, "NTK-14": 11.810000000000002, "NTK-15": 18.400000000000034, "NTK-16": 39.0, "NTK-17": 535.4099999999999, "PRE-32A": 71.39999999999992, "PRE-47": 91.08999999999997, "SKM-01": 13.0, "SKM-02": 9.0, "SKM-03": 11.0, "SKM-04": 10.0, "SKM-05": 12.0, "SKM-06": 10.0, "SKM-07": 12.0, "SKM-08": 10.029999999999973, "SKM-09": 8.0, "SKM-10": 13.0, "SKM-11": 8.0, "SKM-12": 72.10000000000002, "SKM-13": 83.88999999999947, "SKM-14": 9.0, "SKM-15": 14.0, "SKM-16": 6.990000000000009, "SKM-17": 11.0, "SKM-18": 16.99000000000001, "SKM-19": 8.0, "SKM-20": 19.940000000000055, "SKM-21": 9.0, "SKM-22A": 3.0, "SKM-22B": 5.0, "SKM-22C": 6.0, "TIK-7101": 42.870000000000005, "TIK-7102": 27.659999999999968, "TIK-7103": 31.0, "TIK-7104": 26.0, "TIK-7105": 20.899999999999977, "TIK-7106": 37.0, "TIK-7107": 22.699999999999932, "TIK-7108": 21.870000000000005, "TIK-7109A": 24.0, "TIK-7109B": 20.0, "TIK-7109C": 84.91999999999996, "TIK-7110": 19.0, "TIK-7111": 22.0, "TIK-7112A": 220.10000000000002, "TIK-7112B": 19.0, "TIK-7112C": 17.879999999999995, "TIK-7113": 70.36999999999978, "TIK-7114": 150.0, "TIK-7115": 11.360000000000014, "TIK-7116": 26.0, "TIK-7117": 14.649999999999991, "TIK-7118": 18.889999999999986, "TIK-7119": 299.62, "TIK-7120": 18.0, "TIK-7122": 132.63999999999965, "TIK-7149": 11.0, "WHA-02": 11.0, "WHA-04": 12.0, "WHA-06": 172.66, "WTS-01": 15.0, "WTS-02": 10.0, "WTS-03": 8.0, "WTS-04": 11.0, "WTS-05": 75.08999999999997, "WTS-06": 11.0, "WTS-07": 15.019999999999982, "WTS-08": 16.0, "WTS-09": 13.0, "WTS-10": 76.18, "WTS-11": 13.039999999999964, "WTS-12": 11.0, "WTS-14": 9.990000000000009, "YAT-7001": 33.0, "YAT-7002": 22.0, "YAT-7003A": 17.0, "YAT-7003B": 17.860000000000014, "YAT-7003C": 16.0, "YAT-7003D": 70.82, "YAT-7004": 20.850000000000023, "YAT-7005": 21.0, "YAT-7006A": 97.0, "YAT-7006B": 18.0, "YAT-7006C": 19.850000000000023, "YAT-7007": 44.0, "YAT-7008": 29.550000000000068, "YAT-7009": 27.839999999999975, "YAT-7010": 26.839999999999975, "YAT-7012": 33.0, "YMT-31": 17.279999999999973, "YMT-32": 16.0, "YMT-33": 6.0, "YMT-34": 4.0, "YMT-35": 82.07999999999998, "YMT-36": 7.0, "YMT-37": 7.0, "YMT-38": 6.0, "YMT-39": 8.0, "YMT-40": 79.0, "YMT-41": 11.0, "YMT-42": 9.0, "YMT-44": 14.0}