{
  "CHH-01": 21.71542,
  "CHH-02": 25.332919999999998,
  "CHH-03": 19.920070000000003,
  "CHH-04": 23.33546,
  "CHH-05": 20.51928,
  "CHH-06": 21.515,
  "CHH-07": 16.728279999999998,
  "CHH-08": 24.502,
  "CHH-09B": 30.483,
  "CHH-10": 78.05147,
  "CHH-11": 79.07036000000001,
  "CHH-12": 23.505,
  "CHH-13A": 24.92107,
  "CHH-14": 20.316,
  "CHH-15": 20.327360000000002,
  "CHH-16": 18.53065,
  "CHH-17": 19.715460000000004,
  "CHH-18": 18.59465,
  "CHH-19": 19.92698,
  "CHH-20": 21.15706,
  "CHH-21": 20.42313,
  "CHH-22": 26.934600000000003,
  "CHH-23A": 18.0,
  "CHH-24": 23.32204,
  "CHH-25": 236.45988,
  "CHH-27": 32.59505,
  "CHH-28": 485.3851400000002,
  "CHH-29": 27.900570000000002,
  "CHH-30": 50.34145000000013,
  "CHH-31": 32.132960000000004,
  "CHH-32": 40.313,
  "CHH-33": 45.862300000000005,
  "CHH-34": 27.037620000000004,
  "CHH-35": 35.969449999999995,
  "CHH-36": 24.97265,
  "CHH-37": 223.71862000000004,
  "DIH-01": 24.30007,
  "DIH-02": 27.508100000000002,
  "DIH-03": 72.20155,
  "DIH-04": 28.28772,
  "DIH-05": 72.72840000000002,
  "DIH-06": 39.45792,
  "DIH-07": 23.583750000000002,
  "DIH-08": 74.32514000000002,
  "DIH-09": 26.318040000000003,
  "DIH-10": 71.11955999999999,
  "DIH-12": 23.53765,
  "HOM-01": 348.29933,
  "HOM-02": 34.30023,
  "HOM-03": 167.85960000000006,
  "HOM-04": 28.494480000000003,
  "HOM-05": 29.07325,
  "HOM-06": 37.25398,
  "HOM-07": 26.299,
  "HOM-08": 53.37300000000001,
  "HOM-09": 119.03706000000003,
  "HOM-10": 83.96265000000001,
  "HOM-11": 121.78292000000002,
  "HOM-12": 85.83620000000003,
  "HOM-13": 24.136400000000002,
  "HOM-14": 25.478969999999997,
  "HOM-15": 30.03034,
  "HOM-16": 17.537240000000004,
  "HOM-17": 35.86377000000001,
  "HOM-18": 21.89103,
  "HOM-19": 35.56236,
  "HOM-20": 43.43999999999999,
  "HOM-21": 36.456,
  "HOM-22": 25.049699999999998,
  "KOB-01": 20.724,
  "KOB-02": 25.43566,
  "KOB-03": 24.27794,
  "KOB-04": 26.5,
  "KOB-05": 28.49038,
  "KOB-06": 30.09967,
  "KOB-07": 36.1194,
  "KOB-08": 79.71413000000001,
  "KOB-09": 82.12790000000001,
  "KOB-10": 77.73176000000001,
  "KOB-11": 25.703000000000007,
  "KOB-12": 25.701,
  "KOB-13": 20.52277,
  "KOB-14": 25.09896,
  "KOB-15": 19.404800000000005,
  "KOB-16": 25.902959999999997,
  "KOT-01": 16.13528,
  "KOT-02": 20.84624,
  "KOT-03": 17.10648000000001,
  "KOT-04": 20.52314,
  "KOT-05": 18.189739999999997,
  "KOT-06": 26.510199999999998,
  "KOT-07": 25.31004,
  "KOT-08": 88.44936,
  "KOT-09": 85.87768,
  "KOT-10": 87.67231000000001,
  "KOT-11": 24.70928,
  "KOT-12": 25.28986,
  "KOT-13": 17.929000000000006,
  "KOT-14": 21.116,
  "KOT-15": 16.47028,
  "KOT-16": 21.116,
  "KWT-6001": 25.972360000000002,
  "KWT-6002": 29.085,
  "KWT-6003": 23.54769,
  "KWT-6004": 23.48236,
  "KWT-6005": 29.42686,
  "KWT-6006": 24.841,
  "KWT-6007": 83.35589999999999,
  "KWT-6008": 84.06952,
  "KWT-6009": 24.301,
  "KWT-6010": 34.75533,
  "KWT-6011": 21.54393,
  "KWT-6012": 31.90004,
  "KWT-6013": 26.85196000000001,
  "KWT-6014": 31.086679999999998,
  "KWT-6015": 29.63725,
  "KWT-6016": 30.473580000000005,
  "KWT-6042": 55.29968000000001,
  "KWT-6044": 322.54194000000007,
  "KWT-6046": 41.04265,
  "LAT-6101": 19.31911,
  "LAT-6102": 22.31018,
  "LAT-6103": 31.838410000000003,
  "LAT-6104": 71.49839999999999,
  "LAT-6105": 77.35478,
  "LAT-6106": 73.70429999999999,
  "LAT-6107": 23.31583,
  "LAT-6108": 33.465830000000004,
  "LAT-6109": 35.447250000000004,
  "LAT-6110": 43.431940000000004,
  "LAT-6112": 43.42215999999999,
  "LOF-01": 16.93342,
  "LOF-02": 19.723,
  "LOF-03": 18.13954,
  "LOF-04": 24.159789999999997,
  "LOF-05": 25.49642,
  "LOF-06": 34.26872,
  "LOF-07": 72.90724,
  "LOF-08": 76.28483999999999,
  "LOF-09": 70.92027,
  "LOF-10": 72.69656,
  "LOF-11": 20.91428,
  "LOF-12": 26.097070000000002,
  "LOF-13": 19.122,
  "LOF-14": 21.512,
  "MOK-31": 24.235400000000002,
  "MOK-32B": 23.107,
  "MOK-33": 32.46914,
  "MOK-34A": 21.911,
  "MOK-34B": 19.922719999999998,
  "MOK-35": 86.17187000000001,
  "MOK-36": 31.71067,
  "MOK-37": 80.43191999999999,
  "MOK-38": 80.05829999999999,
  "MOK-39": 23.809720000000002,
  "MOK-40": 76.9715,
  "MOK-41": 21.7124,
  "MOK-42": 24.16552,
  "MOK-43": 19.7147,
  "MOK-44": 21.051299999999998,
  "MOK-45": 33.42115,
  "MOK-46": 25.897840000000002,
  "NTK-01": 19.406540000000017,
  "NTK-02": 23.712000000000003,
  "NTK-03": 15.772300000000001,
  "NTK-04": 28.089,
  "NTK-05": 23.106280000000005,
  "NTK-06": 76.2959,
  "NTK-07": 26.6948,
  "NTK-08": 27.893909999999998,
  "NTK-09": 73.3228,
  "NTK-10": 24.901,
  "NTK-11": 73.24428,
  "NTK-12": 17.333679999999998,
  "NTK-13": 23.32005,
  "NTK-14": 21.31727,
  "NTK-15": 23.517429999999997,
  "NTK-16": 174.61560000000003,
  "NTK-17": 400.29937000000007,
  "PRE-32A": 78.89015,
  "PRE-47": 91.05599999999998,
  "SKM-01": 26.087,
  "SKM-02": 21.281620000000004,
  "SKM-03": 22.67732,
  "SKM-04": 22.11542,
  "SKM-05": 22.312,
  "SKM-06": 22.50252,
  "SKM-07": 22.996380000000002,
  "SKM-08": 27.886,
  "SKM-09": 19.40889,
  "SKM-10": 76.16575,
  "SKM-11": 23.785500000000013,
  "SKM-12": 76.06663999999999,
  "SKM-13": 79.9796,
  "SKM-14": 24.49616,
  "SKM-15": 24.105,
  "SKM-16": 21.075340000000008,
  "SKM-17": 18.9227,
  "SKM-18": 25.521320000000003,
  "SKM-19": 15.54356,
  "SKM-20": 28.28144,
  "SKM-21": 15.737279999999998,
  "SKM-22A": 21.917,
  "SKM-22B": 76.68345000000001,
  "SKM-22C": 77.55439999999999,
  "TIK-7101": 42.00216,
  "TIK-7102": 24.614950000000015,
  "TIK-7103": 32.48122,
  "TIK-7104": 23.51166,
  "TIK-7105": 29.093899999999998,
  "TIK-7106": 34.0,
  "TIK-7107": 30.481590000000004,
  "TIK-7108": 20.52,
  "TIK-7109A": 83.32435,
  "TIK-7109B": 79.30332,
  "TIK-7109C": 80.70390000000003,
  "TIK-7110": 22.31534,
  "TIK-7111": 23.11484,
  "TIK-7112A": 181.81536000000003,
  "TIK-7112B": 163.6117700000001,
  "TIK-7112C": 166.02372,
  "TIK-7113": 28.48069,
  "TIK-7114": 108.00073000000008,
  "TIK-7115": 19.46408,
  "TIK-7116": 77.04387000000006,
  "TIK-7117": 25.35957,
  "TIK-7118": 28.69,
  "TIK-7119": 293.38056,
  "TIK-7120": 26.298109999999998,
  "TIK-7122": 63.35,
  "TIK-7149": 21.11938,
  "WHA-02": 37.94961,
  "WHA-04": 30.49228,
  "WHA-06": 162.40799999999996,
  "WTS-01": 19.69247000000001,
  "WTS-02": 22.513,
  "WTS-03": 25.70107,
  "WTS-04": 24.299860000000002,
  "WTS-05": 77.89626,
  "WTS-06": 31.279,
  "WTS-07": 26.08336,
  "WTS-08": 77.88758000000001,
  "WTS-09": 21.762,
  "WTS-10": 73.70664,
  "WTS-11": 20.320140000000002,
  "WTS-12": 21.12,
  "WTS-14": 18.515649999999997,
  "YAT-7001": 33.66444,
  "YAT-7002": 19.1269,
  "YAT-7003A": 68.33446,
  "YAT-7003B": 68.03859000000001,
  "YAT-7003C": 67.42468000000002,
  "YAT-7003D": 67.00616000000001,
  "YAT-7004": 19.3279,
  "YAT-7005": 21.316,
  "YAT-7006A": 82.14592000000002,
  "YAT-7006B": 79.10973999999999,
  "YAT-7006C": 80.78402000000008,
  "YAT-7007": 35.46183,
  "YAT-7008": 29.614100000000004,
  "YAT-7009": 24.78132,
  "YAT-7010": 29.287,
  "YAT-7012": 34.59354000000001,
  "YMT-31": 26.099980000000002,
  "YMT-32": 23.58333,
  "YMT-33": 24.299,
  "YMT-34": 17.531,
  "YMT-35": 84.40190000000001,
  "YMT-36": 23.13866,
  "YMT-37": 20.721,
  "YMT-38": 26.49326,
  "YMT-39": 21.1339,
  "YMT-40": 85.41628,
  "YMT-41": 24.306,
  "YMT-42": 21.50694,
  "YMT-44": 23.72326
}