{"CHH-01": 18.13296, "CHH-02": 24.92028, "CHH-03": 16.93316, "CHH-04": 22.95024, "CHH-05": 18.15264, "CHH-06": 21.09568, "CHH-07": 15.145319999999998, "CHH-08": 23.910800000000002, "CHH-09B": 29.65316, "CHH-10": 75.11228, "CHH-11": 75.05876, "CHH-12": 23.20672, "CHH-13A": 24.594, "CHH-14": 20.11864, "CHH-15": 20.07352, "CHH-16": 18.2422, "CHH-17": 19.328239999999997, "CHH-18": 18.3272, "CHH-19": 19.541400000000003, "CHH-20": 20.91488, "CHH-21": 20.10644, "CHH-22": 22.391999999999996, "CHH-23A": 18.0, "CHH-24": 22.275599999999997, "CHH-25": 230.81900000000002, "CHH-27": 29.904, "CHH-28": 327.54528000000005, "CHH-29": 26.024880000000003, "CHH-30": 30.6794, "CHH-31": 30.942, "CHH-32": 37.64788, "CHH-33": 42.69976000000001, "CHH-34": 24.72008, "CHH-35": 29.5012, "CHH-36": 24.12916, "CHH-37": 199.08288, "DIH-01": 23.11, "DIH-02": 27.0962, "DIH-03": 69.1368, "DIH-04": 27.810319999999997, "DIH-05": 69.86652000000001, "DIH-06": 38.8572, "DIH-07": 21.7904, "DIH-08": 71.326, "DIH-09": 21.71792, "DIH-10": 67.66752, "DIH-12": 23.307, "HOM-01": 344.82704, "HOM-02": 33.873000000000005, "HOM-03": 162.00728, "HOM-04": 28.093000000000004, "HOM-05": 26.49836, "HOM-06": 36.45624, "HOM-07": 25.80552, "HOM-08": 52.381800000000005, "HOM-09": 101.60844, "HOM-10": 77.909, "HOM-11": 108.20163999999998, "HOM-12": 78.71400000000001, "HOM-13": 23.906, "HOM-14": 24.66076, "HOM-15": 29.57148, "HOM-16": 17.33052, "HOM-17": 35.47176, "HOM-18": 21.27452, "HOM-19": 34.87356, "HOM-20": 34.024, "HOM-21": 35.94024, "HOM-22": 23.507520000000007, "KOB-01": 20.12, "KOB-02": 24.903, "KOB-03": 21.12644, "KOB-04": 25.903, "KOB-05": 24.061480000000003, "KOB-06": 29.75596, "KOB-07": 31.882, "KOB-08": 76.09096000000002, "KOB-09": 78.16244, "KOB-10": 74.31684, "KOB-11": 25.493, "KOB-12": 25.09564, "KOB-13": 20.10604, "KOB-14": 24.40112, "KOB-15": 17.73492, "KOB-16": 25.50548, "KOT-01": 15.116159999999999, "KOT-02": 20.318, "KOT-03": 15.737, "KOT-04": 19.924, "KOT-05": 17.1068, "KOT-06": 25.69396000000001, "KOT-07": 24.85996, "KOT-08": 82.38651999999999, "KOT-09": 81.46936, "KOT-10": 82.27823999999998, "KOT-11": 24.54564, "KOT-12": 24.910040000000002, "KOT-13": 17.535999999999998, "KOT-14": 20.874, "KOT-15": 16.13216, "KOT-16": 20.726, "KWT-6001": 24.492440000000002, "KWT-6002": 28.683040000000005, "KWT-6003": 21.71532, "KWT-6004": 23.101879999999998, "KWT-6005": 27.88508, "KWT-6006": 24.423920000000003, "KWT-6007": 79.84056000000001, "KWT-6008": 80.02080000000001, "KWT-6009": 23.578879999999998, "KWT-6010": 34.265080000000005, "KWT-6011": 20.31736, "KWT-6012": 31.473520000000004, "KWT-6013": 24.867039999999992, "KWT-6014": 30.34616, "KWT-6015": 28.0, "KWT-6016": 29.889519999999997, "KWT-6042": 47.534639999999996, "KWT-6044": 283.12812, "KWT-6046": 37.74819999999999, "LAT-6101": 16.858719999999995, "LAT-6102": 21.113000000000003, "LAT-6103": 30.084, "LAT-6104": 68.3274, "LAT-6105": 74.76188, "LAT-6106": 70.49683999999999, "LAT-6107": 22.328400000000006, "LAT-6108": 30.84112, "LAT-6109": 34.256, "LAT-6110": 41.0826, "LAT-6112": 41.29608, "LOF-01": 16.192839999999997, "LOF-02": 18.927, "LOF-03": 17.13728, "LOF-04": 22.27336, "LOF-05": 24.899, "LOF-06": 32.0288, "LOF-07": 70.73024000000001, "LOF-08": 74.30275999999999, "LOF-09": 69.00439999999999, "LOF-10": 70.37368000000001, "LOF-11": 19.8796, "LOF-12": 25.502, "LOF-13": 17.494, "LOF-14": 20.92, "MOK-31": 22.91344, "MOK-32B": 22.71, "MOK-33": 30.89716, "MOK-34A": 21.516, "MOK-34B": 19.53044, "MOK-35": 79.50228, "MOK-36": 31.32732, "MOK-37": 74.02148, "MOK-38": 76.4814, "MOK-39": 23.498000000000005, "MOK-40": 73.5724, "MOK-41": 21.1186, "MOK-42": 23.87996, "MOK-43": 19.127, "MOK-44": 20.52508, "MOK-45": 32.466, "MOK-46": 25.503840000000004, "NTK-01": 15.93408, "NTK-02": 23.4842, "NTK-03": 12.807599999999997, "NTK-04": 27.691000000000003, "NTK-05": 19.131879999999992, "NTK-06": 74.31635999999999, "NTK-07": 23.313, "NTK-08": 27.486000000000004, "NTK-09": 70.87544, "NTK-10": 24.308000000000003, "NTK-11": 70.53436, "NTK-12": 16.932000000000002, "NTK-13": 22.14, "NTK-14": 20.85104, "NTK-15": 22.152079999999994, "NTK-16": 147.88080000000002, "NTK-17": 329.40587999999997, "PRE-32A": 75.8902, "PRE-47": 84.05472000000002, "SKM-01": 25.693, "SKM-02": 20.948800000000002, "SKM-03": 22.194559999999996, "SKM-04": 21.907, "SKM-05": 22.105, "SKM-06": 22.113000000000003, "SKM-07": 22.11168, "SKM-08": 27.4858, "SKM-09": 17.737480000000005, "SKM-10": 72.51799999999997, "SKM-11": 22.114, "SKM-12": 72.9106, "SKM-13": 76.09899999999998, "SKM-14": 23.732599999999998, "SKM-15": 23.8838, "SKM-16": 20.52268, "SKM-17": 18.666400000000003, "SKM-18": 24.904, "SKM-19": 15.333639999999999, "SKM-20": 27.289800000000003, "SKM-21": 15.340999999999998, "SKM-22A": 21.507360000000006, "SKM-22B": 73.45179999999999, "SKM-22C": 74.31139999999999, "TIK-7101": 40.73828, "TIK-7102": 22.3124, "TIK-7103": 29.962519999999998, "TIK-7104": 21.1222, "TIK-7105": 26.500999999999998, "TIK-7106": 32.01, "TIK-7107": 28.289, "TIK-7108": 19.405, "TIK-7109A": 77.46540000000003, "TIK-7109B": 73.41588, "TIK-7109C": 75.717, "TIK-7110": 21.4998, "TIK-7111": 21.713, "TIK-7112A": 134.22512, "TIK-7112B": 113.20139999999999, "TIK-7112C": 111.95456000000001, "TIK-7113": 26.69400000000001, "TIK-7114": 61.56496, "TIK-7115": 18.110439999999997, "TIK-7116": 32.67496, "TIK-7117": 23.7684, "TIK-7118": 23.201240000000006, "TIK-7119": 274.95584, "TIK-7120": 24.89136, "TIK-7122": 61.75899999999999, "TIK-7149": 19.92344, "WHA-02": 25.69528, "WHA-04": 27.295, "WHA-06": 148.684, "WTS-01": 18.726, "WTS-02": 22.127, "WTS-03": 25.297159999999998, "WTS-04": 23.70568, "WTS-05": 75.07432000000001, "WTS-06": 30.65464, "WTS-07": 23.89228, "WTS-08": 74.52175999999999, "WTS-09": 17.932000000000006, "WTS-10": 69.91068, "WTS-11": 17.13416, "WTS-12": 20.90296, "WTS-14": 18.12584, "YAT-7001": 32.24492, "YAT-7002": 18.3234, "YAT-7003A": 65.30524, "YAT-7003B": 64.93284, "YAT-7003C": 64.35328, "YAT-7003D": 64.34407999999999, "YAT-7004": 18.3356, "YAT-7005": 20.31604, "YAT-7006A": 74.0, "YAT-7006B": 72.32292, "YAT-7006C": 71.51983999999999, "YAT-7007": 34.4532, "YAT-7008": 27.69108, "YAT-7009": 24.0, "YAT-7010": 27.4458, "YAT-7012": 32.20392, "YMT-31": 25.813560000000003, "YMT-32": 23.118119999999998, "YMT-33": 23.95452, "YMT-34": 17.11656, "YMT-35": 78.51411999999999, "YMT-36": 22.714, "YMT-37": 20.572, "YMT-38": 26.003319999999995, "YMT-39": 20.8944, "YMT-40": 81.35819999999998, "YMT-41": 23.910239999999998, "YMT-42": 21.118119999999998, "YMT-44": 23.61988}