{"CHH-01": 17.532, "CHH-02": 24.51796, "CHH-03": 16.337, "CHH-04": 22.69428000000001, "CHH-05": 17.723, "CHH-06": 20.72076, "CHH-07": 14.74548, "CHH-08": 23.705, "CHH-09B": 29.08732, "CHH-10": 73.90196000000002, "CHH-11": 73.64027999999999, "CHH-12": 23.10644, "CHH-13A": 24.300240000000002, "CHH-14": 19.923, "CHH-15": 19.719759999999997, "CHH-16": 18.1186, "CHH-17": 18.925, "CHH-18": 18.1268, "CHH-19": 19.22772, "CHH-20": 20.52432, "CHH-21": 19.72, "CHH-22": 20.0016, "CHH-23A": 16.72, "CHH-24": 21.64752, "CHH-25": 217.31984, "CHH-27": 27.453000000000003, "CHH-28": 262.53031999999996, "CHH-29": 25.20516, "CHH-30": 29.0894, "CHH-31": 29.341160000000002, "CHH-32": 36.33972, "CHH-33": 40.26608, "CHH-34": 23.47552, "CHH-35": 24.743000000000002, "CHH-36": 22.126759999999997, "CHH-37": 184.90112, "DIH-01": 22.54772, "DIH-02": 26.5124, "DIH-03": 67.7204, "DIH-04": 27.09404, "DIH-05": 68.2946, "DIH-06": 37.65168, "DIH-07": 21.517000000000003, "DIH-08": 70.14636, "DIH-09": 21.306679999999997, "DIH-10": 66.53884000000001, "DIH-12": 23.107999999999997, "HOM-01": 341.74056, "HOM-02": 33.5368, "HOM-03": 158.41056, "HOM-04": 27.55888, "HOM-05": 26.03892, "HOM-06": 35.062, "HOM-07": 25.505, "HOM-08": 50.80524, "HOM-09": 71.31564, "HOM-10": 73.8288, "HOM-11": 101.0, "HOM-12": 74.13260000000002, "HOM-13": 23.5818, "HOM-14": 23.11264, "HOM-15": 29.093000000000004, "HOM-16": 16.930999999999994, "HOM-17": 35.065, "HOM-18": 20.304319999999997, "HOM-19": 34.436040000000006, "HOM-20": 31.600000000000023, "HOM-21": 35.48308, "HOM-22": 22.30984, "KOB-01": 19.749280000000002, "KOB-02": 24.30352, "KOB-03": 20.118, "KOB-04": 25.30496, "KOB-05": 20.965040000000002, "KOB-06": 29.489, "KOB-07": 30.105919999999998, "KOB-08": 74.25816, "KOB-09": 76.31796, "KOB-10": 72.31084, "KOB-11": 25.296, "KOB-12": 24.46852, "KOB-13": 19.72064, "KOB-14": 23.9056, "KOB-15": 17.5228, "KOB-16": 25.10416, "KOT-01": 14.742, "KOT-02": 17.5362, "KOT-03": 15.337999999999997, "KOT-04": 17.667279999999998, "KOT-05": 16.535, "KOT-06": 25.102, "KOT-07": 24.301959999999998, "KOT-08": 78.88788000000001, "KOT-09": 78.87715999999999, "KOT-10": 79.0, "KOT-11": 24.49496, "KOT-12": 24.698, "KOT-13": 17.337, "KOT-14": 20.539, "KOT-15": 15.91872, "KOT-16": 20.522, "KWT-6001": 22.006359999999994, "KWT-6002": 28.28712, "KWT-6003": 19.72132, "KWT-6004": 22.517, "KWT-6005": 26.090919999999997, "KWT-6006": 23.909, "KWT-6007": 78.10488000000001, "KWT-6008": 78.68728, "KWT-6009": 23.304, "KWT-6010": 34.06212, "KWT-6011": 19.7286, "KWT-6012": 31.08428, "KWT-6013": 23.30052, "KWT-6014": 30.021680000000003, "KWT-6015": 25.099, "KWT-6016": 29.49256, "KWT-6042": 43.93776, "KWT-6044": 275.06468, "KWT-6046": 34.8198, "LAT-6101": 15.73656, "LAT-6102": 20.29384, "LAT-6103": 29.085559999999997, "LAT-6104": 66.3396, "LAT-6105": 73.11343999999998, "LAT-6106": 68.8698, "LAT-6107": 21.715, "LAT-6108": 29.308000000000007, "LAT-6109": 33.276, "LAT-6110": 36.672439999999995, "LAT-6112": 40.23328, "LOF-01": 15.937240000000001, "LOF-02": 18.518, "LOF-03": 16.73048, "LOF-04": 21.508560000000003, "LOF-05": 24.511, "LOF-06": 30.67852, "LOF-07": 69.50908, "LOF-08": 72.702, "LOF-09": 67.68232, "LOF-10": 69.51100000000001, "LOF-11": 19.70872, "LOF-12": 21.346400000000003, "LOF-13": 17.198, "LOF-14": 17.73, "MOK-31": 22.311, "MOK-32B": 22.426119999999997, "MOK-33": 30.212160000000004, "MOK-34A": 21.314, "MOK-34B": 19.32108, "MOK-35": 75.68768, "MOK-36": 30.479, "MOK-37": 70.31688, "MOK-38": 74.6562, "MOK-39": 22.969880000000003, "MOK-40": 71.911, "MOK-41": 20.714399999999998, "MOK-42": 23.423959999999997, "MOK-43": 18.70476, "MOK-44": 20.123000000000005, "MOK-45": 32.126, "MOK-46": 25.01188, "NTK-01": 15.143, "NTK-02": 23.1098, "NTK-03": 12.0168, "NTK-04": 27.48332, "NTK-05": 17.737000000000005, "NTK-06": 73.26219999999999, "NTK-07": 22.714, "NTK-08": 27.07912, "NTK-09": 69.71232, "NTK-10": 23.709, "NTK-11": 69.31515999999999, "NTK-12": 16.535999999999998, "NTK-13": 21.71464, "NTK-14": 20.32564, "NTK-15": 20.12716, "NTK-16": 145.0206, "NTK-17": 269.15876000000003, "PRE-32A": 73.67219999999999, "PRE-47": 80.0, "SKM-01": 25.299, "SKM-02": 20.72300000000001, "SKM-03": 21.71856, "SKM-04": 21.522, "SKM-05": 21.56, "SKM-06": 21.914, "SKM-07": 21.692080000000004, "SKM-08": 27.095399999999998, "SKM-09": 17.52672, "SKM-10": 70.932, "SKM-11": 21.91272, "SKM-12": 71.55088, "SKM-13": 74.70299999999999, "SKM-14": 23.143999999999995, "SKM-15": 23.6074, "SKM-16": 19.9384, "SKM-17": 18.430999999999997, "SKM-18": 24.49528, "SKM-19": 15.14, "SKM-20": 26.491, "SKM-21": 15.140999999999998, "SKM-22A": 20.316, "SKM-22B": 70.94700000000002, "SKM-22C": 72.0846, "TIK-7101": 39.62636, "TIK-7102": 20.5198, "TIK-7103": 27.685760000000002, "TIK-7104": 19.98988, "TIK-7105": 23.96004, "TIK-7106": 30.88, "TIK-7107": 25.795, "TIK-7108": 18.44400000000001, "TIK-7109A": 74.33232000000001, "TIK-7109B": 70.30476, "TIK-7109C": 72.7146, "TIK-7110": 20.32844, "TIK-7111": 21.113000000000003, "TIK-7112A": 116.50139999999999, "TIK-7112B": 98.99864, "TIK-7112C": 99.96520000000001, "TIK-7113": 25.50044, "TIK-7114": 41.0, "TIK-7115": 16.93228, "TIK-7116": 23.90688, "TIK-7117": 22.224800000000002, "TIK-7118": 19.2342, "TIK-7119": 263.07856000000004, "TIK-7120": 23.700560000000003, "TIK-7122": 60.966, "TIK-7149": 19.31608, "WHA-02": 23.90224, "WHA-04": 25.9, "WHA-06": 138.64, "WTS-01": 18.525, "WTS-02": 22.106, "WTS-03": 24.90548, "WTS-04": 23.4956, "WTS-05": 73.70223999999999, "WTS-06": 30.27144, "WTS-07": 23.542399999999997, "WTS-08": 73.01512, "WTS-09": 17.727, "WTS-10": 68.14880000000001, "WTS-11": 16.929000000000002, "WTS-12": 20.52748, "WTS-14": 17.733760000000004, "YAT-7001": 31.2676, "YAT-7002": 17.1294, "YAT-7003A": 63.552879999999995, "YAT-7003B": 63.34496, "YAT-7003C": 62.581720000000004, "YAT-7003D": 62.72968, "YAT-7004": 17.5288, "YAT-7005": 19.52112, "YAT-7006A": 69.329, "YAT-7006B": 67.73436, "YAT-7006C": 67.5408, "YAT-7007": 33.47, "YAT-7008": 26.693120000000008, "YAT-7009": 23.00692, "YAT-7010": 26.276760000000003, "YAT-7012": 30.296600000000005, "YMT-31": 25.69036, "YMT-32": 22.90468, "YMT-33": 23.708999999999996, "YMT-34": 16.81752, "YMT-35": 76.47679999999998, "YMT-36": 22.507, "YMT-37": 20.518, "YMT-38": 25.503320000000002, "YMT-39": 20.711799999999997, "YMT-40": 78.48244, "YMT-41": 23.30772, "YMT-42": 20.917, "YMT-44": 23.50116}