{"CHH-01": 20.31920000000001, "CHH-02": 25.293000000000006, "CHH-03": 18.910400000000003, "CHH-04": 23.302, "CHH-05": 19.760600000000007, "CHH-06": 21.316, "CHH-07": 16.1346, "CHH-08": 24.2975, "CHH-09B": 30.026400000000013, "CHH-10": 76.58760000000001, "CHH-11": 76.84, "CHH-12": 23.3126, "CHH-13A": 24.8874, "CHH-14": 20.1588, "CHH-15": 20.2464, "CHH-16": 18.430999999999997, "CHH-17": 19.527, "CHH-18": 18.527, "CHH-19": 19.9174, "CHH-20": 21.117, "CHH-21": 20.308600000000002, "CHH-22": 25.5, "CHH-23A": 18.0, "CHH-24": 22.7302, "CHH-25": 234.2994, "CHH-27": 32.0195, "CHH-28": 374.37000000000006, "CHH-29": 27.1533, "CHH-30": 33.07, "CHH-31": 31.744400000000002, "CHH-32": 39.059000000000005, "CHH-33": 42.8317, "CHH-34": 25.221600000000002, "CHH-35": 33.264, "CHH-36": 24.405500000000004, "CHH-37": 204.23260000000005, "DIH-01": 23.515700000000002, "DIH-02": 27.4785, "DIH-03": 70.741, "DIH-04": 28.092, "DIH-05": 71.61179999999999, "DIH-06": 39.2864, "DIH-07": 22.440000000000005, "DIH-08": 73.0924, "DIH-09": 23.9092, "DIH-10": 69.5208, "DIH-12": 23.506999999999998, "HOM-01": 347.1419, "HOM-02": 34.178700000000006, "HOM-03": 165.05739999999994, "HOM-04": 28.2986, "HOM-05": 28.6806, "HOM-06": 37.0508, "HOM-07": 26.088, "HOM-08": 52.99900000000001, "HOM-09": 113.46890000000005, "HOM-10": 82.4785, "HOM-11": 118.10889999999999, "HOM-12": 82.463, "HOM-13": 24.104, "HOM-14": 25.090000000000003, "HOM-15": 29.881, "HOM-16": 17.5292, "HOM-17": 35.741, "HOM-18": 21.519, "HOM-19": 35.360000000000014, "HOM-20": 39.931, "HOM-21": 36.407799999999995, "HOM-22": 24.102400000000003, "KOB-01": 20.323700000000002, "KOB-02": 25.2943, "KOB-03": 23.5012, "KOB-04": 26.294700000000002, "KOB-05": 27.6788, "KOB-06": 30.078400000000002, "KOB-07": 35.0638, "KOB-08": 78.31840000000001, "KOB-09": 80.28580000000001, "KOB-10": 76.291, "KOB-11": 25.69400000000001, "KOB-12": 25.504, "KOB-13": 20.32, "KOB-14": 24.897600000000004, "KOB-15": 18.462600000000005, "KOB-16": 25.7072, "KOT-01": 15.343, "KOT-02": 20.7123, "KOT-03": 16.1406, "KOT-04": 20.31910000000001, "KOT-05": 17.3382, "KOT-06": 26.293400000000002, "KOT-07": 25.1084, "KOT-08": 86.0694, "KOT-09": 83.83019999999999, "KOT-10": 85.47950000000002, "KOT-11": 24.703000000000007, "KOT-12": 25.105800000000002, "KOT-13": 17.7323, "KOT-14": 20.942, "KOT-15": 16.330199999999998, "KOT-16": 20.98500000000001, "KWT-6001": 25.5019, "KWT-6002": 28.887, "KWT-6003": 23.104, "KWT-6004": 23.3046, "KWT-6005": 28.8822, "KWT-6006": 24.703000000000007, "KWT-6007": 82.0748, "KWT-6008": 82.3126, "KWT-6009": 23.946199999999997, "KWT-6010": 34.4673, "KWT-6011": 21.3106, "KWT-6012": 31.8652, "KWT-6013": 26.3074, "KWT-6014": 30.682, "KWT-6015": 29.0855, "KWT-6016": 30.278, "KWT-6042": 51.42139999999999, "KWT-6044": 307.02419999999995, "KWT-6046": 39.9445, "LAT-6101": 18.351200000000002, "LAT-6102": 21.7198, "LAT-6103": 31.2789, "LAT-6104": 70.128, "LAT-6105": 76.2044, "LAT-6106": 72.4986, "LAT-6107": 22.9119, "LAT-6108": 32.6669, "LAT-6109": 34.863, "LAT-6110": 42.6417, "LAT-6112": 42.6104, "LOF-01": 16.5393, "LOF-02": 19.522, "LOF-03": 17.623800000000003, "LOF-04": 23.71, "LOF-05": 25.187400000000004, "LOF-06": 33.961600000000004, "LOF-07": 71.96240000000002, "LOF-08": 75.498, "LOF-09": 70.2829, "LOF-10": 71.7207, "LOF-11": 20.2173, "LOF-12": 25.900199999999998, "LOF-13": 17.929000000000006, "LOF-14": 21.3054, "MOK-31": 23.9037, "MOK-32B": 22.909, "MOK-33": 32.074, "MOK-34A": 21.717, "MOK-34B": 19.7958, "MOK-35": 83.41920000000002, "MOK-36": 31.6717, "MOK-37": 78.218, "MOK-38": 78.8665, "MOK-39": 23.706400000000002, "MOK-40": 75.71600000000002, "MOK-41": 21.512, "MOK-42": 24.104, "MOK-43": 19.5084, "MOK-44": 20.783400000000007, "MOK-45": 32.938500000000005, "MOK-46": 25.701, "NTK-01": 17.726300000000002, "NTK-02": 23.702, "NTK-03": 14.1485, "NTK-04": 27.89, "NTK-05": 21.1169, "NTK-06": 75.20479999999999, "NTK-07": 24.902, "NTK-08": 27.6951, "NTK-09": 72.3082, "NTK-10": 24.6978, "NTK-11": 71.9872, "NTK-12": 17.137, "NTK-13": 22.909200000000002, "NTK-14": 21.1191, "NTK-15": 22.919400000000003, "NTK-16": 164.775, "NTK-17": 389.8, "PRE-32A": 77.48349999999999, "PRE-47": 88.21890000000002, "SKM-01": 25.894, "SKM-02": 21.121, "SKM-03": 22.5118, "SKM-04": 22.0962, "SKM-05": 22.122, "SKM-06": 22.31, "SKM-07": 22.3202, "SKM-08": 27.692, "SKM-09": 18.3256, "SKM-10": 74.801, "SKM-11": 22.5218, "SKM-12": 74.66040000000001, "SKM-13": 78.255, "SKM-14": 24.175, "SKM-15": 23.915, "SKM-16": 20.9128, "SKM-17": 18.729, "SKM-18": 25.304, "SKM-19": 15.369599999999998, "SKM-20": 27.895200000000003, "SKM-21": 15.541, "SKM-22A": 21.7452, "SKM-22B": 75.10350000000001, "SKM-22C": 76.30349999999999, "TIK-7101": 41.6306, "TIK-7102": 23.905, "TIK-7103": 31.7982, "TIK-7104": 22.378900000000005, "TIK-7105": 28.399100000000004, "TIK-7106": 33.262, "TIK-7107": 29.6888, "TIK-7108": 20.1175, "TIK-7109A": 80.6712, "TIK-7109B": 76.70519999999999, "TIK-7109C": 79.0, "TIK-7110": 22.115, "TIK-7111": 22.5188, "TIK-7112A": 166.22839999999997, "TIK-7112B": 132.78890000000007, "TIK-7112C": 134.7226, "TIK-7113": 27.8707, "TIK-7114": 89.39689999999999, "TIK-7115": 18.738400000000002, "TIK-7116": 56.3684, "TIK-7117": 24.549900000000004, "TIK-7118": 27.4954, "TIK-7119": 282.3834, "TIK-7120": 25.7013, "TIK-7122": 62.728, "TIK-7149": 20.5512, "WHA-02": 32.73740000000001, "WHA-04": 30.2804, "WHA-06": 154.76000000000002, "WTS-01": 18.9259, "WTS-02": 22.318, "WTS-03": 25.5412, "WTS-04": 23.916800000000002, "WTS-05": 76.52420000000002, "WTS-06": 31.067999999999998, "WTS-07": 24.302599999999998, "WTS-08": 76.49499999999998, "WTS-09": 19.138, "WTS-10": 71.90899999999999, "WTS-11": 18.555200000000003, "WTS-12": 21.0971, "WTS-14": 18.3258, "YAT-7001": 32.8686, "YAT-7002": 18.726, "YAT-7003A": 67.13640000000001, "YAT-7003B": 66.939, "YAT-7003C": 66.1203, "YAT-7003D": 65.94640000000001, "YAT-7004": 19.0, "YAT-7005": 20.72290000000001, "YAT-7006A": 77.6562, "YAT-7006B": 76.49540000000002, "YAT-7006C": 76.5001, "YAT-7007": 35.0586, "YAT-7008": 28.8028, "YAT-7009": 24.5057, "YAT-7010": 28.4898, "YAT-7012": 33.6687, "YMT-31": 26.087, "YMT-32": 23.500700000000002, "YMT-33": 24.113000000000007, "YMT-34": 17.3283, "YMT-35": 82.0687, "YMT-36": 22.9962, "YMT-37": 20.718000000000004, "YMT-38": 26.294900000000002, "YMT-39": 21.116, "YMT-40": 83.84920000000001, "YMT-41": 24.1144, "YMT-42": 21.3157, "YMT-44": 23.709}