{
  "CHH-01": 19.823,
  "CHH-02": 25.101,
  "CHH-03": 18.4195,
  "CHH-04": 23.109,
  "CHH-05": 19.471,
  "CHH-06": 21.315,
  "CHH-07": 15.937,
  "CHH-08": 24.106,
  "CHH-09B": 29.8885,
  "CHH-10": 76.499,
  "CHH-11": 76.498,
  "CHH-12": 22.91,
  "CHH-13A": 24.868,
  "CHH-14": 19.523,
  "CHH-15": 20.313,
  "CHH-16": 17.34,
  "CHH-17": 19.608,
  "CHH-18": 17.525,
  "CHH-19": 19.918,
  "CHH-20": 19.722,
  "CHH-21": 20.32,
  "CHH-22": 22.312,
  "CHH-23A": null,
  "CHH-24": 22.312,
  "CHH-25": 262.939,
  "CHH-27": 31.07800000000001,
  "CHH-28": 229.6415,
  "CHH-29": 26.6285,
  "CHH-30": 29.894249999999996,
  "CHH-31": 32.08375,
  "CHH-32": 44.239000000000004,
  "CHH-33": 42.8555,
  "CHH-34": 27.454250000000002,
  "CHH-35": 30.68,
  "CHH-36": 24.902,
  "CHH-37": 274.993,
  "DIH-01": 23.505,
  "DIH-02": 25.3,
  "DIH-03": 70.324,
  "DIH-04": 25.697,
  "DIH-05": 70.722,
  "DIH-06": 36.647,
  "DIH-07": 22.312,
  "DIH-08": 72.503,
  "DIH-09": 22.71,
  "DIH-10": 69.52600000000001,
  "DIH-12": 23.50800000000001,
  "HOM-02": 34.066,
  "HOM-03": 168.93425000000002,
  "HOM-04": 28.288,
  "HOM-05": 26.695,
  "HOM-06": 36.657,
  "HOM-07": 25.9,
  "HOM-08": 53.191,
  "HOM-09": 87.84850000000002,
  "HOM-10": 86.0745,
  "HOM-11": 89.0495,
  "HOM-12": 84.262,
  "HOM-13": 24.104,
  "HOM-14": 24.505,
  "HOM-15": 29.685,
  "HOM-16": 17.526,
  "HOM-17": 35.66,
  "HOM-18": 21.512,
  "HOM-19": 35.129,
  "HOM-20": 32.87,
  "HOM-21": 36.259,
  "HOM-22": 23.308000000000003,
  "KOB-01": 20.4835,
  "KOB-02": 24.902,
  "KOB-03": 23.502,
  "KOB-04": 25.899,
  "KOB-05": 27.891,
  "KOB-06": 29.882,
  "KOB-07": 35.061,
  "KOB-08": 78.09575000000001,
  "KOB-09": 80.696,
  "KOB-10": 75.90100000000002,
  "KOB-11": 25.699,
  "KOB-12": 25.101,
  "KOB-13": 20.31900000000001,
  "KOB-14": 24.503,
  "KOB-15": 18.2455,
  "KOB-16": 25.501,
  "KOT-01": 15.52875,
  "KOT-02": 20.718000000000004,
  "KOT-03": 16.1625,
  "KOT-04": 20.335,
  "KOT-05": 17.338750000000005,
  "KOT-06": 26.293000000000006,
  "KOT-07": 25.101,
  "KOT-08": 86.46,
  "KOT-09": 83.86449999999999,
  "KOT-10": 84.26899999999998,
  "KOT-11": 24.712,
  "KOT-12": 25.049,
  "KOT-13": 17.861,
  "KOT-14": 20.917,
  "KOT-15": 16.340999999999998,
  "KOT-16": 20.7705,
  "KWT-6001": 25.3,
  "KWT-6002": 28.878,
  "KWT-6003": 22.71,
  "KWT-6004": 23.109,
  "KWT-6005": 28.488000000000003,
  "KWT-6006": 24.506,
  "KWT-6007": 81.878,
  "KWT-6008": 81.48949999999999,
  "KWT-6009": 23.707,
  "KWT-6010": 34.406,
  "KWT-6011": 20.232,
  "KWT-6012": 31.675,
  "KWT-6013": 24.306,
  "KWT-6014": 30.48,
  "KWT-6015": 27.48675,
  "KWT-6016": 30.082,
  "KWT-6021": 22.512,
  "KWT-6042": 45.02225,
  "KWT-6044": 330.28925000000004,
  "KWT-6046": 34.91175,
  "LAT-6101": 17.331,
  "LAT-6102": 21.516,
  "LAT-6103": 30.2605,
  "LAT-6104": 69.26374999999999,
  "LAT-6105": 76.441,
  "LAT-6106": 71.90325,
  "LAT-6107": 22.823999999999998,
  "LAT-6108": 31.65175,
  "LAT-6109": 34.2695,
  "LAT-6110": 41.8735,
  "LAT-6111": 34.91225,
  "LAT-6112": 42.449,
  "LOF-01": 16.734,
  "LOF-02": 19.325,
  "LOF-03": 17.737000000000005,
  "LOF-04": 23.315,
  "LOF-05": 25.3,
  "LOF-06": 33.468,
  "LOF-07": 72.51899999999998,
  "LOF-08": 76.301,
  "LOF-09": 70.37650000000001,
  "LOF-10": 72.714,
  "LOF-11": 20.206,
  "LOF-12": 25.699,
  "LOF-13": 17.928,
  "LOF-14": 21.118,
  "MOK-31": 23.738000000000003,
  "MOK-32A": 78.292,
  "MOK-32B": 22.711,
  "MOK-33": 31.474,
  "MOK-34A": 21.519,
  "MOK-34B": 19.715,
  "MOK-35": 79.289,
  "MOK-36": 31.53,
  "MOK-37": 73.11399999999998,
  "MOK-38": 76.7,
  "MOK-39": 23.3335,
  "MOK-40": 73.512,
  "MOK-41": 21.117,
  "MOK-42": 24.106,
  "MOK-43": 19.323,
  "MOK-44": 21.117,
  "MOK-45": 33.07,
  "MOK-46": 25.898000000000003,
  "MOK-47": 87.853,
  "NTK-01": 17.531,
  "NTK-02": 23.509,
  "NTK-03": 14.343,
  "NTK-04": 27.69400000000001,
  "NTK-05": 21.714,
  "NTK-06": 75.895,
  "NTK-07": 25.3,
  "NTK-08": 27.609,
  "NTK-09": 73.73100000000002,
  "NTK-10": 24.502,
  "NTK-11": 73.059,
  "NTK-12": 17.132,
  "NTK-13": 22.716,
  "NTK-14": 20.918000000000006,
  "NTK-15": 22.714,
  "NTK-16": 146.43350000000004,
  "NTK-17": 317.01099999999997,
  "SKM-01": 25.897,
  "SKM-02": 21.116,
  "SKM-03": 22.511,
  "SKM-04": 21.914,
  "SKM-05": 22.301,
  "SKM-06": 22.312,
  "SKM-07": 22.512,
  "SKM-08": 27.5,
  "SKM-09": 18.6895,
  "SKM-10": 74.50449999999998,
  "SKM-11": 23.106749999999998,
  "SKM-12": 74.307,
  "SKM-13": 77.89399999999998,
  "SKM-14": 23.746,
  "SKM-15": 24.105,
  "SKM-16": 20.519,
  "SKM-17": 18.921,
  "SKM-18": 25.101,
  "SKM-19": 15.539,
  "SKM-20": 27.691,
  "SKM-21": 15.701,
  "SKM-22A": 21.516,
  "SKM-22B": 76.29899999999998,
  "SKM-22C": 77.098,
  "TIK-7101": 41.38800000000001,
  "TIK-7102": 22.697499999999998,
  "TIK-7103": 29.882,
  "TIK-7104": 21.515,
  "TIK-7105": 26.895,
  "TIK-7106": 32.276,
  "TIK-7107": 28.806,
  "TIK-7108": 20.12,
  "TIK-7109A": 78.68350000000001,
  "TIK-7109B": 75.41749999999999,
  "TIK-7109C": 77.694,
  "TIK-7110": 21.987,
  "TIK-7111": 22.511,
  "TIK-7112A": 179.699,
  "TIK-7112B": 177.512,
  "TIK-7112C": 179.74099999999999,
  "TIK-7113": 27.227,
  "TIK-7114": 99.81025,
  "TIK-7115": 18.527,
  "TIK-7116": 97.417,
  "TIK-7117": 24.633750000000003,
  "TIK-7118": 29.484,
  "TIK-7119": 269.341,
  "TIK-7120": 25.898000000000003,
  "TIK-7122": 62.952,
  "TIK-7149": 20.52,
  "WHA-02": 25.309,
  "WHA-04": 27.093000000000004,
  "WHA-06": 131.60299999999998,
  "WTS-01": 18.925,
  "WTS-02": 22.312,
  "WTS-03": 25.5,
  "WTS-04": 23.759,
  "WTS-05": 76.70100000000002,
  "WTS-06": 30.68,
  "WTS-07": 24.109,
  "WTS-08": 76.5,
  "WTS-09": 18.528,
  "WTS-10": 71.51899999999998,
  "WTS-11": 17.730999999999995,
  "WTS-12": 21.117,
  "WTS-14": 18.328,
  "YAT-7001": 32.672,
  "YAT-7002": 18.748,
  "YAT-7003A": 67.13600000000001,
  "YAT-7003B": 67.15899999999999,
  "YAT-7003C": 66.4515,
  "YAT-7003D": 65.74,
  "YAT-7004": 18.75,
  "YAT-7005": 20.719,
  "YAT-7006A": 73.73,
  "YAT-7006B": 75.1095,
  "YAT-7006C": 74.704,
  "YAT-7007": 34.587,
  "YAT-7008": 28.48,
  "YAT-7009": 24.305,
  "YAT-7010": 27.90175,
  "YAT-7012": 32.8705,
  "YMT-31": 26.095,
  "YMT-32": 23.507,
  "YMT-33": 24.105,
  "YMT-34": 17.28,
  "YMT-35": 80.946,
  "YMT-36": 22.91,
  "YMT-37": 20.722,
  "YMT-38": 26.108,
  "YMT-39": 21.117,
  "YMT-40": 85.25299999999999,
  "YMT-41": 24.127,
  "YMT-42": 21.316,
  "YMT-44": 23.713,
  "YMT-60": 18.128500000000003,
  "WHA-08": 42.539,
  "WHA-10": 513.0085,
  "LAT-6114": 67.734,
  "TIK-7119S": 29.489,
  "TIK-7122S": 1468.83025,
  "HOM-01": 964.6947499999999
}