{
  "CHH-01": 17.4737,
  "CHH-02": 24.315739999999998,
  "CHH-03": 16.13827,
  "CHH-04": 22.511,
  "CHH-05": 17.52854,
  "CHH-06": 20.715,
  "CHH-07": 14.6099,
  "CHH-08": 23.5127,
  "CHH-09B": 28.887,
  "CHH-10": 73.51029000000001,
  "CHH-11": 73.30547999999999,
  "CHH-12": 23.089,
  "CHH-13A": 24.107,
  "CHH-14": 19.919,
  "CHH-15": 19.328960000000002,
  "CHH-16": 17.95,
  "CHH-17": 18.525019999999998,
  "CHH-18": 17.9883,
  "CHH-19": 18.775799999999997,
  "CHH-20": 20.51511,
  "CHH-21": 19.355600000000003,
  "CHH-22": 19.8759,
  "CHH-23A": 14.560000000000002,
  "CHH-24": 21.09321,
  "CHH-25": 214.40607999999997,
  "CHH-27": 27.277800000000003,
  "CHH-28": 249.21085999999997,
  "CHH-29": 24.934469999999997,
  "CHH-30": 28.403,
  "CHH-31": 28.24742,
  "CHH-32": 35.435880000000004,
  "CHH-33": 38.43905,
  "CHH-34": 22.43713,
  "CHH-35": 23.876600000000003,
  "CHH-36": 21.52957,
  "CHH-37": 181.70498,
  "DIH-01": 22.508270000000007,
  "DIH-02": 26.30265,
  "DIH-03": 67.2338,
  "DIH-04": 26.89892,
  "DIH-05": 67.76194,
  "DIH-06": 37.452890000000004,
  "DIH-07": 21.321,
  "DIH-08": 69.91978,
  "DIH-09": 21.12556,
  "DIH-10": 66.13828000000001,
  "DIH-12": 23.08603,
  "HOM-01": 340.58313000000004,
  "HOM-02": 33.468,
  "HOM-03": 157.66002,
  "HOM-04": 27.49,
  "HOM-05": 25.89717,
  "HOM-06": 34.66478,
  "HOM-07": 25.497,
  "HOM-08": 49.814040000000006,
  "HOM-09": 69.32995,
  "HOM-10": 72.31875,
  "HOM-11": 97.5476,
  "HOM-12": 72.9238,
  "HOM-13": 23.5067,
  "HOM-14": 22.90743,
  "HOM-15": 29.078430000000004,
  "HOM-16": 16.733,
  "HOM-17": 35.021100000000004,
  "HOM-18": 17.38966,
  "HOM-19": 34.26,
  "HOM-20": 25.5061,
  "HOM-21": 35.26932,
  "HOM-22": 21.915969999999998,
  "KOB-01": 19.65701,
  "KOB-02": 24.108050000000002,
  "KOB-03": 19.9016,
  "KOB-04": 25.28616,
  "KOB-05": 20.72159,
  "KOB-06": 29.47929,
  "KOB-07": 29.88572,
  "KOB-08": 73.57901000000001,
  "KOB-09": 75.69985000000001,
  "KOB-10": 71.72891999999999,
  "KOB-11": 25.14281,
  "KOB-12": 24.10912,
  "KOB-13": 19.523970000000002,
  "KOB-14": 23.51,
  "KOB-15": 17.33124,
  "KOB-16": 24.899,
  "KOT-01": 14.736,
  "KOT-02": 16.930809999999994,
  "KOT-03": 15.142,
  "KOT-04": 17.334,
  "KOT-05": 16.338,
  "KOT-06": 24.9302,
  "KOT-07": 23.907159999999998,
  "KOT-08": 77.70168000000002,
  "KOT-09": 78.08324,
  "KOT-10": 78.15352,
  "KOT-11": 24.364600000000003,
  "KOT-12": 24.510460000000002,
  "KOT-13": 17.331,
  "KOT-14": 20.519,
  "KOT-15": 15.738,
  "KOT-16": 20.51562,
  "KWT-6001": 21.71593,
  "KWT-6002": 28.038670000000003,
  "KWT-6003": 19.399929999999998,
  "KWT-6004": 22.41376,
  "KWT-6005": 25.830460000000002,
  "KWT-6006": 23.83544,
  "KWT-6007": 77.70960000000001,
  "KWT-6008": 78.26044000000002,
  "KWT-6009": 23.114,
  "KWT-6010": 33.90922,
  "KWT-6011": 19.524,
  "KWT-6012": 31.071,
  "KWT-6013": 23.10898,
  "KWT-6014": 29.87532,
  "KWT-6015": 24.902250000000002,
  "KWT-6016": 29.44942,
  "KWT-6042": 43.13073,
  "KWT-6044": 272.04089,
  "KWT-6046": 33.72165,
  "LAT-6101": 15.355559999999999,
  "LAT-6102": 19.920959999999997,
  "LAT-6103": 28.56252,
  "LAT-6104": 65.5504,
  "LAT-6105": 72.32230000000001,
  "LAT-6106": 68.11506,
  "LAT-6107": 21.33712,
  "LAT-6108": 28.95511,
  "LAT-6109": 33.075250000000004,
  "LAT-6110": 35.58453,
  "LAT-6112": 39.70799999999999,
  "LOF-01": 15.741,
  "LOF-02": 18.326,
  "LOF-03": 16.535999999999998,
  "LOF-04": 21.266509999999997,
  "LOF-05": 24.503,
  "LOF-06": 30.27838,
  "LOF-07": 69.11478,
  "LOF-08": 72.30258,
  "LOF-09": 67.16696,
  "LOF-10": 68.92743,
  "LOF-11": 19.53127,
  "LOF-12": 20.883719999999997,
  "LOF-13": 17.135,
  "LOF-14": 17.11336,
  "MOK-31": 22.116590000000002,
  "MOK-32B": 22.311,
  "MOK-33": 29.94395,
  "MOK-34A": 21.11992,
  "MOK-34B": 19.2136,
  "MOK-35": 74.70517,
  "MOK-36": 30.28373,
  "MOK-37": 69.1352,
  "MOK-38": 74.049,
  "MOK-39": 22.904,
  "MOK-40": 71.1235,
  "MOK-41": 20.320700000000002,
  "MOK-42": 23.305,
  "MOK-43": 18.49172,
  "MOK-44": 20.116,
  "MOK-45": 32.07635,
  "MOK-46": 24.72848,
  "NTK-01": 15.0,
  "NTK-02": 22.976100000000002,
  "NTK-03": 11.9321,
  "NTK-04": 27.292,
  "NTK-05": 17.71108,
  "NTK-06": 72.63088,
  "NTK-07": 22.6604,
  "NTK-08": 26.785359999999994,
  "NTK-09": 69.13654000000001,
  "NTK-10": 23.51256,
  "NTK-11": 68.73736,
  "NTK-12": 16.34988,
  "NTK-13": 21.54511,
  "NTK-14": 20.161630000000002,
  "NTK-15": 20.03401,
  "NTK-16": 144.8478,
  "NTK-17": 257.42218,
  "PRE-32A": 72.91154999999999,
  "PRE-47": 78.80059,
  "SKM-01": 25.09800000000001,
  "SKM-02": 20.66844,
  "SKM-03": 21.026840000000004,
  "SKM-04": 21.511000000000003,
  "SKM-05": 21.117,
  "SKM-06": 21.74162,
  "SKM-07": 21.263860000000005,
  "SKM-08": 26.99915,
  "SKM-09": 17.25134,
  "SKM-10": 70.32635,
  "SKM-11": 21.72462,
  "SKM-12": 71.12747999999999,
  "SKM-13": 74.11580000000001,
  "SKM-14": 20.70359999999999,
  "SKM-15": 23.5147,
  "SKM-16": 18.089480000000012,
  "SKM-17": 18.329,
  "SKM-18": 24.016339999999992,
  "SKM-19": 15.138000000000002,
  "SKM-20": 26.103,
  "SKM-21": 15.138000000000002,
  "SKM-22A": 20.121,
  "SKM-22B": 70.32535,
  "SKM-22C": 71.30015,
  "TIK-7101": 39.06286,
  "TIK-7102": 19.966699999999996,
  "TIK-7103": 26.685340000000004,
  "TIK-7104": 19.12363,
  "TIK-7105": 22.71053,
  "TIK-7106": 30.484,
  "TIK-7107": 24.448570000000004,
  "TIK-7108": 18.121,
  "TIK-7109A": 73.07607999999999,
  "TIK-7109B": 68.95288,
  "TIK-7109C": 71.51160000000002,
  "TIK-7110": 19.983849999999997,
  "TIK-7111": 20.71506,
  "TIK-7112A": 113.27312,
  "TIK-7112B": 95.42069000000001,
  "TIK-7112C": 95.78918,
  "TIK-7113": 25.105610000000002,
  "TIK-7114": 33.47512,
  "TIK-7115": 16.37414,
  "TIK-7116": 23.31682,
  "TIK-7117": 21.730420000000002,
  "TIK-7118": 18.524060000000002,
  "TIK-7119": 259.29312,
  "TIK-7120": 23.305709999999998,
  "TIK-7122": 60.542,
  "TIK-7149": 18.923,
  "WHA-02": 20.02809,
  "WHA-04": 25.81628,
  "WHA-06": 136.036,
  "WTS-01": 18.407600000000002,
  "WTS-02": 21.915,
  "WTS-03": 24.899,
  "WTS-04": 23.309,
  "WTS-05": 73.31371999999999,
  "WTS-06": 30.07654,
  "WTS-07": 23.507,
  "WTS-08": 72.68843999999999,
  "WTS-09": 17.549,
  "WTS-10": 67.71924,
  "WTS-11": 16.736,
  "WTS-12": 20.515,
  "WTS-14": 17.714919999999996,
  "YAT-7001": 30.874,
  "YAT-7002": 16.5377,
  "YAT-7003A": 62.952,
  "YAT-7003B": 62.54499,
  "YAT-7003C": 61.97064,
  "YAT-7003D": 62.153,
  "YAT-7004": 16.9369,
  "YAT-7005": 19.0,
  "YAT-7006A": 68.15812,
  "YAT-7006B": 66.67522,
  "YAT-7006C": 66.3303,
  "YAT-7007": 33.25082,
  "YAT-7008": 26.313190000000002,
  "YAT-7009": 22.513,
  "YAT-7010": 25.90336,
  "YAT-7012": 29.87736,
  "YMT-31": 25.56434,
  "YMT-32": 22.71,
  "YMT-33": 23.67472,
  "YMT-34": 16.73097,
  "YMT-35": 75.68975,
  "YMT-36": 22.313,
  "YMT-37": 20.4358,
  "YMT-38": 25.3,
  "YMT-39": 20.5537,
  "YMT-40": 77.60915999999999,
  "YMT-41": 22.715780000000002,
  "YMT-42": 20.733560000000004,
  "YMT-44": 23.338720000000002
}