{
  "CHH-01": 18.52628,
  "CHH-02": 25.10078,
  "CHH-03": 17.34126,
  "CHH-04": 23.10994,
  "CHH-05": 18.403039999999997,
  "CHH-06": 21.117,
  "CHH-07": 15.340999999999998,
  "CHH-08": 24.0345,
  "CHH-09B": 29.683000000000003,
  "CHH-10": 75.50278,
  "CHH-11": 75.48859999999999,
  "CHH-12": 23.29184,
  "CHH-13A": 24.700139999999998,
  "CHH-14": 20.122,
  "CHH-15": 20.12,
  "CHH-16": 18.324,
  "CHH-17": 19.518639999999998,
  "CHH-18": 18.3339,
  "CHH-19": 19.71368,
  "CHH-20": 20.921,
  "CHH-21": 20.122,
  "CHH-22": 23.5275,
  "CHH-23A": 18.0,
  "CHH-24": 22.371899999999997,
  "CHH-25": 231.779,
  "CHH-27": 31.011000000000003,
  "CHH-28": 336.29511999999994,
  "CHH-29": 26.201520000000002,
  "CHH-30": 31.953799999999998,
  "CHH-31": 31.034000000000006,
  "CHH-32": 38.05822,
  "CHH-33": 42.788540000000005,
  "CHH-34": 24.78288,
  "CHH-35": 30.4781,
  "CHH-36": 24.2235,
  "CHH-37": 200.02992,
  "DIH-01": 23.25492,
  "DIH-02": 27.2556,
  "DIH-03": 69.8147,
  "DIH-04": 27.893,
  "DIH-05": 70.14248,
  "DIH-06": 39.045899999999996,
  "DIH-07": 21.9137,
  "DIH-08": 71.90887999999998,
  "DIH-09": 21.918000000000006,
  "DIH-10": 68.16239999999999,
  "DIH-12": 23.31172,
  "HOM-01": 345.59866000000005,
  "HOM-02": 34.06076,
  "HOM-03": 162.4856,
  "HOM-04": 28.220400000000005,
  "HOM-05": 26.68794,
  "HOM-06": 36.65184,
  "HOM-07": 25.895,
  "HOM-08": 52.47622,
  "HOM-09": 104.00063999999999,
  "HOM-10": 79.4828,
  "HOM-11": 111.8912,
  "HOM-12": 79.881,
  "HOM-13": 23.912399999999998,
  "HOM-14": 24.8,
  "HOM-15": 29.68126,
  "HOM-16": 17.33408,
  "HOM-17": 35.652,
  "HOM-18": 21.33448,
  "HOM-19": 35.06172,
  "HOM-20": 35.478100000000005,
  "HOM-21": 36.06524,
  "HOM-22": 23.707,
  "KOB-01": 20.125,
  "KOB-02": 25.03742,
  "KOB-03": 21.966679999999997,
  "KOB-04": 26.089,
  "KOB-05": 25.612679999999997,
  "KOB-06": 29.881999999999998,
  "KOB-07": 33.11004,
  "KOB-08": 76.6994,
  "KOB-09": 78.49806,
  "KOB-10": 74.90314,
  "KOB-11": 25.5,
  "KOB-12": 25.120200000000004,
  "KOB-13": 20.12254,
  "KOB-14": 24.693,
  "KOB-15": 17.928,
  "KOB-16": 25.65656,
  "KOT-01": 15.141279999999998,
  "KOT-02": 20.49362,
  "KOT-03": 15.93542,
  "KOT-04": 20.12,
  "KOT-05": 17.13428,
  "KOT-06": 25.892,
  "KOT-07": 24.90912,
  "KOT-08": 83.45295999999999,
  "KOT-09": 82.02043999999998,
  "KOT-10": 83.08996,
  "KOT-11": 24.680120000000002,
  "KOT-12": 25.092,
  "KOT-13": 17.58884,
  "KOT-14": 20.915,
  "KOT-15": 16.137,
  "KOT-16": 20.911,
  "KWT-6001": 24.8933,
  "KWT-6002": 28.690999999999995,
  "KWT-6003": 22.31004,
  "KWT-6004": 23.109520000000003,
  "KWT-6005": 28.288539999999998,
  "KWT-6006": 24.505519999999997,
  "KWT-6007": 80.47996000000002,
  "KWT-6008": 80.5076,
  "KWT-6009": 23.71296,
  "KWT-6010": 34.27364,
  "KWT-6011": 20.52774,
  "KWT-6012": 31.48816,
  "KWT-6013": 25.50036,
  "KWT-6014": 30.47908,
  "KWT-6015": 28.5235,
  "KWT-6016": 30.075580000000002,
  "KWT-6042": 48.53706,
  "KWT-6044": 286.33387999999997,
  "KWT-6046": 38.48029999999999,
  "LAT-6101": 17.33166,
  "LAT-6102": 21.315360000000002,
  "LAT-6103": 30.483000000000004,
  "LAT-6104": 68.7566,
  "LAT-6105": 75.28876000000001,
  "LAT-6106": 71.11391999999998,
  "LAT-6107": 22.51466,
  "LAT-6108": 31.477600000000002,
  "LAT-6109": 34.304,
  "LAT-6110": 41.64064000000001,
  "LAT-6112": 41.69364000000001,
  "LOF-01": 16.337,
  "LOF-02": 19.125,
  "LOF-03": 17.33428,
  "LOF-04": 22.712,
  "LOF-05": 24.906,
  "LOF-06": 32.47092000000001,
  "LOF-07": 71.10896,
  "LOF-08": 74.67024,
  "LOF-09": 69.3316,
  "LOF-10": 70.86679999999998,
  "LOF-11": 19.92114,
  "LOF-12": 25.699,
  "LOF-13": 17.534000000000002,
  "LOF-14": 21.08056,
  "MOK-31": 23.49938,
  "MOK-32B": 22.713,
  "MOK-33": 31.43748,
  "MOK-34A": 21.523000000000003,
  "MOK-34B": 19.63216,
  "MOK-35": 80.38387999999999,
  "MOK-36": 31.47300000000001,
  "MOK-37": 75.15124,
  "MOK-38": 77.19520000000001,
  "MOK-39": 23.51,
  "MOK-40": 74.1836,
  "MOK-41": 21.168599999999998,
  "MOK-42": 23.905,
  "MOK-43": 19.3094,
  "MOK-44": 20.616819999999997,
  "MOK-45": 32.539100000000005,
  "MOK-46": 25.6406,
  "NTK-01": 16.320439999999998,
  "NTK-02": 23.5038,
  "NTK-03": 13.148,
  "NTK-04": 27.69704,
  "NTK-05": 19.9223,
  "NTK-06": 74.68036000000001,
  "NTK-07": 23.708,
  "NTK-08": 27.49694,
  "NTK-09": 71.31768,
  "NTK-10": 24.498959999999997,
  "NTK-11": 70.92056,
  "NTK-12": 16.939,
  "NTK-13": 22.31408,
  "NTK-14": 20.917,
  "NTK-15": 22.512520000000002,
  "NTK-16": 151.5672,
  "NTK-17": 346.64802000000003,
  "PRE-32A": 76.306,
  "PRE-47": 85.26514,
  "SKM-01": 25.699,
  "SKM-02": 21.099520000000002,
  "SKM-03": 22.31172,
  "SKM-04": 21.915,
  "SKM-05": 22.111,
  "SKM-06": 22.12084,
  "SKM-07": 22.118,
  "SKM-08": 27.492999999999995,
  "SKM-09": 17.92826,
  "SKM-10": 72.9712,
  "SKM-11": 22.19936,
  "SKM-12": 73.31472,
  "SKM-13": 76.51400000000001,
  "SKM-14": 23.90888,
  "SKM-15": 23.905,
  "SKM-16": 20.702840000000002,
  "SKM-17": 18.722,
  "SKM-18": 25.09732,
  "SKM-19": 15.337999999999997,
  "SKM-20": 27.554359999999996,
  "SKM-21": 15.3834,
  "SKM-22A": 21.522720000000003,
  "SKM-22B": 73.8721,
  "SKM-22C": 74.9085,
  "TIK-7101": 41.03772,
  "TIK-7102": 22.712500000000002,
  "TIK-7103": 30.483,
  "TIK-7104": 21.7153,
  "TIK-7105": 27.28434,
  "TIK-7106": 32.29,
  "TIK-7107": 28.68406,
  "TIK-7108": 19.6555,
  "TIK-7109A": 78.28606,
  "TIK-7109B": 74.3038,
  "TIK-7109C": 76.5006,
  "TIK-7110": 21.52748,
  "TIK-7111": 21.92192,
  "TIK-7112A": 142.83556,
  "TIK-7112B": 117.71217999999999,
  "TIK-7112C": 117.55584,
  "TIK-7113": 27.31982,
  "TIK-7114": 69.50906000000002,
  "TIK-7115": 18.297159999999998,
  "TIK-7116": 38.52399999999997,
  "TIK-7117": 24.29942,
  "TIK-7118": 24.89928,
  "TIK-7119": 276.59008,
  "TIK-7120": 25.299220000000002,
  "TIK-7122": 61.953,
  "TIK-7149": 20.236420000000003,
  "WHA-02": 26.71861999999999,
  "WHA-04": 28.264599999999994,
  "WHA-06": 150.54149999999998,
  "WTS-01": 18.731,
  "WTS-02": 22.306,
  "WTS-03": 25.305,
  "WTS-04": 23.71,
  "WTS-05": 75.692,
  "WTS-06": 30.682559999999995,
  "WTS-07": 23.908,
  "WTS-08": 75.29156,
  "WTS-09": 18.128,
  "WTS-10": 70.25359999999999,
  "WTS-11": 17.33014,
  "WTS-12": 20.917,
  "WTS-14": 18.13086,
  "YAT-7001": 32.46922,
  "YAT-7002": 18.521,
  "YAT-7003A": 65.75858000000001,
  "YAT-7003B": 65.34636,
  "YAT-7003C": 64.70258,
  "YAT-7003D": 64.73088,
  "YAT-7004": 18.528,
  "YAT-7005": 20.32466,
  "YAT-7006A": 74.88904,
  "YAT-7006B": 73.11483999999999,
  "YAT-7006C": 73.03088000000001,
  "YAT-7007": 34.48756,
  "YAT-7008": 28.28432,
  "YAT-7009": 24.1109,
  "YAT-7010": 27.886560000000003,
  "YAT-7012": 32.47738,
  "YMT-31": 25.89696,
  "YMT-32": 23.29988,
  "YMT-33": 24.097,
  "YMT-34": 17.132,
  "YMT-35": 79.01114,
  "YMT-36": 22.868959999999998,
  "YMT-37": 20.648000000000003,
  "YMT-38": 26.09626,
  "YMT-39": 20.9204,
  "YMT-40": 82.28296000000002,
  "YMT-41": 24.0728,
  "YMT-42": 21.12998,
  "YMT-44": 23.701
}