{"CHH-01": 20.79966000000001, "CHH-02": 25.29843, "CHH-03": 19.51836, "CHH-04": 23.308000000000003, "CHH-05": 20.12018, "CHH-06": 21.322, "CHH-07": 16.495420000000003, "CHH-08": 24.303, "CHH-09B": 30.083, "CHH-10": 77.08629, "CHH-11": 77.47924, "CHH-12": 23.327540000000006, "CHH-13A": 24.90009, "CHH-14": 20.211, "CHH-15": 20.31816, "CHH-16": 18.524549999999998, "CHH-17": 19.546950000000002, "CHH-18": 18.529, "CHH-19": 19.921, "CHH-20": 21.118, "CHH-21": 20.31900000000001, "CHH-22": 25.9782, "CHH-23A": 18.0, "CHH-24": 22.927480000000003, "CHH-25": 235.01956, "CHH-27": 32.211349999999996, "CHH-28": 387.9211799999999, "CHH-29": 27.438269999999996, "CHH-30": 33.348600000000005, "CHH-31": 31.96336, "CHH-32": 39.477, "CHH-33": 42.83193, "CHH-34": 25.826939999999997, "CHH-35": 35.08120000000001, "CHH-36": 24.594549999999998, "CHH-37": 210.72793999999996, "DIH-01": 23.780420000000007, "DIH-02": 27.48755, "DIH-03": 71.08950000000002, "DIH-04": 28.096560000000007, "DIH-05": 71.93068, "DIH-06": 39.42841, "DIH-07": 22.9048, "DIH-08": 73.31004, "DIH-09": 24.656000000000002, "DIH-10": 69.93144, "DIH-12": 23.509, "HOM-01": 347.52771, "HOM-02": 34.25953, "HOM-03": 166.52204, "HOM-04": 28.48444, "HOM-05": 28.87595, "HOM-06": 37.0603, "HOM-07": 26.09772000000001, "HOM-08": 53.19034, "HOM-09": 115.53678, "HOM-10": 82.93535000000001, "HOM-11": 119.29253, "HOM-12": 83.45280000000001, "HOM-13": 24.106, "HOM-14": 25.10924, "HOM-15": 29.88481, "HOM-16": 17.531, "HOM-17": 35.85098, "HOM-18": 21.70923, "HOM-19": 35.46, "HOM-20": 40.830850000000005, "HOM-21": 36.446439999999996, "HOM-22": 24.31096, "KOB-01": 20.51653, "KOB-02": 25.299, "KOB-03": 23.63228, "KOB-04": 26.301429999999996, "KOB-05": 27.988929999999996, "KOB-06": 30.083, "KOB-07": 35.45178, "KOB-08": 78.86591, "KOB-09": 80.66174, "KOB-10": 76.80091, "KOB-11": 25.696, "KOB-12": 25.600680000000004, "KOB-13": 20.326990000000002, "KOB-14": 24.905, "KOB-15": 18.546280000000003, "KOB-16": 25.89008, "KOT-01": 15.535179999999999, "KOT-02": 20.718000000000004, "KOT-03": 16.33081, "KOT-04": 20.414060000000003, "KOT-05": 17.52372, "KOT-06": 26.339780000000005, "KOT-07": 25.2438, "KOT-08": 86.709, "KOT-09": 84.07364000000001, "KOT-10": 86.23667, "KOT-11": 24.705, "KOT-12": 25.11638, "KOT-13": 17.735, "KOT-14": 21.093000000000004, "KOT-15": 16.33509, "KOT-16": 21.07389, "KWT-6001": 25.68634, "KWT-6002": 28.89221, "KWT-6003": 23.13155, "KWT-6004": 23.308999999999997, "KWT-6005": 29.07949, "KWT-6006": 24.70612, "KWT-6007": 82.29838, "KWT-6008": 82.76392000000001, "KWT-6009": 24.09104, "KWT-6010": 34.51639, "KWT-6011": 21.31757, "KWT-6012": 31.875, "KWT-6013": 26.494640000000004, "KWT-6014": 30.87344, "KWT-6015": 29.284750000000003, "KWT-6016": 30.28615, "KWT-6042": 52.71415999999999, "KWT-6044": 312.19678, "KWT-6046": 40.31055, "LAT-6101": 18.587700000000005, "LAT-6102": 22.0293, "LAT-6103": 31.47521, "LAT-6104": 70.51780000000001, "LAT-6105": 76.50014, "LAT-6106": 72.88854, "LAT-6107": 23.28067, "LAT-6108": 33.040459999999996, "LAT-6109": 35.027, "LAT-6110": 43.027950000000004, "LAT-6112": 42.642880000000005, "LOF-01": 16.609050000000003, "LOF-02": 19.527, "LOF-03": 17.730999999999995, "LOF-04": 24.028330000000004, "LOF-05": 25.29716, "LOF-06": 34.066, "LOF-07": 72.1718, "LOF-08": 75.81038, "LOF-09": 70.34542, "LOF-10": 72.27479000000001, "LOF-11": 20.321180000000002, "LOF-12": 25.96017, "LOF-13": 17.997, "LOF-14": 21.31636, "MOK-31": 23.966939999999997, "MOK-32B": 22.912, "MOK-33": 32.14353, "MOK-34A": 21.719, "MOK-34B": 19.912399999999998, "MOK-35": 84.66614000000001, "MOK-36": 31.67591, "MOK-37": 78.91076000000001, "MOK-38": 79.30940000000001, "MOK-39": 23.70863, "MOK-40": 76.3049, "MOK-41": 21.5179, "MOK-42": 24.106, "MOK-43": 19.524, "MOK-44": 20.91617, "MOK-45": 33.072, "MOK-46": 25.711360000000003, "NTK-01": 18.262290000000014, "NTK-02": 23.706300000000002, "NTK-03": 14.712450000000004, "NTK-04": 27.895, "NTK-05": 21.89515, "NTK-06": 75.48564, "NTK-07": 25.54860000000001, "NTK-08": 27.725230000000003, "NTK-09": 72.70116000000002, "NTK-10": 24.703760000000003, "NTK-11": 72.51312, "NTK-12": 17.274320000000003, "NTK-13": 23.10449, "NTK-14": 21.2637, "NTK-15": 23.10431, "NTK-16": 168.0552, "NTK-17": 394.82719000000003, "PRE-32A": 77.71624999999999, "PRE-47": 89.00053, "SKM-01": 25.898000000000003, "SKM-02": 21.124, "SKM-03": 22.51764, "SKM-04": 22.11027, "SKM-05": 22.238000000000003, "SKM-06": 22.31354, "SKM-07": 22.51, "SKM-08": 27.694900000000004, "SKM-09": 18.530450000000002, "SKM-10": 75.28120000000001, "SKM-11": 22.76227, "SKM-12": 74.9632, "SKM-13": 78.5276, "SKM-14": 24.30164, "SKM-15": 24.075799999999997, "SKM-16": 20.918000000000006, "SKM-17": 18.7329, "SKM-18": 25.465760000000003, "SKM-19": 15.536360000000002, "SKM-20": 28.077640000000006, "SKM-21": 15.5458, "SKM-22A": 21.9071, "SKM-22B": 75.40120000000002, "SKM-22C": 76.69290000000001, "TIK-7101": 41.646300000000004, "TIK-7102": 24.0, "TIK-7103": 32.10651, "TIK-7104": 22.796130000000005, "TIK-7105": 28.674310000000006, "TIK-7106": 33.46975, "TIK-7107": 30.030370000000005, "TIK-7108": 20.321, "TIK-7109A": 81.46206, "TIK-7109B": 77.37276, "TIK-7109C": 79.4876, "TIK-7110": 22.22084000000001, "TIK-7111": 22.71202, "TIK-7112A": 170.35279999999995, "TIK-7112B": 142.16098000000005, "TIK-7112C": 143.86893999999998, "TIK-7113": 28.0, "TIK-7114": 94.12215, "TIK-7115": 19.11958, "TIK-7116": 63.24674000000006, "TIK-7117": 24.94419, "TIK-7118": 28.089999999999996, "TIK-7119": 286.03704, "TIK-7120": 25.894569999999998, "TIK-7122": 62.756, "TIK-7149": 20.87363, "WHA-02": 34.03978, "WHA-04": 30.41388000000001, "WHA-06": 155.9465, "WTS-01": 18.945469999999997, "WTS-02": 22.503, "WTS-03": 25.69027, "WTS-04": 24.098660000000002, "WTS-05": 76.85759999999999, "WTS-06": 31.079900000000002, "WTS-07": 24.52499, "WTS-08": 76.97507999999999, "WTS-09": 20.077, "WTS-10": 72.33676000000003, "WTS-11": 19.22426, "WTS-12": 21.11218, "WTS-14": 18.329, "YAT-7001": 33.041920000000005, "YAT-7002": 18.7868, "YAT-7003A": 67.32623, "YAT-7003B": 67.33822, "YAT-7003C": 66.34733, "YAT-7003D": 66.45872000000001, "YAT-7004": 19.1233, "YAT-7005": 20.918630000000004, "YAT-7006A": 79.45176000000002, "YAT-7006B": 77.31822, "YAT-7006C": 77.35099000000001, "YAT-7007": 35.16926, "YAT-7008": 29.089209999999998, "YAT-7009": 24.50909, "YAT-7010": 28.68196, "YAT-7012": 34.255030000000005, "YMT-31": 26.09126, "YMT-32": 23.506, "YMT-33": 24.161240000000003, "YMT-34": 17.333, "YMT-35": 82.46952999999999, "YMT-36": 23.06442, "YMT-37": 20.719, "YMT-38": 26.29981, "YMT-39": 21.117000000000004, "YMT-40": 84.45688, "YMT-41": 24.1884, "YMT-42": 21.31900000000001, "YMT-44": 23.711}