{
  "CHH-01": 17.334,
  "CHH-02": 24.200359999999993,
  "CHH-03": 16.13329,
  "CHH-04": 22.493,
  "CHH-05": 17.35454,
  "CHH-06": 20.634,
  "CHH-07": 14.538999999999998,
  "CHH-08": 23.50645,
  "CHH-09B": 28.7747,
  "CHH-10": 73.11266,
  "CHH-11": 73.02972000000001,
  "CHH-12": 22.94666,
  "CHH-13A": 24.067580000000003,
  "CHH-14": 19.870040000000003,
  "CHH-15": 19.16992,
  "CHH-16": 17.93,
  "CHH-17": 18.326,
  "CHH-18": 17.930549999999997,
  "CHH-19": 18.12912,
  "CHH-20": 20.35837,
  "CHH-21": 18.731650000000002,
  "CHH-22": 19.5993,
  "CHH-23A": 13.119999999999997,
  "CHH-24": 20.72367,
  "CHH-25": 213.81216,
  "CHH-27": 27.174599999999998,
  "CHH-28": 227.0297,
  "CHH-29": 24.56969,
  "CHH-30": 28.262850000000004,
  "CHH-31": 28.15634,
  "CHH-32": 35.35076,
  "CHH-33": 37.98135,
  "CHH-34": 22.20951,
  "CHH-35": 22.751749999999994,
  "CHH-36": 21.525389999999998,
  "CHH-37": 174.99645999999996,
  "DIH-01": 22.31474,
  "DIH-02": 26.293550000000003,
  "DIH-03": 66.95025000000001,
  "DIH-04": 26.76024,
  "DIH-05": 67.33236,
  "DIH-06": 37.26106000000001,
  "DIH-07": 21.12035,
  "DIH-08": 69.58973999999999,
  "DIH-09": 21.118,
  "DIH-10": 65.934,
  "DIH-12": 22.96571,
  "HOM-01": 339.81151,
  "HOM-02": 33.46093,
  "HOM-03": 157.02354,
  "HOM-04": 27.460720000000002,
  "HOM-05": 25.76598,
  "HOM-06": 34.468,
  "HOM-07": 25.420319999999997,
  "HOM-08": 49.40739,
  "HOM-09": 68.54923,
  "HOM-10": 71.32440000000001,
  "HOM-11": 93.0,
  "HOM-12": 72.26359999999998,
  "HOM-13": 23.4349,
  "HOM-14": 22.712609999999998,
  "HOM-15": 28.89405,
  "HOM-16": 16.63156,
  "HOM-17": 34.86819,
  "HOM-18": 17.139519999999997,
  "HOM-19": 34.07164,
  "HOM-20": 25.1084,
  "HOM-21": 35.25864,
  "HOM-22": 21.77404,
  "KOB-01": 19.52079,
  "KOB-02": 24.099,
  "KOB-03": 19.72422,
  "KOB-04": 25.105830000000005,
  "KOB-05": 20.71372,
  "KOB-06": 29.37247,
  "KOB-07": 29.68722,
  "KOB-08": 72.94096,
  "KOB-09": 75.46940000000001,
  "KOB-10": 71.26221000000001,
  "KOB-11": 25.103,
  "KOB-12": 23.905,
  "KOB-13": 19.41021,
  "KOB-14": 23.18224,
  "KOB-15": 17.134,
  "KOB-16": 24.43924,
  "KOT-01": 14.565439999999999,
  "KOT-02": 16.73087,
  "KOT-03": 15.12035,
  "KOT-04": 17.263579999999997,
  "KOT-05": 16.332,
  "KOT-06": 24.811159999999997,
  "KOT-07": 23.78088,
  "KOT-08": 76.49232,
  "KOT-09": 77.78487999999999,
  "KOT-10": 77.49041999999999,
  "KOT-11": 24.307,
  "KOT-12": 24.50042,
  "KOT-13": 17.326,
  "KOT-14": 20.499,
  "KOT-15": 15.734290000000001,
  "KOT-16": 20.32687,
  "KWT-6001": 21.50732,
  "KWT-6002": 27.879040000000003,
  "KWT-6003": 19.30633,
  "KWT-6004": 22.276160000000004,
  "KWT-6005": 25.698,
  "KWT-6006": 23.699240000000003,
  "KWT-6007": 77.48186,
  "KWT-6008": 77.90288000000001,
  "KWT-6009": 23.107,
  "KWT-6010": 33.86527,
  "KWT-6011": 19.41802,
  "KWT-6012": 30.882880000000007,
  "KWT-6013": 22.913,
  "KWT-6014": 29.68388,
  "KWT-6015": 24.7855,
  "KWT-6016": 29.28263,
  "KWT-6042": 42.59271,
  "KWT-6044": 269.99329,
  "KWT-6046": 32.989549999999994,
  "LAT-6101": 15.14505,
  "LAT-6102": 19.521,
  "LAT-6103": 28.38212,
  "LAT-6104": 65.1592,
  "LAT-6105": 71.71458000000001,
  "LAT-6106": 67.50758,
  "LAT-6107": 21.11703,
  "LAT-6108": 28.491,
  "LAT-6109": 33.0,
  "LAT-6110": 35.44467,
  "LAT-6112": 39.45152,
  "LOF-01": 15.738,
  "LOF-02": 18.137,
  "LOF-03": 16.53,
  "LOF-04": 21.116,
  "LOF-05": 24.494220000000002,
  "LOF-06": 30.089419999999997,
  "LOF-07": 68.73054,
  "LOF-08": 71.86501999999999,
  "LOF-09": 66.937,
  "LOF-10": 68.60276999999999,
  "LOF-11": 19.525,
  "LOF-12": 20.62229,
  "LOF-13": 17.133,
  "LOF-14": 16.87432,
  "MOK-31": 22.10793,
  "MOK-32B": 22.238429999999997,
  "MOK-33": 29.884,
  "MOK-34A": 21.11384,
  "MOK-34B": 19.127,
  "MOK-35": 73.90753,
  "MOK-36": 30.240969999999997,
  "MOK-37": 68.72928,
  "MOK-38": 73.6335,
  "MOK-39": 22.711,
  "MOK-40": 70.73280000000001,
  "MOK-41": 20.121,
  "MOK-42": 23.209490000000002,
  "MOK-43": 18.328,
  "MOK-44": 19.923769999999998,
  "MOK-45": 32.068450000000006,
  "MOK-46": 24.70248,
  "NTK-01": 14.94227,
  "NTK-02": 22.9039,
  "NTK-03": 11.757,
  "NTK-04": 27.1494,
  "NTK-05": 17.533,
  "NTK-06": 72.01097999999999,
  "NTK-07": 22.5259,
  "NTK-08": 26.694590000000005,
  "NTK-09": 68.73161999999999,
  "NTK-10": 23.398439999999994,
  "NTK-11": 68.51436,
  "NTK-12": 16.333,
  "NTK-13": 21.51469,
  "NTK-14": 20.12,
  "NTK-15": 19.92011,
  "NTK-16": 144.0366,
  "NTK-17": 254.07007,
  "PRE-32A": 72.53139999999999,
  "PRE-47": 78.06231,
  "SKM-01": 24.894,
  "SKM-02": 20.51974,
  "SKM-03": 20.489319999999996,
  "SKM-04": 21.321,
  "SKM-05": 19.73,
  "SKM-06": 21.714,
  "SKM-07": 20.12426,
  "SKM-08": 26.89145,
  "SKM-09": 17.12457,
  "SKM-10": 70.124,
  "SKM-11": 21.714999999999996,
  "SKM-12": 70.92595999999999,
  "SKM-13": 73.89359999999998,
  "SKM-14": 19.117679999999996,
  "SKM-15": 23.509,
  "SKM-16": 16.73442,
  "SKM-17": 18.325,
  "SKM-18": 22.108130000000003,
  "SKM-19": 15.12832,
  "SKM-20": 25.901,
  "SKM-21": 15.10632,
  "SKM-22A": 20.11242,
  "SKM-22B": 69.78665,
  "SKM-22C": 70.7896,
  "TIK-7101": 38.79352,
  "TIK-7102": 19.527849999999997,
  "TIK-7103": 26.156629999999996,
  "TIK-7104": 18.923029999999997,
  "TIK-7105": 21.518,
  "TIK-7106": 30.280749999999998,
  "TIK-7107": 23.510189999999998,
  "TIK-7108": 17.92,
  "TIK-7109A": 72.31249,
  "TIK-7109B": 68.48552,
  "TIK-7109C": 70.5206,
  "TIK-7110": 19.52347,
  "TIK-7111": 20.45668,
  "TIK-7112A": 110.0,
  "TIK-7112B": 93.15383,
  "TIK-7112C": 93.59485999999998,
  "TIK-7113": 24.504980000000003,
  "TIK-7114": 30.354839999999996,
  "TIK-7115": 15.99856,
  "TIK-7116": 22.88823,
  "TIK-7117": 21.573419999999995,
  "TIK-7118": 18.13582,
  "TIK-7119": 257.72848,
  "TIK-7120": 22.909679999999998,
  "TIK-7122": 60.3355,
  "TIK-7149": 18.726,
  "WHA-02": 19.91847,
  "WHA-04": 25.701,
  "WHA-06": 134.11675,
  "WTS-01": 18.33,
  "WTS-02": 21.911,
  "WTS-03": 24.87467,
  "WTS-04": 23.28642,
  "WTS-05": 73.09844,
  "WTS-06": 29.886580000000002,
  "WTS-07": 23.503,
  "WTS-08": 72.32474,
  "WTS-09": 17.533,
  "WTS-10": 67.36016000000001,
  "WTS-11": 16.73,
  "WTS-12": 20.435589999999998,
  "WTS-14": 17.55839,
  "YAT-7001": 30.28185,
  "YAT-7002": 16.1042,
  "YAT-7003A": 62.35266,
  "YAT-7003B": 62.14182,
  "YAT-7003C": 61.360279999999996,
  "YAT-7003D": 61.763560000000005,
  "YAT-7004": 16.5021,
  "YAT-7005": 18.72801,
  "YAT-7006A": 67.5276,
  "YAT-7006B": 65.88946,
  "YAT-7006C": 65.56156,
  "YAT-7007": 33.0,
  "YAT-7008": 25.901989999999998,
  "YAT-7009": 22.31143,
  "YAT-7010": 25.699,
  "YAT-7012": 29.481430000000003,
  "YMT-31": 25.503999999999998,
  "YMT-32": 22.702060000000003,
  "YMT-33": 23.54548,
  "YMT-34": 16.58738,
  "YMT-35": 75.28179,
  "YMT-36": 22.250999999999998,
  "YMT-37": 20.323,
  "YMT-38": 25.137439999999998,
  "YMT-39": 20.523000000000003,
  "YMT-40": 77.06884,
  "YMT-41": 22.706,
  "YMT-42": 20.719,
  "YMT-44": 23.31261
}