{"CHH-01": 8.0, "CHH-02": 15.0, "CHH-03": 6.0, "CHH-04": 12.0, "CHH-05": 7.0, "CHH-06": 8.0, "CHH-07": 3.0, "CHH-08": 5.0, "CHH-09B": 10.0, "CHH-10": 64.0, "CHH-11": 71.0, "CHH-12": 10.0, "CHH-13A": 13.0, "CHH-14": 7.0, "CHH-15": 8.0, "CHH-16": 5.0, "CHH-17": 8.0, "CHH-18": 4.0, "CHH-19": 8.0, "CHH-20": 6.0, "CHH-21": 8.0, "CHH-22": 15.149999999999995, "CHH-23A": 18.0, "CHH-24": 3.8, "CHH-25": 228.2, "CHH-27": 15.249999999999996, "CHH-28": 518.8999999999997, "CHH-29": 9.899999999999999, "CHH-30": 42.399999999999885, "CHH-31": 14.45, "CHH-32": 26.0, "CHH-33": 27.9, "CHH-34": 14.649999999999997, "CHH-35": 11.449999999999996, "CHH-36": 13.549999999999999, "CHH-37": 217.14999999999998, "DIH-01": 9.0, "DIH-02": 10.0, "DIH-03": 10.0, "DIH-04": 10.0, "DIH-05": 65.29999999999995, "DIH-06": 17.0, "DIH-07": 9.0, "DIH-08": 13.0, "DIH-09": 13.0, "DIH-10": 63.0, "DIH-12": 11.0, "HOM-01": 351.0, "HOM-02": 22.0, "HOM-03": 145.29999999999998, "HOM-04": 16.0, "HOM-05": 10.0, "HOM-06": 21.0, "HOM-07": 6.0, "HOM-08": 30.0, "HOM-09": 8.0, "HOM-10": 10.0, "HOM-11": 115.0, "HOM-12": 76.0, "HOM-13": 7.0, "HOM-14": 9.0, "HOM-15": 15.0, "HOM-16": 4.0, "HOM-17": 24.0, "HOM-18": 5.0, "HOM-19": 23.0, "HOM-20": 38.0, "HOM-21": 22.349999999999966, "HOM-22": 5.0, "KOB-01": 8.0, "KOB-02": 11.0, "KOB-03": 11.0, "KOB-04": 12.0, "KOB-05": 15.0, "KOB-06": 12.0, "KOB-07": 17.0, "KOB-08": 14.0, "KOB-09": 70.79999999999995, "KOB-10": 70.0, "KOB-11": 15.0, "KOB-12": 13.0, "KOB-13": 11.0, "KOB-14": 10.0, "KOB-15": 9.0, "KOB-16": 14.0, "KOT-01": 7.0, "KOT-02": 9.0, "KOT-03": 7.0, "KOT-04": 8.0, "KOT-05": 11.0, "KOT-06": 8.0, "KOT-07": 9.0, "KOT-08": 12.0, "KOT-09": 78.0, "KOT-10": 82.19999999999999, "KOT-11": 15.0, "KOT-12": 14.0, "KOT-13": 8.0, "KOT-14": 9.0, "KOT-15": 7.0, "KOT-16": 9.0, "KWT-6001": 9.0, "KWT-6002": 15.0, "KWT-6003": 5.0, "KWT-6004": 7.0, "KWT-6005": 8.0, "KWT-6006": 7.0, "KWT-6007": 68.0, "KWT-6008": 72.0, "KWT-6009": 9.0, "KWT-6010": 13.0, "KWT-6011": 6.0, "KWT-6012": 14.299999999999955, "KWT-6013": 11.0, "KWT-6014": 17.25, "KWT-6015": 21.349999999999966, "KWT-6016": 13.199999999999989, "KWT-6042": 7.8, "KWT-6044": 247.89999999999998, "KWT-6046": 7.0, "LAT-6101": 12.0, "LAT-6102": 9.0, "LAT-6103": 17.0, "LAT-6104": 63.0, "LAT-6105": 67.44999999999999, "LAT-6106": 17.0, "LAT-6107": 17.0, "LAT-6108": 13.0, "LAT-6109": 35.0, "LAT-6110": 34.25, "LAT-6112": 33.0, "LOF-01": 7.0, "LOF-02": 7.0, "LOF-03": 7.0, "LOF-04": 8.0, "LOF-05": 10.0, "LOF-06": 12.0, "LOF-07": 13.0, "LOF-08": 15.0, "LOF-09": 62.44999999999999, "LOF-10": 64.0, "LOF-11": 12.049999999999955, "LOF-12": 14.0, "LOF-13": 11.0, "LOF-14": 10.0, "MOK-31": 10.0, "MOK-32B": 7.0, "MOK-33": 11.0, "MOK-34A": 8.0, "MOK-34B": 7.0, "MOK-35": 13.0, "MOK-36": 14.0, "MOK-37": 68.39999999999998, "MOK-38": 11.0, "MOK-39": 8.0, "MOK-40": 63.0, "MOK-41": 7.0, "MOK-42": 9.0, "MOK-43": 7.0, "MOK-44": 5.0, "MOK-45": 15.0, "MOK-46": 12.0, "NTK-01": 15.0, "NTK-02": 12.0, "NTK-03": 4.0, "NTK-04": 10.0, "NTK-05": 11.0, "NTK-06": 62.0, "NTK-07": 12.25, "NTK-08": 15.0, "NTK-09": 14.0, "NTK-10": 13.0, "NTK-11": 63.799999999999955, "NTK-12": 4.0, "NTK-13": 13.0, "NTK-14": 8.0, "NTK-15": 11.0, "NTK-16": 39.0, "NTK-17": 393.3, "PRE-32A": 65.0, "PRE-47": 83.0, "SKM-01": 12.0, "SKM-02": 8.0, "SKM-03": 9.0, "SKM-04": 9.0, "SKM-05": 9.0, "SKM-06": 9.0, "SKM-07": 9.0, "SKM-08": 9.0, "SKM-09": 4.0, "SKM-10": 11.0, "SKM-11": 5.0, "SKM-12": 68.0, "SKM-13": 67.0, "SKM-14": 9.0, "SKM-15": 14.0, "SKM-16": 6.0, "SKM-17": 10.0, "SKM-18": 12.0, "SKM-19": 6.0, "SKM-20": 12.0, "SKM-21": 7.0, "SKM-22A": 3.0, "SKM-22B": 5.0, "SKM-22C": 6.0, "TIK-7101": 36.0, "TIK-7102": 23.0, "TIK-7103": 23.0, "TIK-7104": 21.25, "TIK-7105": 16.0, "TIK-7106": 34.0, "TIK-7107": 16.0, "TIK-7108": 16.0, "TIK-7109A": 17.349999999999966, "TIK-7109B": 15.0, "TIK-7109C": 74.79999999999995, "TIK-7110": 15.0, "TIK-7111": 17.0, "TIK-7112A": 187.0, "TIK-7112B": 13.0, "TIK-7112C": 14.399999999999977, "TIK-7113": 24.549999999999955, "TIK-7114": 121.39999999999998, "TIK-7115": 6.800000000000011, "TIK-7116": 21.5, "TIK-7117": 11.5, "TIK-7118": 11.0, "TIK-7119": 275.9, "TIK-7120": 12.0, "TIK-7122": 60.599999999999966, "TIK-7149": 8.0, "WHA-02": 10.0, "WHA-04": 12.0, "WHA-06": 154.0, "WTS-01": 11.0, "WTS-02": 9.0, "WTS-03": 7.0, "WTS-04": 9.0, "WTS-05": 66.0, "WTS-06": 9.0, "WTS-07": 15.0, "WTS-08": 15.0, "WTS-09": 11.0, "WTS-10": 66.0, "WTS-11": 8.049999999999955, "WTS-12": 10.0, "WTS-14": 8.0, "YAT-7001": 25.0, "YAT-7002": 16.0, "YAT-7003A": 13.0, "YAT-7003B": 10.0, "YAT-7003C": 11.0, "YAT-7003D": 59.0, "YAT-7004": 16.0, "YAT-7005": 18.0, "YAT-7006A": 78.0, "YAT-7006B": 14.0, "YAT-7006C": 12.25, "YAT-7007": 36.0, "YAT-7008": 18.25, "YAT-7009": 23.0, "YAT-7010": 22.19999999999999, "YAT-7012": 29.0, "YMT-31": 13.0, "YMT-32": 9.0, "YMT-33": 5.0, "YMT-34": 3.0, "YMT-35": 72.0, "YMT-36": 6.0, "YMT-37": 7.0, "YMT-38": 4.0, "YMT-39": 7.0, "YMT-40": 72.0, "YMT-41": 10.0, "YMT-42": 9.0, "YMT-44": 13.0}