{"CHH-01": 23.70112, "CHH-02": 27.128689999999995, "CHH-03": 21.31704, "CHH-04": 29.14994000000001, "CHH-05": 22.319139999999997, "CHH-06": 22.856840000000002, "CHH-07": 18.12802, "CHH-08": 26.29625, "CHH-09B": 31.51675999999999, "CHH-10": 88.48459999999994, "CHH-11": 115.56311999999967, "CHH-12": 23.71448, "CHH-13A": 25.370900000000002, "CHH-14": 20.720039999999997, "CHH-15": 20.89852, "CHH-16": 18.879599999999996, "CHH-17": 20.15367, "CHH-18": 19.117250000000002, "CHH-19": 20.327280000000002, "CHH-20": 21.890769999999993, "CHH-21": 21.119, "CHH-22": 55.200099999999985, "CHH-23A": 18.0, "CHH-24": 24.505720000000007, "CHH-25": 241.75524000000001, "CHH-27": 37.750499999999995, "CHH-28": 621.47126, "CHH-29": 34.010439999999996, "CHH-30": 138.50499999999985, "CHH-31": 37.49303999999999, "CHH-32": 43.943659999999994, "CHH-33": 54.12937, "CHH-34": 30.671279999999996, "CHH-35": 72.4743, "CHH-36": 27.2369, "CHH-37": 251.65846, "DIH-01": 28.872209999999995, "DIH-02": 27.89, "DIH-03": 88.24134999999978, "DIH-04": 28.919800000000002, "DIH-05": 103.70009999999999, "DIH-06": 40.238209999999995, "DIH-07": 26.1031, "DIH-08": 85.31226, "DIH-09": 29.08636, "DIH-10": 85.16927999999996, "DIH-12": 24.10398, "HOM-01": 350.61419, "HOM-02": 35.05802, "HOM-03": 188.33128, "HOM-04": 29.286, "HOM-05": 30.11172, "HOM-06": 37.659620000000004, "HOM-07": 27.292, "HOM-08": 58.35978, "HOM-09": 140.08823999999993, "HOM-10": 129.33839999999998, "HOM-11": 146.47138999999984, "HOM-12": 134.17640000000003, "HOM-13": 24.506, "HOM-14": 26.08827, "HOM-15": 30.480359999999997, "HOM-16": 17.93154, "HOM-17": 36.45483, "HOM-18": 23.31041, "HOM-19": 36.23872, "HOM-20": 59.292300000000075, "HOM-21": 42.39007999999997, "HOM-22": 25.903180000000003, "KOB-01": 24.971809999999984, "KOB-02": 25.89646, "KOB-03": 31.14835999999998, "KOB-04": 27.814059999999973, "KOB-05": 35.32805999999999, "KOB-06": 31.203269999999975, "KOB-07": 41.08307999999999, "KOB-08": 90.85847999999999, "KOB-09": 101.30999999999995, "KOB-10": 88.35955000000001, "KOB-11": 26.561130000000002, "KOB-12": 26.22024, "KOB-13": 23.29744, "KOB-14": 25.69756, "KOB-15": 22.512960000000003, "KOB-16": 26.30096, "KOT-01": 20.124959999999994, "KOT-02": 22.524089999999987, "KOT-03": 29.08412, "KOT-04": 22.989829999999994, "KOT-05": 31.483439999999998, "KOT-06": 28.461459999999988, "KOT-07": 32.02667999999998, "KOT-08": 105.1446399999999, "KOT-09": 101.43455999999999, "KOT-10": 107.01140999999998, "KOT-11": 25.297079999999998, "KOT-12": 25.657320000000002, "KOT-13": 18.949909999999978, "KOT-14": 21.321, "KOT-15": 19.12798, "KOT-16": 21.33524, "KWT-6001": 27.968520000000005, "KWT-6002": 35.800479999999986, "KWT-6003": 25.449350000000003, "KWT-6004": 25.053319999999992, "KWT-6005": 31.07505, "KWT-6006": 25.502360000000003, "KWT-6007": 92.62335999999996, "KWT-6008": 102.2249600000002, "KWT-6009": 25.08548, "KWT-6010": 37.706999999999994, "KWT-6011": 22.51765, "KWT-6012": 36.193680000000015, "KWT-6013": 28.078500000000002, "KWT-6014": 71.38968000000008, "KWT-6015": 31.53125, "KWT-6016": 55.162570000000386, "KWT-6042": 63.05623999999999, "KWT-6044": 353.57741999999996, "KWT-6046": 43.238949999999996, "LAT-6101": 22.857719999999954, "LAT-6102": 24.937120000000007, "LAT-6103": 35.18173999999999, "LAT-6104": 79.8404, "LAT-6105": 87.59864, "LAT-6106": 82.46651999999999, "LAT-6107": 24.84943999999999, "LAT-6108": 35.93339, "LAT-6109": 39.481500000000004, "LAT-6110": 65.71000000000004, "LAT-6112": 61.36304, "LOF-01": 21.660559999999997, "LOF-02": 20.951, "LOF-03": 24.10508, "LOF-04": 25.10694, "LOF-05": 31.646619999999984, "LOF-06": 35.06278, "LOF-07": 81.67070000000001, "LOF-08": 82.86465999999997, "LOF-09": 80.84468999999994, "LOF-10": 80.28888999999998, "LOF-11": 26.31674, "LOF-12": 26.499049999999997, "LOF-13": 24.112, "LOF-14": 21.9214, "MOK-31": 30.55843999999998, "MOK-32B": 26.502950000000002, "MOK-33": 35.893979999999985, "MOK-34A": 26.64760000000003, "MOK-34B": 23.70704, "MOK-35": 100.28429999999997, "MOK-36": 34.65289, "MOK-37": 93.75503999999998, "MOK-38": 89.40394999999987, "MOK-39": 26.754359999999988, "MOK-40": 82.93000000000008, "MOK-41": 27.926800000000007, "MOK-42": 25.07798, "MOK-43": 28.00002, "MOK-44": 25.295560000000002, "MOK-45": 40.12504999999993, "MOK-46": 35.77872000000001, "NTK-01": 34.31314, "NTK-02": 34.81610000000002, "NTK-03": 24.106650000000002, "NTK-04": 34.00687999999996, "NTK-05": 35.59785999999999, "NTK-06": 82.8784, "NTK-07": 37.95840000000001, "NTK-08": 33.158780000000014, "NTK-09": 104.91539999999961, "NTK-10": 40.23111999999999, "NTK-11": 142.6113199999995, "NTK-12": 32.53938, "NTK-13": 32.562880000000014, "NTK-14": 56.11083000000001, "NTK-15": 33.454700000000045, "NTK-16": 392.1011999999998, "NTK-17": 584.47467, "PRE-32A": 86.41344999999998, "PRE-47": 107.18171999999997, "SKM-01": 26.488000000000003, "SKM-02": 21.71512, "SKM-03": 23.17152, "SKM-04": 22.70248, "SKM-05": 28.086, "SKM-06": 23.30918, "SKM-07": 29.259700000000006, "SKM-08": 29.567999999999998, "SKM-09": 23.731179999999977, "SKM-10": 84.28294999999999, "SKM-11": 28.103069999999995, "SKM-12": 83.12128, "SKM-13": 99.42000000000021, "SKM-14": 24.89884, "SKM-15": 24.6804, "SKM-16": 21.485120000000002, "SKM-17": 19.922400000000003, "SKM-18": 26.33301, "SKM-19": 17.944959999999988, "SKM-20": 29.876400000000018, "SKM-21": 18.534999999999993, "SKM-22A": 24.765819999999998, "SKM-22B": 86.25349999999999, "SKM-22C": 86.85719999999998, "TIK-7101": 46.23458, "TIK-7102": 27.686749999999982, "TIK-7103": 37.22023000000006, "TIK-7104": 26.70252, "TIK-7105": 31.07839, "TIK-7106": 38.8595, "TIK-7107": 33.415699999999994, "TIK-7108": 23.829750000000004, "TIK-7109A": 96.37746999999999, "TIK-7109B": 89.70243999999994, "TIK-7109C": 96.56099999999996, "TIK-7110": 24.576379999999993, "TIK-7111": 42.141499999999986, "TIK-7112A": 221.24, "TIK-7112B": 262.7406400000002, "TIK-7112C": 262.44684, "TIK-7113": 73.79156999999994, "TIK-7114": 176.53948999999997, "TIK-7115": 22.63000000000001, "TIK-7116": 162.21934000000005, "TIK-7117": 39.27395000000042, "TIK-7118": 35.167939999999994, "TIK-7119": 348.59443999999985, "TIK-7120": 28.148020000000006, "TIK-7122": 178.209, "TIK-7149": 22.75378999999999, "WHA-02": 51.88589999999999, "WHA-04": 31.270519999999998, "WHA-06": 192.45300000000003, "WTS-01": 24.45848000000001, "WTS-02": 23.505, "WTS-03": 28.911779999999997, "WTS-04": 25.300979999999996, "WTS-05": 88.68370000000002, "WTS-06": 33.069720000000004, "WTS-07": 27.694060000000007, "WTS-08": 90.47281999999996, "WTS-09": 25.0, "WTS-10": 86.10972000000001, "WTS-11": 26.528069999999968, "WTS-12": 21.52006, "WTS-14": 18.92599, "YAT-7001": 38.006080000000004, "YAT-7002": 22.79300000000003, "YAT-7003A": 76.60434999999998, "YAT-7003B": 77.17464999999999, "YAT-7003C": 77.44862999999998, "YAT-7003D": 76.83096, "YAT-7004": 22.077700000000007, "YAT-7005": 22.654269999999986, "YAT-7006A": 106.55935999999998, "YAT-7006B": 105.51961999999997, "YAT-7006C": 104.17859999999997, "YAT-7007": 41.517329999999916, "YAT-7008": 44.884369999999976, "YAT-7009": 27.21994999999999, "YAT-7010": 44.10411999999995, "YAT-7012": 38.25868999999997, "YMT-31": 30.20301999999997, "YMT-32": 34.11036999999997, "YMT-33": 24.923000000000002, "YMT-34": 21.845690000000015, "YMT-35": 94.87561, "YMT-36": 27.462559999999996, "YMT-37": 20.977200000000003, "YMT-38": 28.967290000000006, "YMT-39": 21.75400000000001, "YMT-40": 90.83236, "YMT-41": 30.729559999999996, "YMT-42": 21.91207, "YMT-44": 24.15907}