{"CHH-01": 17.67532, "CHH-02": 24.702, "CHH-03": 16.53222, "CHH-04": 22.71362, "CHH-05": 17.759960000000003, "CHH-06": 20.72528, "CHH-07": 14.93788, "CHH-08": 23.709, "CHH-09B": 29.28, "CHH-10": 74.10464, "CHH-11": 73.88312, "CHH-12": 23.109, "CHH-13A": 24.386740000000007, "CHH-14": 19.932760000000002, "CHH-15": 19.72964, "CHH-16": 18.1269, "CHH-17": 19.11986, "CHH-18": 18.13, "CHH-19": 19.32708, "CHH-20": 20.649500000000003, "CHH-21": 19.917, "CHH-22": 20.0613, "CHH-23A": 18.0, "CHH-24": 21.9867, "CHH-25": 221.95952, "CHH-27": 27.5715, "CHH-28": 276.15204, "CHH-29": 25.30498, "CHH-30": 29.603699999999996, "CHH-31": 30.349480000000007, "CHH-32": 37.09516000000001, "CHH-33": 41.81674, "CHH-34": 24.30506, "CHH-35": 26.038200000000003, "CHH-36": 22.64128, "CHH-37": 185.67936, "DIH-01": 22.71488, "DIH-02": 26.695, "DIH-03": 67.9498, "DIH-04": 27.262240000000002, "DIH-05": 68.70324, "DIH-06": 37.85008, "DIH-07": 21.5343, "DIH-08": 70.32808, "DIH-09": 21.318880000000007, "DIH-10": 66.73555999999999, "DIH-12": 23.111, "HOM-01": 342.51218000000006, "HOM-02": 33.66522, "HOM-03": 159.31556, "HOM-04": 27.691, "HOM-05": 26.097, "HOM-06": 35.461, "HOM-07": 25.681279999999997, "HOM-08": 51.61962, "HOM-09": 74.15756, "HOM-10": 74.76950000000002, "HOM-11": 102.03798, "HOM-12": 75.6988, "HOM-13": 23.705, "HOM-14": 23.36592, "HOM-15": 29.27798, "HOM-16": 17.054920000000003, "HOM-17": 35.198440000000005, "HOM-18": 20.6737, "HOM-19": 34.60244, "HOM-20": 32.393, "HOM-21": 35.655, "HOM-22": 22.506840000000004, "KOB-01": 19.918, "KOB-02": 24.49012, "KOB-03": 20.126959999999997, "KOB-04": 25.50194, "KOB-05": 21.28772, "KOB-06": 29.540219999999998, "KOB-07": 30.469519999999996, "KOB-08": 74.70309999999999, "KOB-09": 76.82541999999998, "KOB-10": 72.64667999999999, "KOB-11": 25.301, "KOB-12": 24.50916, "KOB-13": 19.756260000000005, "KOB-14": 24.103, "KOB-15": 17.53464, "KOB-16": 25.3, "KOT-01": 14.744000000000002, "KOT-02": 18.12898, "KOT-03": 15.342659999999999, "KOT-04": 18.12722, "KOT-05": 16.72844, "KOT-06": 25.140360000000005, "KOT-07": 24.492759999999997, "KOT-08": 79.48752, "KOT-09": 79.57400000000001, "KOT-10": 79.66127999999999, "KOT-11": 24.501999999999995, "KOT-12": 24.705, "KOT-13": 17.52366, "KOT-14": 20.708, "KOT-15": 15.936219999999999, "KOT-16": 20.54328, "KWT-6001": 22.301940000000002, "KWT-6002": 28.377320000000005, "KWT-6003": 20.075100000000003, "KWT-6004": 22.712, "KWT-6005": 26.297, "KWT-6006": 24.094959999999997, "KWT-6007": 78.52116, "KWT-6008": 78.89768, "KWT-6009": 23.3134, "KWT-6010": 34.068000000000005, "KWT-6011": 19.92, "KWT-6012": 31.25336, "KWT-6013": 23.360239999999997, "KWT-6014": 30.083, "KWT-6015": 25.674999999999997, "KWT-6016": 29.674, "KWT-6042": 44.52738, "KWT-6044": 277.08054000000004, "KWT-6046": 35.551899999999996, "LAT-6101": 16.033540000000002, "LAT-6102": 20.45132, "LAT-6103": 29.31652, "LAT-6104": 67.042, "LAT-6105": 73.50204, "LAT-6106": 69.32947999999999, "LAT-6107": 21.914, "LAT-6108": 29.484180000000002, "LAT-6109": 33.4645, "LAT-6110": 37.77412, "LAT-6112": 40.427800000000005, "LOF-01": 15.948520000000002, "LOF-02": 18.528, "LOF-03": 16.739, "LOF-04": 21.518, "LOF-05": 24.6552, "LOF-06": 30.86184, "LOF-07": 69.72332, "LOF-08": 73.06828, "LOF-09": 67.92954, "LOF-10": 69.66442, "LOF-11": 19.721, "LOF-12": 21.882600000000004, "LOF-13": 17.327, "LOF-14": 18.20688, "MOK-31": 22.34958, "MOK-32B": 22.508340000000004, "MOK-33": 30.281999999999996, "MOK-34A": 21.31900000000001, "MOK-34B": 19.32912, "MOK-35": 76.64939999999999, "MOK-36": 30.605959999999996, "MOK-37": 71.53132, "MOK-38": 75.03599999999999, "MOK-39": 23.112540000000003, "MOK-40": 72.09419999999999, "MOK-41": 20.913200000000003, "MOK-42": 23.504, "MOK-43": 18.897080000000003, "MOK-44": 20.2892, "MOK-45": 32.2611, "MOK-46": 25.106, "NTK-01": 15.32986, "NTK-02": 23.1164, "NTK-03": 12.152299999999999, "NTK-04": 27.494, "NTK-05": 17.9947, "NTK-06": 73.52, "NTK-07": 22.899, "NTK-08": 27.09362, "NTK-09": 69.91216, "NTK-10": 23.906239999999997, "NTK-11": 69.58172, "NTK-12": 16.577280000000002, "NTK-13": 21.748140000000003, "NTK-14": 20.516, "NTK-15": 20.321, "NTK-16": 145.5116, "NTK-17": 289.69998, "PRE-32A": 74.1319, "PRE-47": 80.8867, "SKM-01": 25.465, "SKM-02": 20.9026, "SKM-03": 22.03384, "SKM-04": 21.6598, "SKM-05": 21.715, "SKM-06": 21.924, "SKM-07": 21.72792, "SKM-08": 27.155500000000004, "SKM-09": 17.533660000000005, "SKM-10": 71.3187, "SKM-11": 21.916, "SKM-12": 71.72164, "SKM-13": 74.9028, "SKM-14": 23.316360000000003, "SKM-15": 23.7012, "SKM-16": 20.121, "SKM-17": 18.522, "SKM-18": 24.508340000000004, "SKM-19": 15.14188, "SKM-20": 26.64284, "SKM-21": 15.14388, "SKM-22A": 20.466680000000004, "SKM-22B": 71.52520000000001, "SKM-22C": 72.5136, "TIK-7101": 40.01008, "TIK-7102": 20.916600000000003, "TIK-7103": 28.28566, "TIK-7104": 20.315360000000002, "TIK-7105": 24.57674, "TIK-7106": 31.0385, "TIK-7107": 26.6486, "TIK-7108": 18.700499999999998, "TIK-7109A": 75.31684, "TIK-7109B": 70.92096, "TIK-7109C": 73.51199999999999, "TIK-7110": 20.644540000000003, "TIK-7111": 21.31448, "TIK-7112A": 119.93656, "TIK-7112B": 101.67026, "TIK-7112C": 102.38864000000001, "TIK-7113": 25.703460000000003, "TIK-7114": 45.25702000000001, "TIK-7115": 17.23144, "TIK-7116": 24.5296, "TIK-7117": 22.75346, "TIK-7118": 19.52432, "TIK-7119": 265.39592, "TIK-7120": 24.030759999999997, "TIK-7122": 61.275, "TIK-7149": 19.5037, "WHA-02": 24.304, "WHA-04": 26.09404, "WHA-06": 141.3175, "WTS-01": 18.52878, "WTS-02": 22.11, "WTS-03": 24.95254, "WTS-04": 23.506, "WTS-05": 74.09528, "WTS-06": 30.28244, "WTS-07": 23.67882, "WTS-08": 73.31228, "WTS-09": 17.73, "WTS-10": 68.71060000000001, "WTS-11": 16.933, "WTS-12": 20.676219999999997, "WTS-14": 17.926, "YAT-7001": 31.47206, "YAT-7002": 17.400599999999997, "YAT-7003A": 63.93432000000001, "YAT-7003B": 63.643179999999994, "YAT-7003C": 63.28193999999999, "YAT-7003D": 63.1302, "YAT-7004": 17.806799999999996, "YAT-7005": 19.557260000000003, "YAT-7006A": 70.01764, "YAT-7006B": 68.74664000000001, "YAT-7006C": 68.39656, "YAT-7007": 33.67036, "YAT-7008": 27.084899999999998, "YAT-7009": 23.309739999999998, "YAT-7010": 26.4998, "YAT-7012": 30.89084, "YMT-31": 25.698, "YMT-32": 22.91254, "YMT-33": 23.83336, "YMT-34": 16.927, "YMT-35": 77.0, "YMT-36": 22.512860000000003, "YMT-37": 20.521, "YMT-38": 25.69396000000001, "YMT-39": 20.718000000000004, "YMT-40": 79.06108, "YMT-41": 23.513160000000003, "YMT-42": 20.92154, "YMT-44": 23.506}