{
  "CHH-01": 8.0,
  "CHH-02": 15.0,
  "CHH-03": 6.0,
  "CHH-04": 12.0,
  "CHH-05": 7.0,
  "CHH-06": 8.0,
  "CHH-07": 3.0,
  "CHH-08": 5.0,
  "CHH-09B": 10.0,
  "CHH-10": 66.0,
  "CHH-11": 67.0,
  "CHH-12": 10.0,
  "CHH-13A": 13.0,
  "CHH-14": 6.0,
  "CHH-15": 8.0,
  "CHH-16": 4.0,
  "CHH-17": 7.0,
  "CHH-18": 4.0,
  "CHH-19": 8.0,
  "CHH-20": 6.0,
  "CHH-21": 8.0,
  "CHH-22": 9.0,
  "CHH-23A": null,
  "CHH-24": 4.0,
  "CHH-25": 383.8000000000002,
  "CHH-27": 13.0,
  "CHH-28": 391.5,
  "CHH-29": 10.0,
  "CHH-30": 11.0,
  "CHH-31": 17.0,
  "CHH-32": 29.100000000000023,
  "CHH-33": 38.799999999999955,
  "CHH-34": 11.0,
  "CHH-35": 18.0,
  "CHH-36": 10.0,
  "CHH-37": 570.4000000000005,
  "DIH-01": 8.0,
  "DIH-02": 10.0,
  "DIH-03": 10.0,
  "DIH-04": 9.0,
  "DIH-05": 62.0,
  "DIH-06": 16.0,
  "DIH-07": 9.0,
  "DIH-08": 12.0,
  "DIH-09": 13.0,
  "DIH-10": 62.0,
  "DIH-12": 11.0,
  "HOM-02": 22.0,
  "HOM-03": 169.0,
  "HOM-04": 15.0,
  "HOM-05": 9.0,
  "HOM-06": 20.0,
  "HOM-07": 5.0,
  "HOM-08": 30.0,
  "HOM-09": 8.0,
  "HOM-10": 10.0,
  "HOM-11": 97.0,
  "HOM-12": 89.0,
  "HOM-13": 7.0,
  "HOM-14": 9.0,
  "HOM-15": 15.0,
  "HOM-16": 4.0,
  "HOM-17": 23.0,
  "HOM-18": 5.0,
  "HOM-19": 23.0,
  "HOM-20": 23.0,
  "HOM-21": 22.0,
  "HOM-22": 5.0,
  "KOB-01": 7.0,
  "KOB-02": 11.0,
  "KOB-03": 10.0,
  "KOB-04": 12.0,
  "KOB-05": 15.0,
  "KOB-06": 12.0,
  "KOB-07": 17.0,
  "KOB-08": 13.0,
  "KOB-09": 70.0,
  "KOB-10": 69.0,
  "KOB-11": 14.0,
  "KOB-12": 12.0,
  "KOB-13": 10.0,
  "KOB-14": 10.0,
  "KOB-15": 9.0,
  "KOB-16": 14.0,
  "KOT-01": 7.0,
  "KOT-02": 9.0,
  "KOT-03": 7.0,
  "KOT-04": 9.0,
  "KOT-05": 9.0,
  "KOT-06": 8.0,
  "KOT-07": 9.0,
  "KOT-08": 12.0,
  "KOT-09": 76.0,
  "KOT-10": 82.0,
  "KOT-11": 15.0,
  "KOT-12": 13.0,
  "KOT-13": 8.0,
  "KOT-14": 9.0,
  "KOT-15": 7.0,
  "KOT-16": 9.0,
  "KWT-6001": 9.0,
  "KWT-6002": 14.0,
  "KWT-6003": 5.0,
  "KWT-6004": 7.0,
  "KWT-6005": 7.0,
  "KWT-6006": 7.0,
  "KWT-6007": 69.0,
  "KWT-6008": 69.0,
  "KWT-6009": 9.0,
  "KWT-6010": 12.0,
  "KWT-6011": 6.0,
  "KWT-6012": 14.0,
  "KWT-6013": 11.0,
  "KWT-6014": 15.0,
  "KWT-6015": 19.0,
  "KWT-6016": 13.0,
  "KWT-6021": 6.0,
  "KWT-6042": 8.0,
  "KWT-6044": 498.20000000000016,
  "KWT-6046": 8.0,
  "LAT-6101": 10.0,
  "LAT-6102": 8.0,
  "LAT-6103": 16.0,
  "LAT-6104": 61.0,
  "LAT-6105": 68.0,
  "LAT-6106": 15.0,
  "LAT-6107": 14.0,
  "LAT-6108": 12.0,
  "LAT-6109": 32.0,
  "LAT-6110": 32.0,
  "LAT-6111": null,
  "LAT-6112": 30.0,
  "LOF-01": 7.0,
  "LOF-02": 6.0,
  "LOF-03": 7.0,
  "LOF-04": 8.0,
  "LOF-05": 10.0,
  "LOF-06": 12.0,
  "LOF-07": 13.0,
  "LOF-08": 15.0,
  "LOF-09": 63.0,
  "LOF-10": 66.0,
  "LOF-11": 12.0,
  "LOF-12": 14.0,
  "LOF-13": 10.0,
  "LOF-14": 10.0,
  "MOK-31": 10.0,
  "MOK-32A": 66.0,
  "MOK-32B": 7.0,
  "MOK-33": 12.0,
  "MOK-34A": 7.0,
  "MOK-34B": 7.0,
  "MOK-35": 13.0,
  "MOK-36": 13.0,
  "MOK-37": 65.0,
  "MOK-38": 11.0,
  "MOK-39": 7.0,
  "MOK-40": 61.0,
  "MOK-41": 7.0,
  "MOK-42": 9.0,
  "MOK-43": 7.0,
  "MOK-44": 5.0,
  "MOK-45": 14.0,
  "MOK-46": 13.0,
  "MOK-47": 83.0,
  "NTK-01": 7.0,
  "NTK-02": 12.0,
  "NTK-03": 3.0,
  "NTK-04": 10.0,
  "NTK-05": 11.0,
  "NTK-06": 63.0,
  "NTK-07": 12.0,
  "NTK-08": 15.0,
  "NTK-09": 13.0,
  "NTK-10": 12.0,
  "NTK-11": 64.0,
  "NTK-12": 4.0,
  "NTK-13": 13.0,
  "NTK-14": 8.0,
  "NTK-15": 11.0,
  "NTK-16": 140.50000000000003,
  "NTK-17": 481.29999999999995,
  "SKM-01": 12.0,
  "SKM-02": 8.0,
  "SKM-03": 9.0,
  "SKM-04": 9.0,
  "SKM-05": 9.0,
  "SKM-06": 9.0,
  "SKM-07": 9.0,
  "SKM-08": 9.0,
  "SKM-09": 4.0,
  "SKM-10": 11.0,
  "SKM-11": 5.0,
  "SKM-12": 66.0,
  "SKM-13": 66.0,
  "SKM-14": 8.0,
  "SKM-15": 14.0,
  "SKM-16": 6.0,
  "SKM-17": 10.0,
  "SKM-18": 12.0,
  "SKM-19": 6.0,
  "SKM-20": 13.0,
  "SKM-21": 7.0,
  "SKM-22A": 3.0,
  "SKM-22B": 4.0,
  "SKM-22C": 5.0,
  "TIK-7101": 35.0,
  "TIK-7102": 18.0,
  "TIK-7103": 20.0,
  "TIK-7104": 19.0,
  "TIK-7105": 13.0,
  "TIK-7106": 31.0,
  "TIK-7107": 13.0,
  "TIK-7108": 14.0,
  "TIK-7109A": 14.0,
  "TIK-7109B": 11.0,
  "TIK-7109C": 70.0,
  "TIK-7110": 13.0,
  "TIK-7111": 14.0,
  "TIK-7112A": 209.0,
  "TIK-7112B": 11.0,
  "TIK-7112C": 14.0,
  "TIK-7113": 24.0,
  "TIK-7114": 128.0,
  "TIK-7115": 4.0,
  "TIK-7116": 19.0,
  "TIK-7117": 10.0,
  "TIK-7118": 13.0,
  "TIK-7119": 305.5999999999999,
  "TIK-7120": 11.0,
  "TIK-7122": 99.0,
  "TIK-7149": 5.0,
  "WHA-02": 10.0,
  "WHA-04": 11.0,
  "WHA-06": 146.0,
  "WTS-01": 11.0,
  "WTS-02": 9.0,
  "WTS-03": 6.0,
  "WTS-04": 9.0,
  "WTS-05": 66.0,
  "WTS-06": 9.0,
  "WTS-07": 15.0,
  "WTS-08": 15.0,
  "WTS-09": 10.0,
  "WTS-10": 65.0,
  "WTS-11": 8.0,
  "WTS-12": 10.0,
  "WTS-14": 8.0,
  "YAT-7001": 23.0,
  "YAT-7002": 14.0,
  "YAT-7003A": 10.0,
  "YAT-7003B": 8.0,
  "YAT-7003C": 9.0,
  "YAT-7003D": 58.0,
  "YAT-7004": 12.0,
  "YAT-7005": 15.0,
  "YAT-7006A": 72.0,
  "YAT-7006B": 11.0,
  "YAT-7006C": 11.0,
  "YAT-7007": 32.0,
  "YAT-7008": 17.0,
  "YAT-7009": 21.0,
  "YAT-7010": 21.0,
  "YAT-7012": 28.0,
  "YMT-31": 12.0,
  "YMT-32": 9.0,
  "YMT-33": 5.0,
  "YMT-34": 3.0,
  "YMT-35": 70.0,
  "YMT-36": 5.0,
  "YMT-37": 7.0,
  "YMT-38": 4.0,
  "YMT-39": 7.0,
  "YMT-40": 74.0,
  "YMT-41": 10.0,
  "YMT-42": 9.0,
  "YMT-44": 13.0,
  "YMT-60": 5.900000000000006,
  "WHA-08": 19.4,
  "WHA-10": 528.0,
  "LAT-6114": 70.0,
  "TIK-7119S": 387.00000000000006,
  "TIK-7122S": 1159.9,
  "HOM-01": 1137.6
}