{"CHH-01": 17.331, "CHH-02": 24.030299999999997, "CHH-03": 16.0343, "CHH-04": 22.3173, "CHH-05": 17.3326, "CHH-06": 20.543999999999997, "CHH-07": 14.346599999999999, "CHH-08": 23.497500000000002, "CHH-09B": 28.683000000000003, "CHH-10": 72.91369999999999, "CHH-11": 72.92859999999999, "CHH-12": 22.916, "CHH-13A": 23.9808, "CHH-14": 19.7512, "CHH-15": 19.126, "CHH-16": 17.929000000000006, "CHH-17": 18.1338, "CHH-18": 17.929500000000004, "CHH-19": 18.0858, "CHH-20": 20.322, "CHH-21": 18.542, "CHH-22": 19.461, "CHH-23A": 12.399999999999999, "CHH-24": 20.538899999999998, "CHH-25": 213.5152, "CHH-27": 27.123, "CHH-28": 214.88899999999992, "CHH-29": 24.387300000000003, "CHH-30": 28.192500000000003, "CHH-31": 28.1108, "CHH-32": 35.3082, "CHH-33": 37.7525, "CHH-34": 22.0957, "CHH-35": 21.9135, "CHH-36": 21.5233, "CHH-37": 171.64219999999995, "DIH-01": 22.307299999999998, "DIH-02": 26.2325, "DIH-03": 66.785, "DIH-04": 26.697, "DIH-05": 67.1526, "DIH-06": 37.253299999999996, "DIH-07": 21.113, "DIH-08": 69.51939999999999, "DIH-09": 21.117, "DIH-10": 65.84859999999999, "DIH-12": 22.9187, "HOM-01": 339.4257, "HOM-02": 33.2855, "HOM-03": 156.7808, "HOM-04": 27.336399999999998, "HOM-05": 25.7221, "HOM-06": 34.4632, "HOM-07": 25.3564, "HOM-08": 49.2138, "HOM-09": 68.3398, "HOM-10": 71.02850000000001, "HOM-11": 91.16869999999997, "HOM-12": 71.516, "HOM-13": 23.313, "HOM-14": 22.6297, "HOM-15": 28.886000000000003, "HOM-16": 16.5366, "HOM-17": 34.865, "HOM-18": 17.131, "HOM-19": 34.068000000000005, "HOM-20": 25.0635, "HOM-21": 35.153000000000006, "HOM-22": 21.717599999999997, "KOB-01": 19.3242, "KOB-02": 23.94, "KOB-03": 19.720399999999998, "KOB-04": 25.103, "KOB-05": 20.599399999999992, "KOB-06": 29.2881, "KOB-07": 29.681400000000004, "KOB-08": 72.89359999999999, "KOB-09": 75.10420000000002, "KOB-10": 70.9649, "KOB-11": 25.1, "KOB-12": 23.5156, "KOB-13": 19.325, "KOB-14": 22.626399999999997, "KOB-15": 17.1326, "KOB-16": 23.983599999999996, "KOT-01": 14.544, "KOT-02": 16.535899999999998, "KOT-03": 14.9877, "KOT-04": 17.137, "KOT-05": 16.3296, "KOT-06": 24.6966, "KOT-07": 23.709200000000003, "KOT-08": 76.048, "KOT-09": 77.314, "KOT-10": 77.0904, "KOT-11": 24.305, "KOT-12": 24.409399999999998, "KOT-13": 17.2809, "KOT-14": 20.325, "KOT-15": 15.688000000000002, "KOT-16": 20.31900000000001, "KWT-6001": 21.3194, "KWT-6002": 27.693700000000007, "KWT-6003": 19.122700000000002, "KWT-6004": 22.116799999999998, "KWT-6005": 25.647199999999998, "KWT-6006": 23.55, "KWT-6007": 77.30019999999998, "KWT-6008": 77.8612, "KWT-6009": 23.099, "KWT-6010": 33.86189999999999, "KWT-6011": 19.3308, "KWT-6012": 30.878600000000002, "KWT-6013": 22.9072, "KWT-6014": 29.6776, "KWT-6015": 24.7085, "KWT-6016": 29.153799999999997, "KWT-6042": 42.323699999999995, "KWT-6044": 268.9113, "KWT-6046": 32.62349999999999, "LAT-6101": 14.944400000000002, "LAT-6102": 19.326, "LAT-6103": 28.266799999999996, "LAT-6104": 65.0, "LAT-6105": 71.5132, "LAT-6106": 67.33279999999999, "LAT-6107": 20.9181, "LAT-6108": 28.4818, "LAT-6109": 32.8855, "LAT-6110": 35.268, "LAT-6112": 39.2534, "LOF-01": 15.736, "LOF-02": 18.129, "LOF-03": 16.497, "LOF-04": 20.97849999999999, "LOF-05": 24.371999999999993, "LOF-06": 30.080999999999996, "LOF-07": 68.5486, "LOF-08": 71.708, "LOF-09": 66.7591, "LOF-10": 68.4944, "LOF-11": 19.524, "LOF-12": 20.526, "LOF-13": 17.132, "LOF-14": 16.7378, "MOK-31": 22.0735, "MOK-32B": 22.1741, "MOK-33": 29.8781, "MOK-34A": 21.0876, "MOK-34B": 19.124, "MOK-35": 73.5108, "MOK-36": 30.1339, "MOK-37": 68.3278, "MOK-38": 73.509, "MOK-39": 22.705099999999998, "MOK-40": 70.533, "MOK-41": 20.091, "MOK-42": 23.1157, "MOK-43": 18.3236, "MOK-44": 19.921, "MOK-45": 32.0445, "MOK-46": 24.6264, "NTK-01": 14.9389, "NTK-02": 22.714, "NTK-03": 11.755, "NTK-04": 27.086, "NTK-05": 17.532, "NTK-06": 71.84040000000002, "NTK-07": 22.514, "NTK-08": 26.691, "NTK-09": 68.6024, "NTK-10": 23.3092, "NTK-11": 68.3388, "NTK-12": 16.248799999999996, "NTK-13": 21.497, "NTK-14": 20.0778, "NTK-15": 19.8996, "NTK-16": 143.631, "NTK-17": 253.2019, "PRE-32A": 72.3735, "PRE-47": 77.71979999999998, "SKM-01": 24.704, "SKM-02": 20.5178, "SKM-03": 20.316399999999998, "SKM-04": 21.312999999999995, "SKM-05": 19.533, "SKM-06": 21.709, "SKM-07": 19.908, "SKM-08": 26.718, "SKM-09": 16.9339, "SKM-10": 69.94300000000001, "SKM-11": 21.712, "SKM-12": 70.7322, "SKM-13": 73.722, "SKM-14": 18.28639999999999, "SKM-15": 23.508000000000006, "SKM-16": 16.1376, "SKM-17": 18.32, "SKM-18": 21.712500000000002, "SKM-19": 15.116399999999999, "SKM-20": 25.8938, "SKM-21": 15.0746, "SKM-22A": 20.0622, "SKM-22B": 69.5295, "SKM-22C": 70.65099999999998, "TIK-7101": 38.6412, "TIK-7102": 19.389, "TIK-7103": 26.075599999999998, "TIK-7104": 18.666099999999986, "TIK-7105": 21.321899999999996, "TIK-7106": 30.127499999999998, "TIK-7107": 22.877799999999993, "TIK-7108": 17.723, "TIK-7109A": 71.9173, "TIK-7109B": 68.3122, "TIK-7109C": 70.303, "TIK-7110": 19.321900000000003, "TIK-7111": 20.285999999999998, "TIK-7112A": 109.0, "TIK-7112B": 91.99749999999999, "TIK-7112C": 92.0924, "TIK-7113": 24.37249999999999, "TIK-7114": 29.488899999999955, "TIK-7115": 15.832399999999998, "TIK-7116": 22.52599999999999, "TIK-7117": 21.3788, "TIK-7118": 17.931799999999996, "TIK-7119": 255.96359999999999, "TIK-7120": 22.704599999999996, "TIK-7122": 60.169, "TIK-7149": 18.5323, "WHA-02": 19.7461, "WHA-04": 25.698, "WHA-06": 133.04399999999998, "WTS-01": 18.328, "WTS-02": 21.905, "WTS-03": 24.7312, "WTS-04": 23.126, "WTS-05": 72.9254, "WTS-06": 29.8812, "WTS-07": 23.47300000000001, "WTS-08": 72.30059999999999, "WTS-09": 17.532, "WTS-10": 67.1514, "WTS-11": 16.7233, "WTS-12": 20.325, "WTS-14": 17.532700000000002, "YAT-7001": 30.063, "YAT-7002": 15.945, "YAT-7003A": 62.1646, "YAT-7003B": 61.7622, "YAT-7003C": 61.1388, "YAT-7003D": 61.54480000000001, "YAT-7004": 16.334, "YAT-7005": 18.530099999999997, "YAT-7006A": 67.0, "YAT-7006B": 65.7424, "YAT-7006C": 65.34729999999999, "YAT-7007": 32.8626, "YAT-7008": 25.697699999999998, "YAT-7009": 22.157199999999996, "YAT-7010": 25.501800000000003, "YAT-7012": 29.2823, "YMT-31": 25.5012, "YMT-32": 22.594999999999995, "YMT-33": 23.5106, "YMT-34": 16.5383, "YMT-35": 74.9946, "YMT-36": 22.119, "YMT-37": 20.321, "YMT-38": 25.104, "YMT-39": 20.52, "YMT-40": 76.8838, "YMT-41": 22.643599999999996, "YMT-42": 20.717, "YMT-44": 23.3097}