{"CHH-01": 17.529, "CHH-02": 24.5055, "CHH-03": 16.332250000000002, "CHH-04": 22.558249999999997, "CHH-05": 17.627, "CHH-06": 20.719, "CHH-07": 14.741, "CHH-08": 23.6925, "CHH-09B": 29.0795, "CHH-10": 73.72274999999999, "CHH-11": 73.513, "CHH-12": 23.105, "CHH-13A": 24.25925, "CHH-14": 19.921, "CHH-15": 19.672, "CHH-16": 18.0905, "CHH-17": 18.91175, "CHH-18": 18.124, "CHH-19": 19.127499999999998, "CHH-20": 20.521250000000002, "CHH-21": 19.5375, "CHH-22": 19.97175, "CHH-23A": 16.0, "CHH-24": 21.46275, "CHH-25": 215.0, "CHH-27": 27.39375, "CHH-28": 258.0905, "CHH-29": 25.15525, "CHH-30": 28.7415, "CHH-31": 28.837000000000003, "CHH-32": 35.962, "CHH-33": 39.490750000000006, "CHH-34": 23.06075, "CHH-35": 24.603, "CHH-36": 21.8695, "CHH-37": 184.512, "DIH-01": 22.51425, "DIH-02": 26.49875, "DIH-03": 67.53925000000001, "DIH-04": 27.088, "DIH-05": 68.1325, "DIH-06": 37.52975, "DIH-07": 21.5125, "DIH-08": 70.128, "DIH-09": 21.271, "DIH-10": 66.345, "DIH-12": 23.105750000000004, "HOM-01": 341.35475, "HOM-02": 33.47925, "HOM-03": 158.2645, "HOM-04": 27.494, "HOM-05": 25.90475, "HOM-06": 34.9535, "HOM-07": 25.502, "HOM-08": 50.4015, "HOM-09": 70.219, "HOM-10": 73.27249999999998, "HOM-11": 99.61625, "HOM-12": 74.0, "HOM-13": 23.512, "HOM-14": 23.106250000000003, "HOM-15": 29.088500000000003, "HOM-16": 16.883499999999998, "HOM-17": 35.05975, "HOM-18": 17.757, "HOM-19": 34.271, "HOM-20": 28.0, "HOM-21": 35.459, "HOM-22": 22.11575, "KOB-01": 19.725, "KOB-02": 24.2965, "KOB-03": 20.046999999999997, "KOB-04": 25.3, "KOB-05": 20.91625, "KOB-06": 29.48575, "KOB-07": 30.083, "KOB-08": 73.916, "KOB-09": 76.27824999999999, "KOB-10": 72.10825000000001, "KOB-11": 25.29125, "KOB-12": 24.308500000000002, "KOB-13": 19.706249999999997, "KOB-14": 23.829, "KOB-15": 17.338, "KOB-16": 25.079, "KOT-01": 14.74, "KOT-02": 17.1965, "KOT-03": 15.31575, "KOT-04": 17.532500000000002, "KOT-05": 16.5255, "KOT-06": 25.097000000000005, "KOT-07": 24.108, "KOT-08": 78.667, "KOT-09": 78.49, "KOT-10": 78.69900000000001, "KOT-11": 24.484, "KOT-12": 24.685, "KOT-13": 17.334, "KOT-14": 20.522, "KOT-15": 15.7855, "KOT-16": 20.52, "KWT-6001": 21.911, "KWT-6002": 28.187749999999998, "KWT-6003": 19.528750000000002, "KWT-6004": 22.512, "KWT-6005": 25.90625, "KWT-6006": 23.907, "KWT-6007": 78.082, "KWT-6008": 78.501, "KWT-6009": 23.283, "KWT-6010": 34.055749999999996, "KWT-6011": 19.717, "KWT-6012": 31.078000000000007, "KWT-6013": 23.155, "KWT-6014": 29.886, "KWT-6015": 25.041, "KWT-6016": 29.486, "KWT-6042": 43.668749999999996, "KWT-6044": 274.05674999999997, "KWT-6046": 34.45375, "LAT-6101": 15.54025, "LAT-6102": 20.1345, "LAT-6103": 28.88275, "LAT-6104": 66.146, "LAT-6105": 72.764, "LAT-6106": 68.5385, "LAT-6107": 21.56075, "LAT-6108": 29.275749999999995, "LAT-6109": 33.268, "LAT-6110": 36.26475, "LAT-6112": 40.05, "LOF-01": 15.933, "LOF-02": 18.403, "LOF-03": 16.5795, "LOF-04": 21.318250000000006, "LOF-05": 24.506500000000003, "LOF-06": 30.4815, "LOF-07": 69.333, "LOF-08": 72.51650000000001, "LOF-09": 67.53299999999999, "LOF-10": 69.31550000000001, "LOF-11": 19.65675, "LOF-12": 21.1165, "LOF-13": 17.148, "LOF-14": 17.532, "MOK-31": 22.290999999999997, "MOK-32B": 22.316249999999997, "MOK-33": 30.102, "MOK-34A": 21.307, "MOK-34B": 19.313, "MOK-35": 75.47500000000001, "MOK-36": 30.47175, "MOK-37": 69.914, "MOK-38": 74.4975, "MOK-39": 22.912, "MOK-40": 71.5805, "MOK-41": 20.5325, "MOK-42": 23.315, "MOK-43": 18.628999999999998, "MOK-44": 20.121, "MOK-45": 32.084250000000004, "MOK-46": 24.902, "NTK-01": 15.14, "NTK-02": 23.107, "NTK-03": 11.95425, "NTK-04": 27.439, "NTK-05": 17.732, "NTK-06": 73.059, "NTK-07": 22.71, "NTK-08": 26.9625, "NTK-09": 69.505, "NTK-10": 23.705, "NTK-11": 69.12, "NTK-12": 16.533, "NTK-13": 21.71025, "NTK-14": 20.32, "NTK-15": 20.121, "NTK-16": 145.00650000000002, "NTK-17": 264.114, "PRE-32A": 73.47775, "PRE-47": 79.4915, "SKM-01": 25.296, "SKM-02": 20.718000000000004, "SKM-03": 21.6685, "SKM-04": 21.518749999999997, "SKM-05": 21.515, "SKM-06": 21.9095, "SKM-07": 21.5175, "SKM-08": 27.088, "SKM-09": 17.347749999999998, "SKM-10": 70.71325000000002, "SKM-11": 21.90925, "SKM-12": 71.517, "SKM-13": 74.509, "SKM-14": 22.921, "SKM-15": 23.5695, "SKM-16": 19.9165, "SKM-17": 18.3315, "SKM-18": 24.30725, "SKM-19": 15.14, "SKM-20": 26.306, "SKM-21": 15.14, "SKM-22A": 20.155, "SKM-22B": 70.70774999999999, "SKM-22C": 71.72800000000002, "TIK-7101": 39.431, "TIK-7102": 20.322250000000004, "TIK-7103": 27.4835, "TIK-7104": 19.6025, "TIK-7105": 23.509, "TIK-7106": 30.681, "TIK-7107": 25.459750000000003, "TIK-7108": 18.326, "TIK-7109A": 74.096, "TIK-7109B": 69.54400000000001, "TIK-7109C": 72.2305, "TIK-7110": 20.318250000000006, "TIK-7111": 21.0, "TIK-7112A": 115.157, "TIK-7112B": 97.221, "TIK-7112C": 98.6125, "TIK-7113": 25.49, "TIK-7114": 38.449, "TIK-7115": 16.7375, "TIK-7116": 23.7125, "TIK-7117": 22.1345, "TIK-7118": 18.756500000000003, "TIK-7119": 260.997, "TIK-7120": 23.511, "TIK-7122": 60.8575, "TIK-7149": 19.12725, "WHA-02": 20.32275, "WHA-04": 25.898000000000003, "WHA-06": 137.76675, "WTS-01": 18.523, "WTS-02": 22.036, "WTS-03": 24.902250000000002, "WTS-04": 23.362, "WTS-05": 73.54599999999999, "WTS-06": 30.108, "WTS-07": 23.51375, "WTS-08": 72.9045, "WTS-09": 17.721, "WTS-10": 68.0, "WTS-11": 16.80875, "WTS-12": 20.52025, "WTS-14": 17.730749999999997, "YAT-7001": 31.078500000000005, "YAT-7002": 17.0, "YAT-7003A": 63.43125, "YAT-7003B": 62.9655, "YAT-7003C": 62.554, "YAT-7003D": 62.533, "YAT-7004": 17.3315, "YAT-7005": 19.368, "YAT-7006A": 69.0, "YAT-7006B": 67.428, "YAT-7006C": 67.1515, "YAT-7007": 33.369, "YAT-7008": 26.50425, "YAT-7009": 23.0, "YAT-7010": 26.102, "YAT-7012": 30.080000000000002, "YMT-31": 25.668999999999997, "YMT-32": 22.82925, "YMT-33": 23.706, "YMT-34": 16.736, "YMT-35": 76.10625, "YMT-36": 22.474250000000005, "YMT-37": 20.514499999999998, "YMT-38": 25.49825, "YMT-39": 20.68, "YMT-40": 78.09899999999998, "YMT-41": 23.0135, "YMT-42": 20.914, "YMT-44": 23.497}