{
  "CHH-01": 8.0,
  "CHH-02": 15.0,
  "CHH-03": 6.0,
  "CHH-04": 12.0,
  "CHH-05": 7.0,
  "CHH-06": 8.0,
  "CHH-07": 3.0,
  "CHH-08": 5.0,
  "CHH-09B": 10.0,
  "CHH-10": 63.0,
  "CHH-11": 68.05000000000001,
  "CHH-12": 10.0,
  "CHH-13A": 13.0,
  "CHH-14": 6.0,
  "CHH-15": 8.0,
  "CHH-16": 5.0,
  "CHH-17": 7.0,
  "CHH-18": 4.0,
  "CHH-19": 8.0,
  "CHH-20": 6.0,
  "CHH-21": 8.0,
  "CHH-22": 13.610000000000007,
  "CHH-23A": 18.0,
  "CHH-24": 3.72,
  "CHH-25": 224.68,
  "CHH-27": 14.550000000000004,
  "CHH-28": 484.46000000000004,
  "CHH-29": 9.46,
  "CHH-30": 10.0,
  "CHH-31": 14.23,
  "CHH-32": 26.0,
  "CHH-33": 27.46,
  "CHH-34": 14.110000000000003,
  "CHH-35": 11.0,
  "CHH-36": 13.370000000000001,
  "CHH-37": 210.01000000000005,
  "DIH-01": 8.0,
  "DIH-02": 10.0,
  "DIH-03": 10.0,
  "DIH-04": 10.0,
  "DIH-05": 62.420000000000016,
  "DIH-06": 17.0,
  "DIH-07": 9.0,
  "DIH-08": 13.0,
  "DIH-09": 13.0,
  "DIH-10": 61.56,
  "DIH-12": 11.0,
  "HOM-01": 351.0,
  "HOM-02": 22.0,
  "HOM-03": 144.01,
  "HOM-04": 16.0,
  "HOM-05": 10.0,
  "HOM-06": 21.0,
  "HOM-07": 6.0,
  "HOM-08": 30.0,
  "HOM-09": 8.0,
  "HOM-10": 10.0,
  "HOM-11": 110.25999999999999,
  "HOM-12": 73.0,
  "HOM-13": 7.0,
  "HOM-14": 9.0,
  "HOM-15": 15.0,
  "HOM-16": 4.0,
  "HOM-17": 23.0,
  "HOM-18": 5.0,
  "HOM-19": 23.0,
  "HOM-20": 35.0,
  "HOM-21": 22.0,
  "HOM-22": 5.0,
  "KOB-01": 7.0,
  "KOB-02": 11.0,
  "KOB-03": 10.0,
  "KOB-04": 12.0,
  "KOB-05": 15.0,
  "KOB-06": 12.0,
  "KOB-07": 17.0,
  "KOB-08": 13.0,
  "KOB-09": 68.12,
  "KOB-10": 68.25999999999999,
  "KOB-11": 14.0,
  "KOB-12": 12.0,
  "KOB-13": 10.0,
  "KOB-14": 10.0,
  "KOB-15": 9.0,
  "KOB-16": 14.0,
  "KOT-01": 6.0,
  "KOT-02": 9.0,
  "KOT-03": 7.0,
  "KOT-04": 8.0,
  "KOT-05": 9.0,
  "KOT-06": 8.0,
  "KOT-07": 9.0,
  "KOT-08": 11.0,
  "KOT-09": 76.0,
  "KOT-10": 79.0,
  "KOT-11": 15.0,
  "KOT-12": 13.0,
  "KOT-13": 8.0,
  "KOT-14": 9.0,
  "KOT-15": 7.0,
  "KOT-16": 9.0,
  "KWT-6001": 9.0,
  "KWT-6002": 14.0,
  "KWT-6003": 5.0,
  "KWT-6004": 7.0,
  "KWT-6005": 8.0,
  "KWT-6006": 7.0,
  "KWT-6007": 67.0,
  "KWT-6008": 69.0,
  "KWT-6009": 9.0,
  "KWT-6010": 12.0,
  "KWT-6011": 6.0,
  "KWT-6012": 14.0,
  "KWT-6013": 11.0,
  "KWT-6014": 14.950000000000045,
  "KWT-6015": 20.090000000000032,
  "KWT-6016": 13.0,
  "KWT-6042": 7.720000000000001,
  "KWT-6044": 245.06,
  "KWT-6046": 7.0,
  "LAT-6101": 11.879999999999995,
  "LAT-6102": 9.0,
  "LAT-6103": 17.0,
  "LAT-6104": 62.0,
  "LAT-6105": 66.0,
  "LAT-6106": 16.0,
  "LAT-6107": 16.0,
  "LAT-6108": 12.0,
  "LAT-6109": 33.0,
  "LAT-6110": 31.0,
  "LAT-6112": 31.0,
  "LOF-01": 7.0,
  "LOF-02": 6.0,
  "LOF-03": 7.0,
  "LOF-04": 8.0,
  "LOF-05": 9.0,
  "LOF-06": 12.0,
  "LOF-07": 12.0,
  "LOF-08": 15.0,
  "LOF-09": 61.0,
  "LOF-10": 62.35000000000002,
  "LOF-11": 11.0,
  "LOF-12": 14.0,
  "LOF-13": 10.0,
  "LOF-14": 10.0,
  "MOK-31": 9.0,
  "MOK-32B": 7.0,
  "MOK-33": 11.0,
  "MOK-34A": 7.0,
  "MOK-34B": 7.0,
  "MOK-35": 13.0,
  "MOK-36": 13.0,
  "MOK-37": 66.0,
  "MOK-38": 11.0,
  "MOK-39": 7.0,
  "MOK-40": 62.0,
  "MOK-41": 7.0,
  "MOK-42": 9.0,
  "MOK-43": 7.0,
  "MOK-44": 5.0,
  "MOK-45": 13.0,
  "MOK-46": 12.0,
  "NTK-01": 7.0,
  "NTK-02": 11.0,
  "NTK-03": 3.0,
  "NTK-04": 10.0,
  "NTK-05": 10.0,
  "NTK-06": 62.0,
  "NTK-07": 11.950000000000045,
  "NTK-08": 15.0,
  "NTK-09": 12.0,
  "NTK-10": 12.0,
  "NTK-11": 61.72000000000003,
  "NTK-12": 4.0,
  "NTK-13": 12.0,
  "NTK-14": 8.0,
  "NTK-15": 11.0,
  "NTK-16": 39.0,
  "NTK-17": 387.42,
  "PRE-32A": 63.0,
  "PRE-47": 81.0,
  "SKM-01": 12.0,
  "SKM-02": 8.0,
  "SKM-03": 9.0,
  "SKM-04": 9.0,
  "SKM-05": 9.0,
  "SKM-06": 9.0,
  "SKM-07": 9.0,
  "SKM-08": 9.0,
  "SKM-09": 4.0,
  "SKM-10": 11.0,
  "SKM-11": 5.0,
  "SKM-12": 66.0,
  "SKM-13": 66.0,
  "SKM-14": 9.0,
  "SKM-15": 13.0,
  "SKM-16": 6.0,
  "SKM-17": 10.0,
  "SKM-18": 12.0,
  "SKM-19": 6.0,
  "SKM-20": 12.0,
  "SKM-21": 7.0,
  "SKM-22A": 3.0,
  "SKM-22B": 5.0,
  "SKM-22C": 5.0,
  "TIK-7101": 35.0,
  "TIK-7102": 21.0,
  "TIK-7103": 22.0,
  "TIK-7104": 20.0,
  "TIK-7105": 15.0,
  "TIK-7106": 33.0,
  "TIK-7107": 15.0,
  "TIK-7108": 15.0,
  "TIK-7109A": 16.0,
  "TIK-7109B": 14.0,
  "TIK-7109C": 72.0,
  "TIK-7110": 15.0,
  "TIK-7111": 16.0,
  "TIK-7112A": 177.70000000000005,
  "TIK-7112B": 12.0,
  "TIK-7112C": 14.0,
  "TIK-7113": 22.0,
  "TIK-7114": 98.48000000000025,
  "TIK-7115": 6.0,
  "TIK-7116": 20.0,
  "TIK-7117": 9.850000000000001,
  "TIK-7118": 10.0,
  "TIK-7119": 271.06,
  "TIK-7120": 10.0,
  "TIK-7122": 56.48000000000002,
  "TIK-7149": 6.0,
  "WHA-02": 10.0,
  "WHA-04": 12.0,
  "WHA-06": 151.0,
  "WTS-01": 11.0,
  "WTS-02": 9.0,
  "WTS-03": 7.0,
  "WTS-04": 9.0,
  "WTS-05": 65.0,
  "WTS-06": 9.0,
  "WTS-07": 15.0,
  "WTS-08": 15.0,
  "WTS-09": 11.0,
  "WTS-10": 65.0,
  "WTS-11": 8.0,
  "WTS-12": 10.0,
  "WTS-14": 8.0,
  "YAT-7001": 23.0,
  "YAT-7002": 15.0,
  "YAT-7003A": 11.950000000000045,
  "YAT-7003B": 9.0,
  "YAT-7003C": 9.020000000000039,
  "YAT-7003D": 58.0,
  "YAT-7004": 15.0,
  "YAT-7005": 16.0,
  "YAT-7006A": 75.0,
  "YAT-7006B": 12.0,
  "YAT-7006C": 12.0,
  "YAT-7007": 35.0,
  "YAT-7008": 16.950000000000045,
  "YAT-7009": 22.0,
  "YAT-7010": 21.879999999999995,
  "YAT-7012": 28.0,
  "YMT-31": 12.0,
  "YMT-32": 8.0,
  "YMT-33": 5.0,
  "YMT-34": 3.0,
  "YMT-35": 71.0,
  "YMT-36": 5.0,
  "YMT-37": 7.0,
  "YMT-38": 4.0,
  "YMT-39": 7.0,
  "YMT-40": 70.56,
  "YMT-41": 10.0,
  "YMT-42": 9.0,
  "YMT-44": 13.0
}