{
  "CHH-01": 21.248,
  "CHH-02": 25.189600000000002,
  "CHH-03": 19.522,
  "CHH-04": 23.304000000000002,
  "CHH-05": 20.32,
  "CHH-06": 21.412,
  "CHH-07": 16.535,
  "CHH-08": 24.304,
  "CHH-09B": 30.282,
  "CHH-10": 77.89399999999998,
  "CHH-11": 77.498,
  "CHH-12": 22.97300000000001,
  "CHH-13A": 24.902,
  "CHH-14": 19.713,
  "CHH-15": 20.32,
  "CHH-16": 17.533,
  "CHH-17": 19.722,
  "CHH-18": 17.669800000000002,
  "CHH-19": 19.922,
  "CHH-20": 19.922,
  "CHH-21": 20.465,
  "CHH-22": 23.709,
  "CHH-23A": null,
  "CHH-24": 22.711,
  "CHH-25": 315.558,
  "CHH-27": 31.6762,
  "CHH-28": 264.7454000000001,
  "CHH-29": 26.971600000000002,
  "CHH-30": 31.676,
  "CHH-31": 32.543000000000006,
  "CHH-32": 44.824,
  "CHH-33": 46.218,
  "CHH-34": 28.685599999999997,
  "CHH-35": 31.079,
  "CHH-36": 25.4996,
  "CHH-37": 312.65600000000006,
  "DIH-01": 23.839,
  "DIH-02": 25.512,
  "DIH-03": 71.319,
  "DIH-04": 25.899,
  "DIH-05": 71.671,
  "DIH-06": 36.743,
  "DIH-07": 23.054800000000007,
  "DIH-08": 73.52,
  "DIH-09": 24.902,
  "DIH-10": 70.721,
  "DIH-12": 23.702,
  "HOM-02": 34.262,
  "HOM-03": 173.32359999999997,
  "HOM-04": 28.369,
  "HOM-05": 28.488000000000007,
  "HOM-06": 36.8658,
  "HOM-07": 26.097,
  "HOM-08": 53.39,
  "HOM-09": 95.225,
  "HOM-10": 90.046,
  "HOM-11": 96.5772,
  "HOM-12": 87.86180000000002,
  "HOM-13": 24.106,
  "HOM-14": 24.8962,
  "HOM-15": 29.882000000000005,
  "HOM-16": 17.531,
  "HOM-17": 35.79440000000001,
  "HOM-18": 21.517,
  "HOM-19": 35.46,
  "HOM-20": 33.267,
  "HOM-21": 36.457,
  "HOM-22": 23.706,
  "KOB-01": 20.718000000000004,
  "KOB-02": 25.101,
  "KOB-03": 23.907,
  "KOB-04": 26.098000000000013,
  "KOB-05": 28.686,
  "KOB-06": 30.018,
  "KOB-07": 35.859,
  "KOB-08": 79.4868,
  "KOB-09": 82.00720000000001,
  "KOB-10": 77.1264,
  "KOB-11": 25.7952,
  "KOB-12": 25.302,
  "KOB-13": 20.324,
  "KOB-14": 24.703000000000007,
  "KOB-15": 18.925,
  "KOB-16": 25.699,
  "KOT-01": 16.137,
  "KOT-02": 20.912,
  "KOT-03": 16.934,
  "KOT-04": 20.524,
  "KOT-05": 17.93,
  "KOT-06": 26.501000000000005,
  "KOT-07": 25.301,
  "KOT-08": 88.84359999999998,
  "KOT-09": 85.462,
  "KOT-10": 86.45999999999998,
  "KOT-11": 24.901,
  "KOT-12": 25.101,
  "KOT-13": 17.93,
  "KOT-14": 20.934,
  "KOT-15": 16.5962,
  "KOT-16": 20.918000000000006,
  "KWT-6001": 25.898000000000003,
  "KWT-6002": 28.988000000000003,
  "KWT-6003": 23.307,
  "KWT-6004": 23.307,
  "KWT-6005": 29.0642,
  "KWT-6006": 24.703000000000003,
  "KWT-6007": 83.073,
  "KWT-6008": 82.6776,
  "KWT-6009": 23.895,
  "KWT-6010": 34.466,
  "KWT-6011": 20.519,
  "KWT-6012": 31.873000000000005,
  "KWT-6013": 25.3,
  "KWT-6014": 30.679,
  "KWT-6015": 28.4838,
  "KWT-6016": 30.281,
  "KWT-6021": 23.106399999999997,
  "KWT-6042": 47.76700000000002,
  "KWT-6044": 371.18620000000004,
  "KWT-6046": 36.855,
  "LAT-6101": 17.73,
  "LAT-6102": 21.724,
  "LAT-6103": 30.681,
  "LAT-6104": 70.28240000000001,
  "LAT-6105": 77.48899999999998,
  "LAT-6106": 72.90480000000001,
  "LAT-6107": 23.109,
  "LAT-6108": 32.472,
  "LAT-6109": 34.5192,
  "LAT-6110": 42.63399999999999,
  "LAT-6111": 37.652,
  "LAT-6112": 43.101000000000006,
  "LOF-01": 17.127,
  "LOF-02": 19.531,
  "LOF-03": 18.327,
  "LOF-04": 23.906,
  "LOF-05": 25.502,
  "LOF-06": 34.063,
  "LOF-07": 73.51,
  "LOF-08": 77.49600000000002,
  "LOF-09": 71.32,
  "LOF-10": 73.90899999999998,
  "LOF-11": 20.718000000000004,
  "LOF-12": 25.899,
  "LOF-13": 18.547,
  "LOF-14": 21.317,
  "MOK-31": 24.106,
  "MOK-32A": 79.52420000000001,
  "MOK-32B": 22.908,
  "MOK-33": 31.873,
  "MOK-34A": 21.715,
  "MOK-34B": 19.724,
  "MOK-35": 81.17200000000001,
  "MOK-36": 31.679,
  "MOK-37": 74.904,
  "MOK-38": 77.8592,
  "MOK-39": 23.7168,
  "MOK-40": 74.69520000000001,
  "MOK-41": 21.7108,
  "MOK-42": 24.304,
  "MOK-43": 20.095600000000005,
  "MOK-44": 21.316,
  "MOK-45": 33.514,
  "MOK-46": 26.103,
  "MOK-47": 91.042,
  "NTK-01": 19.125,
  "NTK-02": 23.707,
  "NTK-03": 15.739,
  "NTK-04": 27.89,
  "NTK-05": 23.109,
  "NTK-06": 76.699,
  "NTK-07": 26.89,
  "NTK-08": 27.692,
  "NTK-09": 74.905,
  "NTK-10": 24.697,
  "NTK-11": 74.11,
  "NTK-12": 17.3164,
  "NTK-13": 23.309,
  "NTK-14": 21.117,
  "NTK-15": 23.308000000000003,
  "NTK-16": 152.804,
  "NTK-17": 349.5446000000002,
  "SKM-01": 25.899,
  "SKM-02": 21.117,
  "SKM-03": 22.512,
  "SKM-04": 22.077,
  "SKM-05": 22.312,
  "SKM-06": 22.317,
  "SKM-07": 22.916,
  "SKM-08": 27.691,
  "SKM-09": 19.523,
  "SKM-10": 75.702,
  "SKM-11": 24.058000000000003,
  "SKM-12": 75.304,
  "SKM-13": 78.893,
  "SKM-14": 23.994,
  "SKM-15": 24.114,
  "SKM-16": 20.718000000000004,
  "SKM-17": 18.926,
  "SKM-18": 25.3,
  "SKM-19": 15.6332,
  "SKM-20": 28.022600000000004,
  "SKM-21": 15.793600000000001,
  "SKM-22A": 21.715,
  "SKM-22B": 77.693,
  "SKM-22C": 78.492,
  "TIK-7101": 41.63300000000001,
  "TIK-7102": 23.506,
  "TIK-7103": 30.685,
  "TIK-7104": 22.101600000000005,
  "TIK-7105": 27.693,
  "TIK-7106": 32.871,
  "TIK-7107": 29.683000000000007,
  "TIK-7108": 20.382,
  "TIK-7109A": 80.28399999999996,
  "TIK-7109B": 76.8962,
  "TIK-7109C": 79.48320000000001,
  "TIK-7110": 22.313,
  "TIK-7111": 22.8,
  "TIK-7112A": 194.00620000000004,
  "TIK-7112B": 191.446,
  "TIK-7112C": 194.037,
  "TIK-7113": 27.692,
  "TIK-7114": 113.41919999999996,
  "TIK-7115": 18.896,
  "TIK-7116": 111.34300000000002,
  "TIK-7117": 25.21220000000001,
  "TIK-7118": 30.281,
  "TIK-7119": 285.52000000000004,
  "TIK-7120": 26.441200000000002,
  "TIK-7122": 64.50060000000002,
  "TIK-7149": 20.9234,
  "WHA-02": 25.699,
  "WHA-04": 27.491,
  "WHA-06": 141.245,
  "WTS-01": 19.131,
  "WTS-02": 22.489,
  "WTS-03": 25.696,
  "WTS-04": 23.906,
  "WTS-05": 77.70040000000002,
  "WTS-06": 30.878,
  "WTS-07": 24.504,
  "WTS-08": 77.694,
  "WTS-09": 19.928600000000003,
  "WTS-10": 72.714,
  "WTS-11": 18.938799999999997,
  "WTS-12": 21.117,
  "WTS-14": 18.4786,
  "YAT-7001": 33.2216,
  "YAT-7002": 19.125,
  "YAT-7003A": 68.331,
  "YAT-7003B": 68.331,
  "YAT-7003C": 67.53399999999999,
  "YAT-7003D": 66.73899999999999,
  "YAT-7004": 19.125,
  "YAT-7005": 20.918000000000006,
  "YAT-7006A": 76.441,
  "YAT-7006B": 77.501,
  "YAT-7006C": 77.296,
  "YAT-7007": 34.7428,
  "YAT-7008": 28.72,
  "YAT-7009": 24.506,
  "YAT-7010": 28.489,
  "YAT-7012": 33.664,
  "YMT-31": 26.098000000000013,
  "YMT-32": 23.706,
  "YMT-33": 24.236999999999995,
  "YMT-34": 17.333,
  "YMT-35": 82.476,
  "YMT-36": 23.11,
  "YMT-37": 20.901600000000002,
  "YMT-38": 26.309,
  "YMT-39": 21.291600000000003,
  "YMT-40": 86.463,
  "YMT-41": 24.305,
  "YMT-42": 21.321,
  "YMT-44": 23.9,
  "YMT-60": 19.4084,
  "WHA-08": 50.36880000000001,
  "WHA-10": 523.0498,
  "LAT-6114": 67.89320000000001,
  "TIK-7119S": 29.489,
  "TIK-7122S": 1489.3942000000002,
  "HOM-01": 1008.1797999999999
}