{
  "CHH-01": 9.0,
  "CHH-02": 15.0,
  "CHH-03": 6.0,
  "CHH-04": 14.0,
  "CHH-05": 7.0,
  "CHH-06": 8.0,
  "CHH-07": 4.0,
  "CHH-08": 5.0,
  "CHH-09B": 11.0,
  "CHH-10": 74.0,
  "CHH-11": 79.0,
  "CHH-12": 10.0,
  "CHH-13A": 13.0,
  "CHH-14": 6.0,
  "CHH-15": 8.0,
  "CHH-16": 4.0,
  "CHH-17": 8.0,
  "CHH-18": 4.0,
  "CHH-19": 8.0,
  "CHH-20": 6.0,
  "CHH-21": 8.0,
  "CHH-22": 12.0,
  "CHH-23A": null,
  "CHH-24": 6.0,
  "CHH-25": 487.3499999999999,
  "CHH-27": 15.0,
  "CHH-28": 480.25,
  "CHH-29": 11.0,
  "CHH-30": 12.0,
  "CHH-31": 20.0,
  "CHH-32": 41.0,
  "CHH-33": 79.69999999999959,
  "CHH-34": 13.549999999999955,
  "CHH-35": 20.0,
  "CHH-36": 12.0,
  "CHH-37": 844.7999999999995,
  "DIH-01": 9.0,
  "DIH-02": 10.0,
  "DIH-03": 10.0,
  "DIH-04": 10.0,
  "DIH-05": 70.0,
  "DIH-06": 17.0,
  "DIH-07": 9.0,
  "DIH-08": 13.0,
  "DIH-09": 13.0,
  "DIH-10": 68.0,
  "DIH-12": 11.0,
  "HOM-02": 22.0,
  "HOM-03": 196.0,
  "HOM-04": 16.0,
  "HOM-05": 10.0,
  "HOM-06": 21.0,
  "HOM-07": 6.0,
  "HOM-08": 31.0,
  "HOM-09": 8.0,
  "HOM-10": 12.0,
  "HOM-11": 112.0,
  "HOM-12": 119.0,
  "HOM-13": 7.0,
  "HOM-14": 9.0,
  "HOM-15": 15.0,
  "HOM-16": 4.0,
  "HOM-17": 24.0,
  "HOM-18": 5.0,
  "HOM-19": 23.0,
  "HOM-20": 34.0,
  "HOM-21": 23.0,
  "HOM-22": 5.0,
  "KOB-01": 8.0,
  "KOB-02": 11.0,
  "KOB-03": 11.0,
  "KOB-04": 12.0,
  "KOB-05": 18.0,
  "KOB-06": 12.0,
  "KOB-07": 18.0,
  "KOB-08": 14.0,
  "KOB-09": 77.0,
  "KOB-10": 77.0,
  "KOB-11": 15.0,
  "KOB-12": 13.0,
  "KOB-13": 11.0,
  "KOB-14": 10.0,
  "KOB-15": 10.0,
  "KOB-16": 14.0,
  "KOT-01": 7.0,
  "KOT-02": 10.0,
  "KOT-03": 8.0,
  "KOT-04": 13.0,
  "KOT-05": 10.0,
  "KOT-06": 11.0,
  "KOT-07": 10.0,
  "KOT-08": 13.0,
  "KOT-09": 84.0,
  "KOT-10": 92.0,
  "KOT-11": 15.0,
  "KOT-12": 14.0,
  "KOT-13": 8.0,
  "KOT-14": 9.0,
  "KOT-15": 7.0,
  "KOT-16": 9.0,
  "KWT-6001": 10.0,
  "KWT-6002": 15.0,
  "KWT-6003": 6.0,
  "KWT-6004": 8.0,
  "KWT-6005": 8.0,
  "KWT-6006": 7.0,
  "KWT-6007": 76.0,
  "KWT-6008": 76.0,
  "KWT-6009": 9.0,
  "KWT-6010": 13.0,
  "KWT-6011": 6.0,
  "KWT-6012": 16.0,
  "KWT-6013": 11.0,
  "KWT-6014": 34.0,
  "KWT-6015": 22.0,
  "KWT-6016": 15.0,
  "KWT-6021": 9.0,
  "KWT-6042": 10.0,
  "KWT-6044": 901.8000000000004,
  "KWT-6046": 9.0,
  "LAT-6101": 12.0,
  "LAT-6102": 9.0,
  "LAT-6103": 18.0,
  "LAT-6104": 65.0,
  "LAT-6105": 74.0,
  "LAT-6106": 18.0,
  "LAT-6107": 16.0,
  "LAT-6108": 14.0,
  "LAT-6109": 34.0,
  "LAT-6110": 42.0,
  "LAT-6111": null,
  "LAT-6112": 33.0,
  "LOF-01": 7.0,
  "LOF-02": 7.0,
  "LOF-03": 8.0,
  "LOF-04": 9.0,
  "LOF-05": 10.0,
  "LOF-06": 12.0,
  "LOF-07": 14.0,
  "LOF-08": 15.0,
  "LOF-09": 68.0,
  "LOF-10": 75.0,
  "LOF-11": 14.0,
  "LOF-12": 14.0,
  "LOF-13": 11.0,
  "LOF-14": 10.0,
  "MOK-31": 12.0,
  "MOK-32A": 72.0,
  "MOK-32B": 7.0,
  "MOK-33": 14.0,
  "MOK-34A": 8.0,
  "MOK-34B": 8.0,
  "MOK-35": 14.0,
  "MOK-36": 14.0,
  "MOK-37": 73.0,
  "MOK-38": 11.0,
  "MOK-39": 7.0,
  "MOK-40": 66.0,
  "MOK-41": 7.0,
  "MOK-42": 9.0,
  "MOK-43": 8.0,
  "MOK-44": 5.0,
  "MOK-45": 18.0,
  "MOK-46": 14.0,
  "MOK-47": 93.0,
  "NTK-01": 16.0,
  "NTK-02": 16.0,
  "NTK-03": 4.0,
  "NTK-04": 13.0,
  "NTK-05": 14.0,
  "NTK-06": 69.0,
  "NTK-07": 14.0,
  "NTK-08": 15.0,
  "NTK-09": 15.0,
  "NTK-10": 15.0,
  "NTK-11": 72.0,
  "NTK-12": 5.0,
  "NTK-13": 15.0,
  "NTK-14": 9.0,
  "NTK-15": 14.0,
  "NTK-16": 185.6,
  "NTK-17": 590.6499999999999,
  "SKM-01": 12.0,
  "SKM-02": 8.0,
  "SKM-03": 9.0,
  "SKM-04": 9.0,
  "SKM-05": 9.0,
  "SKM-06": 9.0,
  "SKM-07": 9.0,
  "SKM-08": 9.0,
  "SKM-09": 5.0,
  "SKM-10": 12.0,
  "SKM-11": 6.0,
  "SKM-12": 72.0,
  "SKM-13": 71.0,
  "SKM-14": 9.0,
  "SKM-15": 14.0,
  "SKM-16": 6.0,
  "SKM-17": 10.0,
  "SKM-18": 12.0,
  "SKM-19": 6.0,
  "SKM-20": 15.0,
  "SKM-21": 8.0,
  "SKM-22A": 3.0,
  "SKM-22B": 5.0,
  "SKM-22C": 6.0,
  "TIK-7101": 38.0,
  "TIK-7102": 21.0,
  "TIK-7103": 22.0,
  "TIK-7104": 22.0,
  "TIK-7105": 16.0,
  "TIK-7106": 34.0,
  "TIK-7107": 16.0,
  "TIK-7108": 16.0,
  "TIK-7109A": 16.0,
  "TIK-7109B": 14.0,
  "TIK-7109C": 77.0,
  "TIK-7110": 16.0,
  "TIK-7111": 17.0,
  "TIK-7112A": 238.0,
  "TIK-7112B": 14.0,
  "TIK-7112C": 16.0,
  "TIK-7113": 33.0,
  "TIK-7114": 160.0,
  "TIK-7115": 6.0,
  "TIK-7116": 22.0,
  "TIK-7117": 12.0,
  "TIK-7118": 34.0,
  "TIK-7119": 359.2999999999997,
  "TIK-7120": 13.0,
  "TIK-7122": 135.29999999999927,
  "TIK-7149": 8.0,
  "WHA-02": 10.0,
  "WHA-04": 12.0,
  "WHA-06": 170.29999999999927,
  "WTS-01": 12.0,
  "WTS-02": 10.0,
  "WTS-03": 7.0,
  "WTS-04": 9.0,
  "WTS-05": 72.0,
  "WTS-06": 10.0,
  "WTS-07": 15.0,
  "WTS-08": 15.0,
  "WTS-09": 11.0,
  "WTS-10": 73.0,
  "WTS-11": 9.0,
  "WTS-12": 10.0,
  "WTS-14": 8.0,
  "YAT-7001": 26.0,
  "YAT-7002": 16.0,
  "YAT-7003A": 13.0,
  "YAT-7003B": 10.0,
  "YAT-7003C": 12.0,
  "YAT-7003D": 64.0,
  "YAT-7004": 15.0,
  "YAT-7005": 17.0,
  "YAT-7006A": 82.0,
  "YAT-7006B": 14.0,
  "YAT-7006C": 13.0,
  "YAT-7007": 35.0,
  "YAT-7008": 20.0,
  "YAT-7009": 24.0,
  "YAT-7010": 24.0,
  "YAT-7012": 30.0,
  "YMT-31": 14.0,
  "YMT-32": 13.0,
  "YMT-33": 6.0,
  "YMT-34": 3.0,
  "YMT-35": 76.0,
  "YMT-36": 6.0,
  "YMT-37": 7.0,
  "YMT-38": 5.0,
  "YMT-39": 8.0,
  "YMT-40": 84.0,
  "YMT-41": 11.0,
  "YMT-42": 9.0,
  "YMT-44": 13.0,
  "YMT-60": 6.0,
  "WHA-08": 21.199999999999996,
  "WHA-10": 538.0,
  "LAT-6114": 105.0,
  "TIK-7119S": 403.0,
  "TIK-7122S": 1327.4499999999996,
  "HOM-01": 1181.3
}