{"CHH-01": 9.0, "CHH-02": 15.279999999999973, "CHH-03": 6.0, "CHH-04": 14.0, "CHH-05": 8.0, "CHH-06": 9.0, "CHH-07": 4.0, "CHH-08": 6.019999999999982, "CHH-09B": 10.0, "CHH-10": 69.51999999999998, "CHH-11": 76.90000000000003, "CHH-12": 10.0, "CHH-13A": 13.0, "CHH-14": 8.0, "CHH-15": 8.120000000000005, "CHH-16": 5.0, "CHH-17": 8.0, "CHH-18": 5.0, "CHH-19": 8.0, "CHH-20": 7.0, "CHH-21": 8.159999999999968, "CHH-22": 17.459999999999994, "CHH-23A": 18.0, "CHH-24": 3.92, "CHH-25": 233.48, "CHH-27": 16.299999999999997, "CHH-28": 570.5600000000001, "CHH-29": 10.559999999999999, "CHH-30": 120.15999999999995, "CHH-31": 14.78, "CHH-32": 26.0, "CHH-33": 28.560000000000002, "CHH-34": 15.46, "CHH-35": 12.98, "CHH-36": 13.82, "CHH-37": 227.85999999999996, "DIH-01": 9.0, "DIH-02": 11.0, "DIH-03": 12.0, "DIH-04": 10.0, "DIH-05": 73.12, "DIH-06": 18.0, "DIH-07": 9.0, "DIH-08": 13.079999999999984, "DIH-09": 14.0, "DIH-10": 66.4799999999999, "DIH-12": 11.0, "HOM-01": 351.0, "HOM-02": 22.159999999999968, "HOM-03": 159.89999999999998, "HOM-04": 16.0, "HOM-05": 12.099999999999966, "HOM-06": 21.0, "HOM-07": 6.0, "HOM-08": 30.0, "HOM-09": 9.0, "HOM-10": 12.0, "HOM-11": 121.18, "HOM-12": 110.0, "HOM-13": 8.0, "HOM-14": 9.0, "HOM-15": 15.0, "HOM-16": 4.219999999999999, "HOM-17": 24.0, "HOM-18": 6.0, "HOM-19": 23.0, "HOM-20": 43.0, "HOM-21": 23.139999999999986, "HOM-22": 6.0, "KOB-01": 8.0, "KOB-02": 12.0, "KOB-03": 11.0, "KOB-04": 13.0, "KOB-05": 18.0, "KOB-06": 13.0, "KOB-07": 19.0, "KOB-08": 14.0, "KOB-09": 79.0, "KOB-10": 76.0, "KOB-11": 15.0, "KOB-12": 13.0, "KOB-13": 11.0, "KOB-14": 11.0, "KOB-15": 10.0, "KOB-16": 14.0, "KOT-01": 7.0, "KOT-02": 10.0, "KOT-03": 8.0, "KOT-04": 9.0, "KOT-05": 13.0, "KOT-06": 9.0, "KOT-07": 12.04000000000002, "KOT-08": 12.0, "KOT-09": 84.31999999999994, "KOT-10": 92.07999999999998, "KOT-11": 15.0, "KOT-12": 14.0, "KOT-13": 9.0, "KOT-14": 9.0, "KOT-15": 8.0, "KOT-16": 9.0, "KWT-6001": 10.0, "KWT-6002": 15.0, "KWT-6003": 6.0, "KWT-6004": 8.0, "KWT-6005": 8.0, "KWT-6006": 8.0, "KWT-6007": 73.27999999999997, "KWT-6008": 76.39999999999998, "KWT-6009": 9.0, "KWT-6010": 14.0, "KWT-6011": 6.0, "KWT-6012": 16.0, "KWT-6013": 12.0, "KWT-6014": 37.19999999999993, "KWT-6015": 24.0, "KWT-6016": 16.0, "KWT-6042": 7.92, "KWT-6044": 252.16, "KWT-6046": 7.0, "LAT-6101": 15.0, "LAT-6102": 11.0, "LAT-6103": 20.0, "LAT-6104": 68.0, "LAT-6105": 71.0, "LAT-6106": 20.69999999999999, "LAT-6107": 20.0, "LAT-6108": 15.659999999999968, "LAT-6109": 38.0, "LAT-6110": 48.099999999999966, "LAT-6112": 35.71999999999997, "LOF-01": 8.0, "LOF-02": 7.0, "LOF-03": 8.0, "LOF-04": 9.0, "LOF-05": 10.04000000000002, "LOF-06": 13.95999999999998, "LOF-07": 14.0, "LOF-08": 15.0, "LOF-09": 69.18, "LOF-10": 68.0, "LOF-11": 14.0, "LOF-12": 15.0, "LOF-13": 11.0, "LOF-14": 10.0, "MOK-31": 12.279999999999973, "MOK-32B": 7.0, "MOK-33": 13.0, "MOK-34A": 8.95999999999998, "MOK-34B": 8.0, "MOK-35": 14.0, "MOK-36": 15.0, "MOK-37": 77.0, "MOK-38": 12.0, "MOK-39": 8.0, "MOK-40": 66.06, "MOK-41": 7.0, "MOK-42": 9.0, "MOK-43": 8.0, "MOK-44": 6.0, "MOK-45": 18.0, "MOK-46": 13.0, "NTK-01": 17.0, "NTK-02": 15.680000000000007, "NTK-03": 5.0, "NTK-04": 15.0, "NTK-05": 14.0, "NTK-06": 66.69999999999999, "NTK-07": 17.69999999999999, "NTK-08": 16.0, "NTK-09": 15.0, "NTK-10": 16.0, "NTK-11": 73.84000000000003, "NTK-12": 5.6200000000000045, "NTK-13": 15.0, "NTK-14": 10.0, "NTK-15": 15.0, "NTK-16": 39.0, "NTK-17": 497.8199999999997, "PRE-32A": 70.0, "PRE-47": 88.18, "SKM-01": 13.0, "SKM-02": 9.0, "SKM-03": 9.0, "SKM-04": 10.0, "SKM-05": 10.0, "SKM-06": 9.04000000000002, "SKM-07": 11.0, "SKM-08": 10.0, "SKM-09": 6.0, "SKM-10": 12.0, "SKM-11": 7.0, "SKM-12": 71.0, "SKM-13": 74.18, "SKM-14": 9.0, "SKM-15": 14.0, "SKM-16": 6.0, "SKM-17": 11.0, "SKM-18": 12.980000000000018, "SKM-19": 7.0, "SKM-20": 14.0, "SKM-21": 8.0, "SKM-22A": 3.0, "SKM-22B": 5.0, "SKM-22C": 6.0, "TIK-7101": 40.0, "TIK-7102": 25.0, "TIK-7103": 27.69999999999999, "TIK-7104": 24.0, "TIK-7105": 18.0, "TIK-7106": 35.74000000000001, "TIK-7107": 19.0, "TIK-7108": 19.0, "TIK-7109A": 22.480000000000018, "TIK-7109B": 19.0, "TIK-7109C": 79.92000000000002, "TIK-7110": 18.0, "TIK-7111": 21.0, "TIK-7112A": 203.59999999999997, "TIK-7112B": 15.740000000000009, "TIK-7112C": 16.0, "TIK-7113": 47.83999999999992, "TIK-7114": 139.51999999999998, "TIK-7115": 9.71999999999997, "TIK-7116": 23.80000000000001, "TIK-7117": 13.300000000000004, "TIK-7118": 16.0, "TIK-7119": 293.23999999999995, "TIK-7120": 15.0, "TIK-7122": 95.27999999999997, "TIK-7149": 10.0, "WHA-02": 11.0, "WHA-04": 12.0, "WHA-06": 169.0, "WTS-01": 13.0, "WTS-02": 10.0, "WTS-03": 7.0, "WTS-04": 9.0, "WTS-05": 70.54000000000002, "WTS-06": 10.0, "WTS-07": 15.0, "WTS-08": 16.0, "WTS-09": 11.0, "WTS-10": 73.12, "WTS-11": 10.0, "WTS-12": 10.0, "WTS-14": 9.0, "YAT-7001": 29.0, "YAT-7002": 20.69999999999999, "YAT-7003A": 15.0, "YAT-7003B": 13.0, "YAT-7003C": 14.0, "YAT-7003D": 63.879999999999995, "YAT-7004": 19.0, "YAT-7005": 20.0, "YAT-7006A": 91.51999999999998, "YAT-7006B": 16.680000000000007, "YAT-7006C": 15.699999999999989, "YAT-7007": 39.0, "YAT-7008": 25.0, "YAT-7009": 25.680000000000007, "YAT-7010": 25.680000000000007, "YAT-7012": 32.0, "YMT-31": 14.139999999999986, "YMT-32": 13.0, "YMT-33": 6.0, "YMT-34": 3.0, "YMT-35": 77.15999999999997, "YMT-36": 6.0, "YMT-37": 7.0, "YMT-38": 5.0, "YMT-39": 7.0, "YMT-40": 75.0, "YMT-41": 11.0, "YMT-42": 9.0, "YMT-44": 13.0}