{"CHH-01": 19.53788, "CHH-02": 25.25897, "CHH-03": 18.330109999999998, "CHH-04": 23.2031, "CHH-05": 19.32022, "CHH-06": 21.310280000000002, "CHH-07": 15.869820000000002, "CHH-08": 24.113100000000003, "CHH-09B": 29.874, "CHH-10": 76.10188000000001, "CHH-11": 76.30124, "CHH-12": 23.30966, "CHH-13A": 24.832, "CHH-14": 20.128, "CHH-15": 20.12732, "CHH-16": 18.33, "CHH-17": 19.525, "CHH-18": 18.52345, "CHH-19": 19.73116, "CHH-20": 21.11446, "CHH-21": 20.13922, "CHH-22": 25.0218, "CHH-23A": 18.0, "CHH-24": 22.53292, "CHH-25": 233.57924, "CHH-27": 31.82765, "CHH-28": 364.3369000000001, "CHH-29": 26.86833, "CHH-30": 32.7914, "CHH-31": 31.525440000000003, "CHH-32": 38.73253, "CHH-33": 42.83147, "CHH-34": 24.88662, "CHH-35": 31.446800000000017, "CHH-36": 24.294750000000004, "CHH-37": 200.70708, "DIH-01": 23.49855, "DIH-02": 27.3671, "DIH-03": 70.50465, "DIH-04": 28.088, "DIH-05": 70.96574000000001, "DIH-06": 39.244, "DIH-07": 22.3081, "DIH-08": 72.632, "DIH-09": 23.11032, "DIH-10": 69.27187999999998, "DIH-12": 23.50489, "HOM-01": 346.75609, "HOM-02": 34.08422, "HOM-03": 164.36524, "HOM-04": 28.29176, "HOM-05": 28.484580000000005, "HOM-06": 36.92254, "HOM-07": 26.061280000000004, "HOM-08": 52.933530000000005, "HOM-09": 110.5336, "HOM-10": 81.6838, "HOM-11": 116.57557, "HOM-12": 82.05439999999999, "HOM-13": 24.1001, "HOM-14": 24.91497, "HOM-15": 29.87398, "HOM-16": 17.528, "HOM-17": 35.66742, "HOM-18": 21.516, "HOM-19": 35.26352, "HOM-20": 38.56180000000002, "HOM-21": 36.26, "HOM-22": 23.91757, "KOB-01": 20.32, "KOB-02": 25.12806, "KOB-03": 23.10392, "KOB-04": 26.2281, "KOB-05": 27.47999, "KOB-06": 29.96388, "KOB-07": 34.67586000000001, "KOB-08": 78.07137999999999, "KOB-09": 79.83113, "KOB-10": 76.0, "KOB-11": 25.596660000000007, "KOB-12": 25.49486, "KOB-13": 20.30863, "KOB-14": 24.81228, "KOB-15": 18.199600000000004, "KOB-16": 25.7, "KOT-01": 15.34022, "KOT-02": 20.603260000000002, "KOT-03": 16.136, "KOT-04": 20.313, "KOT-05": 17.33122, "KOT-06": 26.11222, "KOT-07": 25.101, "KOT-08": 85.62704, "KOT-09": 83.22864, "KOT-10": 84.66401, "KOT-11": 24.701, "KOT-12": 25.102, "KOT-13": 17.729329999999997, "KOT-14": 20.922, "KOT-15": 16.249440000000003, "KOT-16": 20.921, "KWT-6001": 25.45783, "KWT-6002": 28.883590000000005, "KWT-6003": 22.90849, "KWT-6004": 23.250280000000004, "KWT-6005": 28.752060000000004, "KWT-6006": 24.699, "KWT-6007": 81.67080000000001, "KWT-6008": 82.15108000000002, "KWT-6009": 23.906039999999997, "KWT-6010": 34.46093, "KWT-6011": 21.116030000000002, "KWT-6012": 31.68092, "KWT-6013": 26.279959999999996, "KWT-6014": 30.67792, "KWT-6015": 28.89375, "KWT-6016": 30.27317, "KWT-6042": 50.12864, "KWT-6044": 301.85162, "KWT-6046": 39.578450000000004, "LAT-6101": 18.190080000000002, "LAT-6102": 21.70956, "LAT-6103": 31.08618, "LAT-6104": 69.71979999999999, "LAT-6105": 75.8939, "LAT-6106": 72.21351999999999, "LAT-6107": 22.85129, "LAT-6108": 32.469359999999995, "LAT-6109": 34.66825, "LAT-6110": 42.43643, "LAT-6112": 42.35756, "LOF-01": 16.53511, "LOF-02": 19.417, "LOF-03": 17.534000000000002, "LOF-04": 23.508670000000002, "LOF-05": 25.10498, "LOF-06": 33.86756, "LOF-07": 71.70194, "LOF-08": 75.31, "LOF-09": 70.0, "LOF-10": 71.60882999999998, "LOF-11": 20.122110000000003, "LOF-12": 25.892, "LOF-13": 17.734, "LOF-14": 21.122439999999997, "MOK-31": 23.70887, "MOK-32B": 22.90434, "MOK-33": 31.901400000000002, "MOK-34A": 21.714, "MOK-34B": 19.72556, "MOK-35": 82.22641000000003, "MOK-36": 31.64289, "MOK-37": 77.38908000000002, "MOK-38": 78.30755, "MOK-39": 23.70077, "MOK-40": 75.484, "MOK-41": 21.3204, "MOK-42": 24.087960000000002, "MOK-43": 19.341540000000002, "MOK-44": 20.722, "MOK-45": 32.8631, "MOK-46": 25.698999999999998, "NTK-01": 17.15588, "NTK-02": 23.666600000000003, "NTK-03": 13.745149999999999, "NTK-04": 27.887480000000004, "NTK-05": 20.71918, "NTK-06": 75.09568, "NTK-07": 24.701700000000002, "NTK-08": 27.692, "NTK-09": 71.7299, "NTK-10": 24.65012, "NTK-11": 71.52596000000001, "NTK-12": 17.132, "NTK-13": 22.706419999999998, "NTK-14": 21.10452, "NTK-15": 22.89949, "NTK-16": 161.1813, "NTK-17": 383.7800000000001, "PRE-32A": 77.26409999999998, "PRE-47": 87.39128000000001, "SKM-01": 25.87, "SKM-02": 21.11866, "SKM-03": 22.507780000000004, "SKM-04": 21.995, "SKM-05": 22.116, "SKM-06": 22.30666, "SKM-07": 22.31278, "SKM-08": 27.688, "SKM-09": 18.127, "SKM-10": 74.14795000000001, "SKM-11": 22.49161, "SKM-12": 74.25992000000001, "SKM-13": 77.8918, "SKM-14": 24.106, "SKM-15": 23.909999999999997, "SKM-16": 20.823040000000002, "SKM-17": 18.728, "SKM-18": 25.29734, "SKM-19": 15.341, "SKM-20": 27.882, "SKM-21": 15.53844, "SKM-22A": 21.718780000000002, "SKM-22B": 74.90095, "SKM-22C": 76.08005, "TIK-7101": 41.457840000000004, "TIK-7102": 23.656200000000002, "TIK-7103": 31.568549999999995, "TIK-7104": 22.30836, "TIK-7105": 27.89294, "TIK-7106": 33.007999999999996, "TIK-7107": 29.528710000000004, "TIK-7108": 19.933, "TIK-7109A": 80.28255, "TIK-7109B": 75.90302000000001, "TIK-7109C": 78.11880000000001, "TIK-7110": 21.917820000000006, "TIK-7111": 22.462600000000002, "TIK-7112A": 160.0, "TIK-7112B": 127.72834999999999, "TIK-7112C": 130.34952, "TIK-7113": 27.68482, "TIK-7114": 81.36999999999989, "TIK-7115": 18.604000000000006, "TIK-7116": 49.05168000000005, "TIK-7117": 24.50466, "TIK-7118": 27.069340000000004, "TIK-7119": 281.05584, "TIK-7120": 25.62254, "TIK-7122": 62.5585, "TIK-7149": 20.516999999999996, "WHA-02": 31.823240000000002, "WHA-04": 30.22364, "WHA-06": 153.785, "WTS-01": 18.92289, "WTS-02": 22.315, "WTS-03": 25.502110000000002, "WTS-04": 23.907, "WTS-05": 76.30296, "WTS-06": 30.88, "WTS-07": 24.107, "WTS-08": 76.11743999999999, "WTS-09": 18.724, "WTS-10": 71.32852, "WTS-11": 17.96764, "WTS-12": 20.92766, "WTS-14": 18.28923, "YAT-7001": 32.674, "YAT-7002": 18.700400000000002, "YAT-7003A": 66.8942, "YAT-7003B": 66.54028, "YAT-7003C": 65.54276, "YAT-7003D": 65.53968, "YAT-7004": 18.888000000000005, "YAT-7005": 20.709, "YAT-7006A": 77.14416000000001, "YAT-7006B": 75.69848000000002, "YAT-7006C": 75.45065000000001, "YAT-7007": 34.96638, "YAT-7008": 28.682000000000002, "YAT-7009": 24.49937, "YAT-7010": 28.292, "YAT-7012": 33.46611, "YMT-31": 25.91016, "YMT-32": 23.36565, "YMT-33": 24.106, "YMT-34": 17.23431, "YMT-35": 80.99078999999999, "YMT-36": 22.91243, "YMT-37": 20.716, "YMT-38": 26.26097, "YMT-39": 21.112, "YMT-40": 83.45251999999999, "YMT-41": 24.107, "YMT-42": 21.310769999999998, "YMT-44": 23.708}