{"CHH-01": 22.1124, "CHH-02": 25.503, "CHH-03": 20.12205, "CHH-04": 23.5131, "CHH-05": 21.111400000000003, "CHH-06": 21.6622, "CHH-07": 17.1312, "CHH-08": 24.689, "CHH-09B": 30.7159, "CHH-10": 78.97894999999998, "CHH-11": 81.7508, "CHH-12": 23.511, "CHH-13A": 25.101, "CHH-14": 20.322, "CHH-15": 20.5216, "CHH-16": 18.71475, "CHH-17": 19.724650000000004, "CHH-18": 18.725749999999998, "CHH-19": 20.1197, "CHH-20": 21.315, "CHH-21": 20.546799999999998, "CHH-22": 35.3605, "CHH-23A": 18.0, "CHH-24": 23.7166, "CHH-25": 238.13219999999998, "CHH-27": 34.1565, "CHH-28": 582.8490999999997, "CHH-29": 28.34355, "CHH-30": 67.18525, "CHH-31": 32.254400000000004, "CHH-32": 41.218300000000006, "CHH-33": 49.43649999999998, "CHH-34": 28.248400000000004, "CHH-35": 42.71525, "CHH-36": 25.4205, "CHH-37": 236.0283, "DIH-01": 24.705, "DIH-02": 27.684749999999998, "DIH-03": 74.412, "DIH-04": 28.4486, "DIH-05": 75.03469999999997, "DIH-06": 39.64035, "DIH-07": 24.38375, "DIH-08": 76.0722, "DIH-09": 26.93079999999999, "DIH-10": 73.1308, "DIH-12": 23.703000000000007, "HOM-01": 349.07095, "HOM-02": 34.47255, "HOM-03": 169.53600000000006, "HOM-04": 28.6944, "HOM-05": 29.30225, "HOM-06": 37.448, "HOM-07": 26.4954, "HOM-08": 53.584, "HOM-09": 122.86469999999996, "HOM-10": 87.65249999999999, "HOM-11": 125.72879999999999, "HOM-12": 92.034, "HOM-13": 24.299, "HOM-14": 25.69645, "HOM-15": 30.08545, "HOM-16": 17.7223, "HOM-17": 36.04755, "HOM-18": 22.137049999999995, "HOM-19": 35.6654, "HOM-20": 47.405, "HOM-21": 36.6526, "HOM-22": 25.298650000000002, "KOB-01": 21.11985, "KOB-02": 25.502, "KOB-03": 24.6346, "KOB-04": 26.68435, "KOB-05": 30.107949999999995, "KOB-06": 30.27935, "KOB-07": 37.4134, "KOB-08": 81.67725, "KOB-09": 83.65625, "KOB-10": 79.48935, "KOB-11": 25.89465, "KOB-12": 25.8966, "KOB-13": 20.917650000000002, "KOB-14": 25.1196, "KOB-15": 20.315199999999997, "KOB-16": 26.0806, "KOT-01": 17.35749999999998, "KOT-02": 20.962100000000003, "KOT-03": 19.099700000000002, "KOT-04": 20.717049999999997, "KOT-05": 19.9223, "KOT-06": 26.8902, "KOT-07": 25.913, "KOT-08": 90.31159999999998, "KOT-09": 89.93019999999999, "KOT-10": 90.53229999999999, "KOT-11": 24.895, "KOT-12": 25.302, "KOT-13": 18.126150000000003, "KOT-14": 21.121, "KOT-15": 17.15744999999998, "KOT-16": 21.122, "KWT-6001": 26.697750000000003, "KWT-6002": 29.2879, "KWT-6003": 24.09669999999999, "KWT-6004": 23.595, "KWT-6005": 29.891399999999997, "KWT-6006": 24.9048, "KWT-6007": 84.77390000000001, "KWT-6008": 85.62699999999998, "KWT-6009": 24.5006, "KWT-6010": 34.9907, "KWT-6011": 21.931549999999998, "KWT-6012": 32.082, "KWT-6013": 27.2368, "KWT-6014": 32.18859999999998, "KWT-6015": 30.02175, "KWT-6016": 30.680350000000004, "KWT-6042": 57.885199999999976, "KWT-6044": 332.8870999999999, "KWT-6046": 41.77475, "LAT-6101": 19.744899999999998, "LAT-6102": 22.505900000000004, "LAT-6103": 32.462250000000004, "LAT-6104": 72.123, "LAT-6105": 78.67009999999999, "LAT-6106": 75.03630000000001, "LAT-6107": 23.5128, "LAT-6108": 33.655, "LAT-6109": 36.198, "LAT-6110": 44.703399999999995, "LAT-6112": 43.864799999999995, "LOF-01": 18.727049999999995, "LOF-02": 19.91, "LOF-03": 20.01399999999997, "LOF-04": 24.491099999999992, "LOF-05": 26.862700000000004, "LOF-06": 34.4767, "LOF-07": 73.72659999999999, "LOF-08": 77.5218, "LOF-09": 72.12, "LOF-10": 73.6034, "LOF-11": 21.711249999999996, "LOF-12": 26.19015, "LOF-13": 20.521, "LOF-14": 21.5906, "MOK-31": 24.5168, "MOK-32B": 23.1261, "MOK-33": 32.79524999999999, "MOK-34A": 22.044399999999996, "MOK-34B": 20.043, "MOK-35": 88.4438, "MOK-36": 31.87795, "MOK-37": 82.41199999999999, "MOK-38": 80.67325, "MOK-39": 24.095400000000005, "MOK-40": 77.77000000000001, "MOK-41": 21.9165, "MOK-42": 24.30545, "MOK-43": 19.932899999999993, "MOK-44": 21.153150000000004, "MOK-45": 33.89875, "MOK-46": 26.083, "NTK-01": 20.122049999999998, "NTK-02": 23.905, "NTK-03": 16.233000000000004, "NTK-04": 28.1042, "NTK-05": 24.1009, "NTK-06": 77.04769999999999, "NTK-07": 27.1, "NTK-08": 28.08655, "NTK-09": 74.6756, "NTK-10": 25.098600000000005, "NTK-11": 74.64059999999998, "NTK-12": 17.532, "NTK-13": 23.945049999999995, "NTK-14": 21.613, "NTK-15": 23.926099999999998, "NTK-16": 180.9225, "NTK-17": 411.62210000000005, "PRE-32A": 80.0, "PRE-47": 94.19309999999999, "SKM-01": 26.107, "SKM-02": 21.315, "SKM-03": 22.709, "SKM-04": 22.30715, "SKM-05": 22.51, "SKM-06": 22.536900000000003, "SKM-07": 23.313699999999997, "SKM-08": 27.905, "SKM-09": 19.95985, "SKM-10": 78.1635, "SKM-11": 24.504, "SKM-12": 77.6922, "SKM-13": 81.303, "SKM-14": 24.5096, "SKM-15": 24.1495, "SKM-16": 21.1169, "SKM-17": 18.963, "SKM-18": 25.700850000000003, "SKM-19": 15.733, "SKM-20": 28.3098, "SKM-21": 15.9422, "SKM-22A": 22.241099999999996, "SKM-22B": 77.88499999999999, "SKM-22C": 78.664, "TIK-7101": 42.252900000000004, "TIK-7102": 25.153750000000002, "TIK-7103": 32.876, "TIK-7104": 24.750199999999996, "TIK-7105": 29.67425, "TIK-7106": 34.45, "TIK-7107": 31.081950000000003, "TIK-7108": 20.98125, "TIK-7109A": 85.64534999999998, "TIK-7109B": 81.5914, "TIK-7109C": 84.8475, "TIK-7110": 22.70605, "TIK-7111": 23.679299999999998, "TIK-7112A": 194.41159999999985, "TIK-7112B": 187.8508, "TIK-7112C": 192.11399999999975, "TIK-7113": 29.278299999999998, "TIK-7114": 127.84104999999998, "TIK-7115": 19.7239, "TIK-7116": 93.89044999999993, "TIK-7117": 25.514699999999998, "TIK-7118": 29.6806, "TIK-7119": 299.1372, "TIK-7120": 26.6863, "TIK-7122": 72.322, "TIK-7149": 21.51355, "WHA-02": 42.173049999999996, "WHA-04": 30.688, "WHA-06": 169.06175000000002, "WTS-01": 20.355099999999997, "WTS-02": 22.711, "WTS-03": 25.90005, "WTS-04": 24.4871, "WTS-05": 79.4794, "WTS-06": 31.57409999999999, "WTS-07": 26.317799999999995, "WTS-08": 79.2989, "WTS-09": 22.328000000000007, "WTS-10": 75.299, "WTS-11": 21.111, "WTS-12": 21.189749999999997, "WTS-14": 18.53095, "YAT-7001": 34.29235, "YAT-7002": 19.527, "YAT-7003A": 69.38525, "YAT-7003B": 69.62139999999998, "YAT-7003C": 68.508, "YAT-7003D": 68.21459999999999, "YAT-7004": 19.665, "YAT-7005": 21.512349999999998, "YAT-7006A": 87.6764, "YAT-7006B": 83.271, "YAT-7006C": 85.41619999999998, "YAT-7007": 35.863, "YAT-7008": 30.2716, "YAT-7009": 25.45655, "YAT-7010": 30.059800000000003, "YAT-7012": 35.46335, "YMT-31": 26.2947, "YMT-32": 23.7087, "YMT-33": 24.3046, "YMT-34": 17.72855, "YMT-35": 85.83249999999995, "YMT-36": 23.309649999999998, "YMT-37": 20.767000000000003, "YMT-38": 26.54795, "YMT-39": 21.308, "YMT-40": 86.6808, "YMT-41": 24.4964, "YMT-42": 21.5197, "YMT-44": 23.8478}