{"CHH-01": 21.350600000000014, "CHH-02": 25.30216, "CHH-03": 19.719320000000003, "CHH-04": 23.310679999999998, "CHH-05": 20.315800000000003, "CHH-06": 21.48224, "CHH-07": 16.537, "CHH-08": 24.3174, "CHH-09B": 30.277639999999998, "CHH-10": 77.33896000000001, "CHH-11": 78.3588, "CHH-12": 23.470440000000004, "CHH-13A": 24.906, "CHH-14": 20.306919999999998, "CHH-15": 20.32196, "CHH-16": 18.527, "CHH-17": 19.67308, "CHH-18": 18.5306, "CHH-19": 19.923, "CHH-20": 21.12, "CHH-21": 20.324, "CHH-22": 26.456400000000002, "CHH-23A": 18.0, "CHH-24": 23.124760000000002, "CHH-25": 235.73972, "CHH-27": 32.4032, "CHH-28": 436.6531600000004, "CHH-29": 27.67908, "CHH-30": 39.60380000000009, "CHH-31": 32.07224, "CHH-32": 39.895, "CHH-33": 44.0752, "CHH-34": 26.43228, "CHH-35": 35.8998, "CHH-36": 24.7836, "CHH-37": 217.22328, "DIH-01": 24.10408, "DIH-02": 27.492, "DIH-03": 71.60079999999999, "DIH-04": 28.25472, "DIH-05": 72.11703999999999, "DIH-06": 39.443560000000005, "DIH-07": 23.3142, "DIH-08": 73.84804, "DIH-09": 25.899320000000003, "DIH-10": 70.15324000000001, "DIH-12": 23.51092, "HOM-01": 347.91352, "HOM-02": 34.267, "HOM-03": 166.888, "HOM-04": 28.49, "HOM-05": 28.896680000000003, "HOM-06": 37.233560000000004, "HOM-07": 26.1124, "HOM-08": 53.26236, "HOM-09": 117.05076, "HOM-10": 83.6464, "HOM-11": 121.0, "HOM-12": 84.86219999999999, "HOM-13": 24.109, "HOM-14": 25.30144, "HOM-15": 29.90236, "HOM-16": 17.532, "HOM-17": 35.859, "HOM-18": 21.715760000000003, "HOM-19": 35.46456, "HOM-20": 41.77020000000001, "HOM-21": 36.451, "HOM-22": 24.712799999999998, "KOB-01": 20.60876, "KOB-02": 25.30484, "KOB-03": 23.90832, "KOB-04": 26.495000000000005, "KOB-05": 28.09536, "KOB-06": 30.087, "KOB-07": 35.85496, "KOB-08": 79.27472, "KOB-09": 81.47495999999998, "KOB-10": 77.09879999999998, "KOB-11": 25.7, "KOB-12": 25.69400000000001, "KOB-13": 20.51488, "KOB-14": 24.975360000000002, "KOB-15": 18.839520000000007, "KOB-16": 25.89724, "KOT-01": 15.572320000000015, "KOT-02": 20.721, "KOT-03": 16.340999999999998, "KOT-04": 20.518079999999998, "KOT-05": 17.72248, "KOT-06": 26.49148, "KOT-07": 25.295320000000004, "KOT-08": 87.66952, "KOT-09": 84.96144000000004, "KOT-10": 86.67516, "KOT-11": 24.706, "KOT-12": 25.21976, "KOT-13": 17.90844, "KOT-14": 21.114, "KOT-15": 16.342959999999998, "KOT-16": 21.113000000000007, "KWT-6001": 25.89244, "KWT-6002": 29.065800000000003, "KWT-6003": 23.334159999999997, "KWT-6004": 23.33004, "KWT-6005": 29.213760000000008, "KWT-6006": 24.734440000000006, "KWT-6007": 82.71152, "KWT-6008": 83.27539999999999, "KWT-6009": 24.11536, "KWT-6010": 34.665, "KWT-6011": 21.507720000000003, "KWT-6012": 31.878760000000003, "KWT-6013": 26.61608, "KWT-6014": 30.90112, "KWT-6015": 29.48, "KWT-6016": 30.405079999999998, "KWT-6042": 54.00692000000001, "KWT-6044": 317.36936000000003, "KWT-6046": 40.6766, "LAT-6101": 18.96688, "LAT-6102": 22.181, "LAT-6103": 31.67304, "LAT-6104": 71.14999999999999, "LAT-6105": 77.09264, "LAT-6106": 73.50596, "LAT-6107": 23.31, "LAT-6108": 33.1826, "LAT-6109": 35.25, "LAT-6110": 43.39044, "LAT-6112": 43.19852, "LOF-01": 16.738, "LOF-02": 19.689, "LOF-03": 17.73516, "LOF-04": 24.10776, "LOF-05": 25.30396, "LOF-06": 34.247840000000004, "LOF-07": 72.53344, "LOF-08": 76.04151999999999, "LOF-09": 70.52459999999999, "LOF-10": 72.51172000000001, "LOF-11": 20.569440000000004, "LOF-12": 26.084319999999998, "LOF-13": 18.53, "LOF-14": 21.38204000000001, "MOK-31": 24.10508, "MOK-32B": 22.91576, "MOK-33": 32.26772, "MOK-34A": 21.823600000000006, "MOK-34B": 19.91868, "MOK-35": 85.2698, "MOK-36": 31.68192, "MOK-37": 79.65336000000002, "MOK-38": 79.72999999999999, "MOK-39": 23.71412, "MOK-40": 76.5854, "MOK-41": 21.5218, "MOK-42": 24.11344, "MOK-43": 19.538400000000003, "MOK-44": 20.923840000000006, "MOK-45": 33.2368, "MOK-46": 25.826240000000006, "NTK-01": 18.733080000000015, "NTK-02": 23.709600000000002, "NTK-03": 15.5206, "NTK-04": 27.999680000000005, "NTK-05": 22.282799999999998, "NTK-06": 75.87568000000002, "NTK-07": 26.062400000000004, "NTK-08": 27.88368, "NTK-09": 72.98048, "NTK-10": 24.711879999999997, "NTK-11": 72.91224, "NTK-12": 17.32996, "NTK-13": 23.24928, "NTK-14": 21.311880000000002, "NTK-15": 23.309440000000002, "NTK-16": 171.33540000000002, "NTK-17": 397.5632800000001, "PRE-32A": 78.43660000000001, "PRE-47": 89.73904, "SKM-01": 25.905, "SKM-02": 21.15524, "SKM-03": 22.53536, "SKM-04": 22.113000000000007, "SKM-05": 22.31, "SKM-06": 22.31648, "SKM-07": 22.655359999999998, "SKM-08": 27.7462, "SKM-09": 18.9416, "SKM-10": 75.7042, "SKM-11": 22.9952, "SKM-12": 75.30884, "SKM-13": 79.11840000000001, "SKM-14": 24.30968, "SKM-15": 24.102000000000004, "SKM-16": 20.92284, "SKM-17": 18.902400000000004, "SKM-18": 25.496760000000002, "SKM-19": 15.539, "SKM-20": 28.094, "SKM-21": 15.668680000000002, "SKM-22A": 21.912, "SKM-22B": 75.887, "SKM-22C": 77.0078, "TIK-7101": 41.831120000000006, "TIK-7102": 24.424200000000006, "TIK-7103": 32.27668, "TIK-7104": 23.27968, "TIK-7105": 28.88776, "TIK-7106": 33.997, "TIK-7107": 30.304120000000005, "TIK-7108": 20.443, "TIK-7109A": 82.18343999999999, "TIK-7109B": 78.58964000000002, "TIK-7109C": 80.2684, "TIK-7110": 22.311, "TIK-7111": 22.913240000000002, "TIK-7112A": 177.00644, "TIK-7112B": 155.09999999999997, "TIK-7112C": 157.62364000000002, "TIK-7113": 28.28896, "TIK-7114": 101.0, "TIK-7115": 19.32, "TIK-7116": 70.29440000000012, "TIK-7117": 25.303919999999998, "TIK-7118": 28.49072, "TIK-7119": 291.14448000000004, "TIK-7120": 26.131040000000006, "TIK-7122": 63.057, "TIK-7149": 21.011960000000002, "WHA-02": 35.70656000000001, "WHA-04": 30.477, "WHA-06": 160.56, "WTS-01": 19.12492, "WTS-02": 22.509, "WTS-03": 25.697, "WTS-04": 24.107840000000003, "WTS-05": 77.28768, "WTS-06": 31.1526, "WTS-07": 24.983800000000002, "WTS-08": 77.30564, "WTS-09": 21.125, "WTS-10": 73.06208, "WTS-11": 19.636680000000005, "WTS-12": 21.11708, "WTS-14": 18.332, "YAT-7001": 33.43092, "YAT-7002": 18.9724, "YAT-7003A": 67.73532, "YAT-7003B": 67.55396, "YAT-7003C": 66.74888, "YAT-7003D": 66.73808, "YAT-7004": 19.3194, "YAT-7005": 21.12308, "YAT-7006A": 80.34656000000004, "YAT-7006B": 78.227, "YAT-7006C": 79.13372000000003, "YAT-7007": 35.31908, "YAT-7008": 29.43368, "YAT-7009": 24.703000000000007, "YAT-7010": 28.888440000000003, "YAT-7012": 34.4144, "YMT-31": 26.096, "YMT-32": 23.511, "YMT-33": 24.236839999999997, "YMT-34": 17.49008, "YMT-35": 83.15004000000002, "YMT-36": 23.108, "YMT-37": 20.72, "YMT-38": 26.4686, "YMT-39": 21.1198, "YMT-40": 85.04348, "YMT-41": 24.299, "YMT-42": 21.348840000000003, "YMT-44": 23.71472}