{"CHH-01": 8.0, "CHH-02": 15.0, "CHH-03": 6.0, "CHH-04": 12.0, "CHH-05": 7.0, "CHH-06": 8.0, "CHH-07": 3.0, "CHH-08": 5.0, "CHH-09B": 10.0, "CHH-10": 63.0, "CHH-11": 70.0, "CHH-12": 10.0, "CHH-13A": 13.0, "CHH-14": 7.0, "CHH-15": 8.0, "CHH-16": 5.0, "CHH-17": 7.0, "CHH-18": 4.0, "CHH-19": 8.0, "CHH-20": 6.0, "CHH-21": 8.0, "CHH-22": 14.38, "CHH-23A": 18.0, "CHH-24": 3.76, "CHH-25": 226.44, "CHH-27": 14.9, "CHH-28": 501.67999999999995, "CHH-29": 9.68, "CHH-30": 16.479999999999862, "CHH-31": 14.34, "CHH-32": 26.0, "CHH-33": 27.68, "CHH-34": 14.379999999999997, "CHH-35": 11.0, "CHH-36": 13.459999999999999, "CHH-37": 213.57999999999998, "DIH-01": 9.0, "DIH-02": 10.0, "DIH-03": 10.0, "DIH-04": 10.0, "DIH-05": 63.35999999999996, "DIH-06": 17.0, "DIH-07": 9.0, "DIH-08": 13.0, "DIH-09": 13.0, "DIH-10": 62.0, "DIH-12": 11.0, "HOM-01": 351.0, "HOM-02": 22.0, "HOM-03": 144.57999999999998, "HOM-04": 16.0, "HOM-05": 10.0, "HOM-06": 21.0, "HOM-07": 6.0, "HOM-08": 30.0, "HOM-09": 8.0, "HOM-10": 10.0, "HOM-11": 113.07999999999993, "HOM-12": 74.0, "HOM-13": 7.0, "HOM-14": 9.0, "HOM-15": 15.0, "HOM-16": 4.0, "HOM-17": 24.0, "HOM-18": 5.0, "HOM-19": 23.0, "HOM-20": 36.0, "HOM-21": 22.0, "HOM-22": 5.0, "KOB-01": 7.0, "KOB-02": 11.0, "KOB-03": 10.0, "KOB-04": 12.0, "KOB-05": 15.0, "KOB-06": 12.0, "KOB-07": 17.0, "KOB-08": 14.0, "KOB-09": 69.95999999999998, "KOB-10": 70.0, "KOB-11": 15.0, "KOB-12": 13.0, "KOB-13": 10.0, "KOB-14": 10.0, "KOB-15": 9.0, "KOB-16": 14.0, "KOT-01": 6.0, "KOT-02": 9.0, "KOT-03": 7.0, "KOT-04": 8.0, "KOT-05": 9.0, "KOT-06": 8.0, "KOT-07": 9.0, "KOT-08": 12.0, "KOT-09": 77.0, "KOT-10": 80.23999999999995, "KOT-11": 15.0, "KOT-12": 13.0, "KOT-13": 8.0, "KOT-14": 9.0, "KOT-15": 7.0, "KOT-16": 9.0, "KWT-6001": 9.0, "KWT-6002": 14.0, "KWT-6003": 5.0, "KWT-6004": 7.0, "KWT-6005": 8.0, "KWT-6006": 7.0, "KWT-6007": 68.0, "KWT-6008": 69.0, "KWT-6009": 9.0, "KWT-6010": 13.0, "KWT-6011": 6.0, "KWT-6012": 14.0, "KWT-6013": 11.0, "KWT-6014": 15.099999999999966, "KWT-6015": 21.0, "KWT-6016": 13.0, "KWT-6042": 7.76, "KWT-6044": 246.48, "KWT-6046": 7.0, "LAT-6101": 12.0, "LAT-6102": 9.0, "LAT-6103": 17.0, "LAT-6104": 62.339999999999975, "LAT-6105": 67.0, "LAT-6106": 16.099999999999966, "LAT-6107": 17.0, "LAT-6108": 13.0, "LAT-6109": 34.0, "LAT-6110": 33.0, "LAT-6112": 32.0, "LOF-01": 7.0, "LOF-02": 6.0, "LOF-03": 7.0, "LOF-04": 8.0, "LOF-05": 9.120000000000005, "LOF-06": 12.0, "LOF-07": 13.0, "LOF-08": 15.0, "LOF-09": 62.0, "LOF-10": 63.299999999999955, "LOF-11": 12.0, "LOF-12": 14.0, "LOF-13": 10.0, "LOF-14": 10.0, "MOK-31": 10.0, "MOK-32B": 7.0, "MOK-33": 11.0, "MOK-34A": 7.0, "MOK-34B": 7.0, "MOK-35": 13.0, "MOK-36": 13.939999999999998, "MOK-37": 67.47999999999996, "MOK-38": 11.0, "MOK-39": 7.180000000000007, "MOK-40": 63.0, "MOK-41": 7.0, "MOK-42": 9.0, "MOK-43": 7.0, "MOK-44": 5.0, "MOK-45": 14.0, "MOK-46": 12.0, "NTK-01": 7.0, "NTK-02": 12.0, "NTK-03": 3.0, "NTK-04": 10.0, "NTK-05": 11.0, "NTK-06": 62.0, "NTK-07": 12.0, "NTK-08": 15.0, "NTK-09": 13.0, "NTK-10": 13.0, "NTK-11": 62.0, "NTK-12": 4.0, "NTK-13": 13.0, "NTK-14": 8.0, "NTK-15": 11.0, "NTK-16": 39.0, "NTK-17": 390.35999999999996, "PRE-32A": 64.0, "PRE-47": 82.0, "SKM-01": 12.0, "SKM-02": 8.0, "SKM-03": 9.0, "SKM-04": 9.0, "SKM-05": 9.0, "SKM-06": 9.0, "SKM-07": 9.0, "SKM-08": 9.0, "SKM-09": 4.0, "SKM-10": 11.0, "SKM-11": 5.0, "SKM-12": 67.0, "SKM-13": 67.0, "SKM-14": 9.0, "SKM-15": 13.0, "SKM-16": 6.0, "SKM-17": 10.0, "SKM-18": 12.0, "SKM-19": 6.0, "SKM-20": 12.0, "SKM-21": 7.0, "SKM-22A": 3.0, "SKM-22B": 5.0, "SKM-22C": 5.0, "TIK-7101": 36.0, "TIK-7102": 22.0, "TIK-7103": 23.0, "TIK-7104": 21.0, "TIK-7105": 16.0, "TIK-7106": 34.0, "TIK-7107": 16.0, "TIK-7108": 15.0, "TIK-7109A": 17.0, "TIK-7109B": 14.21999999999997, "TIK-7109C": 73.0, "TIK-7110": 15.0, "TIK-7111": 17.0, "TIK-7112A": 181.59999999999997, "TIK-7112B": 12.0, "TIK-7112C": 14.0, "TIK-7113": 23.0, "TIK-7114": 105.55999999999995, "TIK-7115": 6.0, "TIK-7116": 20.399999999999977, "TIK-7117": 10.599999999999994, "TIK-7118": 11.0, "TIK-7119": 273.48, "TIK-7120": 11.0, "TIK-7122": 57.0, "TIK-7149": 7.0, "WHA-02": 10.0, "WHA-04": 12.0, "WHA-06": 152.95999999999998, "WTS-01": 11.0, "WTS-02": 9.0, "WTS-03": 7.0, "WTS-04": 9.0, "WTS-05": 66.0, "WTS-06": 9.0, "WTS-07": 15.0, "WTS-08": 15.0, "WTS-09": 11.0, "WTS-10": 66.0, "WTS-11": 8.0, "WTS-12": 10.0, "WTS-14": 8.0, "YAT-7001": 24.21999999999997, "YAT-7002": 16.0, "YAT-7003A": 12.0, "YAT-7003B": 9.159999999999968, "YAT-7003C": 10.0, "YAT-7003D": 58.0, "YAT-7004": 15.099999999999966, "YAT-7005": 17.0, "YAT-7006A": 76.63999999999999, "YAT-7006B": 13.0, "YAT-7006C": 12.0, "YAT-7007": 35.0, "YAT-7008": 18.0, "YAT-7009": 23.0, "YAT-7010": 22.0, "YAT-7012": 29.0, "YMT-31": 13.0, "YMT-32": 8.180000000000007, "YMT-33": 5.0, "YMT-34": 3.0, "YMT-35": 71.0, "YMT-36": 5.0, "YMT-37": 7.0, "YMT-38": 4.0, "YMT-39": 7.0, "YMT-40": 71.0, "YMT-41": 10.0, "YMT-42": 9.0, "YMT-44": 13.0}