{"CHH-01": 17.56528, "CHH-02": 24.66221, "CHH-03": 16.34423, "CHH-04": 22.709, "CHH-05": 17.729, "CHH-06": 20.722, "CHH-07": 14.85014, "CHH-08": 23.707, "CHH-09B": 29.09212, "CHH-10": 73.94528, "CHH-11": 73.71531999999999, "CHH-12": 23.108, "CHH-13A": 24.307, "CHH-14": 19.925, "CHH-15": 19.724760000000003, "CHH-16": 18.123, "CHH-17": 18.95992, "CHH-18": 18.12885, "CHH-19": 19.324, "CHH-20": 20.582290000000004, "CHH-21": 19.766820000000003, "CHH-22": 20.03145, "CHH-23A": 17.439999999999998, "CHH-24": 21.83229, "CHH-25": 219.63968, "CHH-27": 27.51225, "CHH-28": 266.97014, "CHH-29": 25.25507, "CHH-30": 29.437299999999997, "CHH-31": 29.845320000000005, "CHH-32": 36.71744, "CHH-33": 41.04141, "CHH-34": 23.89029, "CHH-35": 24.883, "CHH-36": 22.38402, "CHH-37": 185.29023999999998, "DIH-01": 22.71023, "DIH-02": 26.680600000000005, "DIH-03": 67.89765, "DIH-04": 27.098240000000008, "DIH-05": 68.50776, "DIH-06": 37.680710000000005, "DIH-07": 21.519, "DIH-08": 70.31022, "DIH-09": 21.314, "DIH-10": 66.57128, "DIH-12": 23.109, "HOM-01": 342.12637, "HOM-02": 33.655559999999994, "HOM-03": 158.77714, "HOM-04": 27.68436, "HOM-05": 26.09199, "HOM-06": 35.25944, "HOM-07": 25.64152, "HOM-08": 51.4, "HOM-09": 72.08635999999998, "HOM-10": 74.1699, "HOM-11": 102.0, "HOM-12": 75.04280000000001, "HOM-13": 23.7, "HOM-14": 23.304, "HOM-15": 29.14405, "HOM-16": 16.935119999999998, "HOM-17": 35.067, "HOM-18": 20.51881, "HOM-19": 34.46468, "HOM-20": 32.211000000000006, "HOM-21": 35.64504, "HOM-22": 22.356890000000003, "KOB-01": 19.8912, "KOB-02": 24.309, "KOB-03": 20.122, "KOB-04": 25.496209999999998, "KOB-05": 21.117, "KOB-06": 29.50168, "KOB-07": 30.27514, "KOB-08": 74.50713, "KOB-09": 76.50169, "KOB-10": 72.49704, "KOB-11": 25.299, "KOB-12": 24.50196, "KOB-13": 19.724, "KOB-14": 23.962840000000007, "KOB-15": 17.529, "KOB-16": 25.25492, "KOT-01": 14.743, "KOT-02": 17.732, "KOT-03": 15.34, "KOT-04": 17.86823, "KOT-05": 16.56222, "KOT-06": 25.106, "KOT-07": 24.309919999999998, "KOT-08": 79.10328000000001, "KOT-09": 79.09816000000001, "KOT-10": 79.28905, "KOT-11": 24.5, "KOT-12": 24.70154, "KOT-13": 17.46428, "KOT-14": 20.643, "KOT-15": 15.93246, "KOT-16": 20.52469, "KWT-6001": 22.11157, "KWT-6002": 28.29561, "KWT-6003": 19.905390000000004, "KWT-6004": 22.6992, "KWT-6005": 26.10754, "KWT-6006": 24.0266, "KWT-6007": 78.29476, "KWT-6008": 78.88067999999998, "KWT-6009": 23.308000000000003, "KWT-6010": 34.066, "KWT-6011": 19.899369999999998, "KWT-6012": 31.153799999999997, "KWT-6013": 23.31102, "KWT-6014": 30.07912, "KWT-6015": 25.34775, "KWT-6016": 29.55706, "KWT-6042": 44.20677, "KWT-6044": 276.07261, "KWT-6046": 35.185849999999995, "LAT-6101": 15.938870000000001, "LAT-6102": 20.32202, "LAT-6103": 29.27061, "LAT-6104": 66.5452, "LAT-6105": 73.29576000000002, "LAT-6106": 69.12966, "LAT-6107": 21.76614, "LAT-6108": 29.469829999999998, "LAT-6109": 33.386250000000004, "LAT-6110": 37.258, "LAT-6112": 40.250800000000005, "LOF-01": 15.94, "LOF-02": 18.525, "LOF-03": 16.737000000000002, "LOF-04": 21.515, "LOF-05": 24.5679, "LOF-06": 30.68754, "LOF-07": 69.53309999999999, "LOF-08": 72.89756, "LOF-09": 67.73937, "LOF-10": 69.5357, "LOF-11": 19.718, "LOF-12": 21.596460000000004, "LOF-13": 17.287, "LOF-14": 18.111719999999995, "MOK-31": 22.31591, "MOK-32B": 22.50431, "MOK-33": 30.268729999999998, "MOK-34A": 21.317, "MOK-34B": 19.324080000000002, "MOK-35": 76.13469, "MOK-36": 30.482770000000002, "MOK-37": 70.52904000000001, "MOK-38": 74.8077, "MOK-39": 23.10527, "MOK-40": 71.9303, "MOK-41": 20.736400000000003, "MOK-42": 23.49914, "MOK-43": 18.72646, "MOK-44": 20.163990000000002, "MOK-45": 32.214, "MOK-46": 25.099520000000005, "NTK-01": 15.209520000000001, "NTK-02": 23.112, "NTK-03": 12.1426, "NTK-04": 27.48864, "NTK-05": 17.92674, "NTK-06": 73.42781999999997, "NTK-07": 22.7419, "NTK-08": 27.08833, "NTK-09": 69.735, "NTK-10": 23.89544, "NTK-11": 69.392, "NTK-12": 16.54026, "NTK-13": 21.718030000000002, "NTK-14": 20.473539999999996, "NTK-15": 20.28555, "NTK-16": 145.1504, "NTK-17": 276.33257000000003, "PRE-32A": 73.9223, "PRE-47": 80.47169999999998, "SKM-01": 25.304, "SKM-02": 20.83846, "SKM-03": 21.91108, "SKM-04": 21.54938, "SKM-05": 21.711, "SKM-06": 21.917, "SKM-07": 21.712, "SKM-08": 27.103650000000002, "SKM-09": 17.53169, "SKM-10": 71.12245, "SKM-11": 21.913690000000003, "SKM-12": 71.7036, "SKM-13": 74.8092, "SKM-14": 23.309, "SKM-15": 23.6643, "SKM-16": 20.11008, "SKM-17": 18.497, "SKM-18": 24.505309999999998, "SKM-19": 15.140999999999998, "SKM-20": 26.49916, "SKM-21": 15.14292, "SKM-22A": 20.32054, "SKM-22B": 71.3135, "SKM-22C": 72.3258, "TIK-7101": 39.84204, "TIK-7102": 20.71395, "TIK-7103": 27.89158, "TIK-7104": 20.08045, "TIK-7105": 24.309260000000002, "TIK-7106": 31.0, "TIK-7107": 26.480040000000002, "TIK-7108": 18.52625, "TIK-7109A": 74.70615000000001, "TIK-7109B": 70.52786, "TIK-7109C": 73.0, "TIK-7110": 20.51963, "TIK-7111": 21.132340000000006, "TIK-7112A": 118.31931999999999, "TIK-7112B": 100.14699, "TIK-7112C": 101.5658, "TIK-7113": 25.59203, "TIK-7114": 42.76167000000001, "TIK-7115": 17.11692, "TIK-7116": 24.273260000000004, "TIK-7117": 22.40685, "TIK-7118": 19.455740000000006, "TIK-7119": 265.02828, "TIK-7120": 23.814590000000006, "TIK-7122": 61.1375, "TIK-7149": 19.3735, "WHA-02": 24.10789, "WHA-04": 25.907, "WHA-06": 139.776, "WTS-01": 18.526, "WTS-02": 22.108, "WTS-03": 24.909, "WTS-04": 23.502539999999996, "WTS-05": 73.88055999999999, "WTS-06": 30.28, "WTS-07": 23.58683, "WTS-08": 73.29404, "WTS-09": 17.729, "WTS-10": 68.51364, "WTS-11": 16.932000000000002, "WTS-12": 20.58392, "WTS-14": 17.90178, "YAT-7001": 31.28779, "YAT-7002": 17.274800000000003, "YAT-7003A": 63.73938999999999, "YAT-7003B": 63.44204, "YAT-7003C": 62.952360000000006, "YAT-7003D": 62.95024, "YAT-7004": 17.617000000000004, "YAT-7005": 19.525, "YAT-7006A": 69.56584000000001, "YAT-7006B": 68.32776000000001, "YAT-7006C": 67.97164, "YAT-7007": 33.661609999999996, "YAT-7008": 26.894869999999997, "YAT-7009": 23.305410000000002, "YAT-7010": 26.466720000000002, "YAT-7012": 30.475, "YMT-31": 25.695, "YMT-32": 22.911, "YMT-33": 23.713759999999997, "YMT-34": 16.89006, "YMT-35": 76.70437000000001, "YMT-36": 22.51, "YMT-37": 20.519, "YMT-38": 25.62263, "YMT-39": 20.717, "YMT-40": 78.83428, "YMT-41": 23.50322, "YMT-42": 20.919, "YMT-44": 23.504070000000002}