{"CHH-01": 23.508080000000007, "CHH-02": 25.960779999999996, "CHH-03": 20.93008, "CHH-04": 24.307679999999998, "CHH-05": 21.91112, "CHH-06": 21.92148, "CHH-07": 17.72512, "CHH-08": 25.521200000000004, "CHH-09B": 31.3116, "CHH-10": 82.66541999999998, "CHH-11": 89.54588, "CHH-12": 23.707, "CHH-13A": 25.30302, "CHH-14": 20.58176, "CHH-15": 20.718000000000004, "CHH-16": 18.7308, "CHH-17": 19.93848, "CHH-18": 18.8955, "CHH-19": 20.31428, "CHH-20": 21.52744, "CHH-21": 20.918000000000006, "CHH-22": 50.24019999999997, "CHH-23A": 18.0, "CHH-24": 24.308440000000004, "CHH-25": 240.84948, "CHH-27": 36.852, "CHH-28": 616.82552, "CHH-29": 32.360879999999995, "CHH-30": 105.00999999999974, "CHH-31": 35.940079999999995, "CHH-32": 43.26232, "CHH-33": 53.075739999999996, "CHH-34": 30.06556, "CHH-35": 67.20259999999996, "CHH-36": 26.7828, "CHH-37": 247.75092, "DIH-01": 25.506839999999997, "DIH-02": 27.7851, "DIH-03": 80.80400000000003, "DIH-04": 28.878680000000003, "DIH-05": 83.72428, "DIH-06": 40.0132, "DIH-07": 25.8923, "DIH-08": 81.08852, "DIH-09": 28.86604, "DIH-10": 77.18615999999999, "DIH-12": 23.902939999999997, "HOM-01": 350.22838, "HOM-02": 34.85768, "HOM-03": 185.50288, "HOM-04": 29.132959999999997, "HOM-05": 30.0332, "HOM-06": 37.63984000000001, "HOM-07": 26.850400000000008, "HOM-08": 54.833659999999995, "HOM-09": 134.17386, "HOM-10": 98.97589999999994, "HOM-11": 138.75228, "HOM-12": 116.05160000000001, "HOM-13": 24.447799999999997, "HOM-14": 25.900539999999996, "HOM-15": 30.28, "HOM-16": 17.733, "HOM-17": 36.257220000000004, "HOM-18": 22.694, "HOM-19": 36.052640000000004, "HOM-20": 55.01799999999996, "HOM-21": 36.95011999999999, "HOM-22": 25.694100000000002, "KOB-01": 23.183940000000007, "KOB-02": 25.71536, "KOB-03": 28.71024, "KOB-04": 26.89154, "KOB-05": 33.39350000000001, "KOB-06": 30.65596, "KOB-07": 39.20584000000001, "KOB-08": 87.10579999999997, "KOB-09": 92.40982, "KOB-10": 84.16309999999999, "KOB-11": 26.290999999999997, "KOB-12": 26.098520000000004, "KOB-13": 22.906879999999997, "KOB-14": 25.493560000000002, "KOB-15": 22.088720000000002, "KOB-16": 26.242599999999996, "KOT-01": 19.138679999999994, "KOT-02": 21.321060000000003, "KOT-03": 25.04333999999999, "KOT-04": 21.127759999999995, "KOT-05": 26.579359999999983, "KOT-06": 27.294240000000002, "KOT-07": 30.208920000000006, "KOT-08": 98.23356000000001, "KOT-09": 96.09975999999999, "KOT-10": 100.88619999999999, "KOT-11": 25.09608, "KOT-12": 25.501959999999997, "KOT-13": 18.54381999999999, "KOT-14": 21.317, "KOT-15": 18.532519999999998, "KOT-16": 21.316, "KWT-6001": 27.49772, "KWT-6002": 31.75376, "KWT-6003": 24.90736, "KWT-6004": 23.91756, "KWT-6005": 30.543840000000007, "KWT-6006": 25.26012, "KWT-6007": 88.08883999999998, "KWT-6008": 92.39351999999995, "KWT-6009": 24.806399999999996, "KWT-6010": 35.697900000000004, "KWT-6011": 22.50484, "KWT-6012": 33.272, "KWT-6013": 27.786720000000003, "KWT-6014": 48.02024, "KWT-6015": 30.485, "KWT-6016": 40.585079999999756, "KWT-6042": 61.76348, "KWT-6044": 348.40484, "KWT-6046": 42.872899999999994, "LAT-6101": 21.041020000000003, "LAT-6102": 23.40192, "LAT-6103": 33.66652, "LAT-6104": 77.292, "LAT-6105": 81.9494, "LAT-6106": 78.29068000000001, "LAT-6107": 24.503280000000004, "LAT-6108": 34.6649, "LAT-6109": 38.0, "LAT-6110": 59.24065999999998, "LAT-6112": 51.417359999999896, "LOF-01": 20.71904, "LOF-02": 20.293, "LOF-03": 23.320679999999992, "LOF-04": 24.86786, "LOF-05": 30.41836, "LOF-06": 34.86092, "LOF-07": 76.55767999999999, "LOF-08": 81.52275999999999, "LOF-09": 75.87658, "LOF-10": 78.90335999999999, "LOF-11": 25.898020000000002, "LOF-12": 26.30336, "LOF-13": 22.662, "LOF-14": 21.746800000000007, "MOK-31": 27.0, "MOK-32B": 23.50976, "MOK-33": 34.880340000000004, "MOK-34A": 22.31792, "MOK-34B": 20.327, "MOK-35": 93.91317999999998, "MOK-36": 33.26898, "MOK-37": 87.83091999999988, "MOK-38": 84.26839999999999, "MOK-39": 26.12988, "MOK-40": 80.76999999999997, "MOK-41": 25.62699999999998, "MOK-42": 24.70118, "MOK-43": 24.33831999999999, "MOK-44": 22.766879999999993, "MOK-45": 36.290600000000005, "MOK-46": 29.417000000000005, "NTK-01": 33.872, "NTK-02": 26.09239999999999, "NTK-03": 20.63139999999998, "NTK-04": 29.415920000000007, "NTK-05": 30.181279999999997, "NTK-06": 79.68784, "NTK-07": 31.373199999999954, "NTK-08": 31.560739999999996, "NTK-09": 82.58576, "NTK-10": 34.38015999999999, "NTK-11": 85.75900000000009, "NTK-12": 28.644480000000005, "NTK-13": 28.732560000000003, "NTK-14": 49.619100000000024, "NTK-15": 26.03941999999999, "NTK-16": 303.8303999999996, "NTK-17": 575.81834, "PRE-32A": 83.27729999999997, "PRE-47": 102.63336000000002, "SKM-01": 26.299, "SKM-02": 21.516, "SKM-03": 22.91196, "SKM-04": 22.50912, "SKM-05": 23.906, "SKM-06": 22.91184, "SKM-07": 25.68644000000001, "SKM-08": 28.295600000000004, "SKM-09": 20.732119999999988, "SKM-10": 82.29950000000001, "SKM-11": 25.102800000000006, "SKM-12": 80.88372000000001, "SKM-13": 87.14779999999999, "SKM-14": 24.727719999999998, "SKM-15": 24.5012, "SKM-16": 21.317960000000003, "SKM-17": 19.3216, "SKM-18": 26.09688, "SKM-19": 15.93816, "SKM-20": 28.892519999999998, "SKM-21": 16.54388, "SKM-22A": 24.50472, "SKM-22B": 81.9186, "SKM-22C": 82.89880000000001, "TIK-7101": 44.08464000000001, "TIK-7102": 26.2952, "TIK-7103": 33.75808000000001, "TIK-7104": 26.03686, "TIK-7105": 30.564539999999994, "TIK-7106": 36.1545, "TIK-7107": 32.38810000000001, "TIK-7108": 22.067999999999998, "TIK-7109A": 89.49928, "TIK-7109B": 87.28052, "TIK-7109C": 90.93639999999999, "TIK-7110": 23.70348, "TIK-7111": 29.623079999999995, "TIK-7112A": 213.83784000000003, "TIK-7112B": 232.26969999999992, "TIK-7112C": 233.59787999999998, "TIK-7113": 48.563980000000015, "TIK-7114": 155.42879999999994, "TIK-7115": 20.71288, "TIK-7116": 144.88024000000001, "TIK-7117": 26.345139999999958, "TIK-7118": 31.48224, "TIK-7119": 323.976, "TIK-7120": 27.50452, "TIK-7122": 112.163, "TIK-7149": 22.31946, "WHA-02": 49.27524000000001, "WHA-04": 31.07188, "WHA-06": 184.374, "WTS-01": 22.319799999999997, "WTS-02": 23.1, "WTS-03": 26.351479999999995, "WTS-04": 24.89596, "WTS-05": 83.08900000000001, "WTS-06": 32.076119999999996, "WTS-07": 27.265019999999996, "WTS-08": 85.48780000000001, "WTS-09": 23.309, "WTS-10": 80.27848, "WTS-11": 21.720939999999995, "WTS-12": 21.321, "WTS-14": 18.729, "YAT-7001": 36.54334000000001, "YAT-7002": 21.0, "YAT-7003A": 72.62613999999999, "YAT-7003B": 73.82056000000003, "YAT-7003C": 72.85254000000003, "YAT-7003D": 73.52959999999999, "YAT-7004": 20.691200000000002, "YAT-7005": 22.07714, "YAT-7006A": 97.0, "YAT-7006B": 93.90535999999994, "YAT-7006C": 93.64454, "YAT-7007": 37.78548, "YAT-7008": 38.45688, "YAT-7009": 26.53432, "YAT-7010": 37.19892, "YAT-7012": 36.459, "YMT-31": 26.943679999999993, "YMT-32": 27.525019999999998, "YMT-33": 24.59664, "YMT-34": 19.2825, "YMT-35": 91.78484000000002, "YMT-36": 25.345999999999997, "YMT-37": 20.919, "YMT-38": 27.249819999999996, "YMT-39": 21.41019999999999, "YMT-40": 89.44748000000001, "YMT-41": 26.09856000000001, "YMT-42": 21.715, "YMT-44": 24.021199999999997}