{"CHH-01": 18.3263, "CHH-02": 25.076749999999997, "CHH-03": 17.13015, "CHH-04": 23.101, "CHH-05": 18.328599999999998, "CHH-06": 21.115, "CHH-07": 15.331800000000001, "CHH-08": 23.942750000000004, "CHH-09B": 29.677999999999997, "CHH-10": 75.3011, "CHH-11": 75.2992, "CHH-12": 23.2561, "CHH-13A": 24.666900000000002, "CHH-14": 20.1206, "CHH-15": 20.1128, "CHH-16": 18.30575, "CHH-17": 19.5016, "CHH-18": 18.329, "CHH-19": 19.6189, "CHH-20": 20.918000000000006, "CHH-21": 20.118, "CHH-22": 22.959749999999996, "CHH-23A": 18.0, "CHH-24": 22.323749999999997, "CHH-25": 231.299, "CHH-27": 30.4575, "CHH-28": 331.9202, "CHH-29": 26.1132, "CHH-30": 31.376250000000002, "CHH-31": 30.988000000000003, "CHH-32": 37.83345, "CHH-33": 42.744150000000005, "CHH-34": 24.7483, "CHH-35": 30.058750000000003, "CHH-36": 24.19975, "CHH-37": 199.80419999999998, "DIH-01": 23.124200000000002, "DIH-02": 27.10475, "DIH-03": 69.53, "DIH-04": 27.887, "DIH-05": 69.9583, "DIH-06": 38.98185, "DIH-07": 21.90475, "DIH-08": 71.5343, "DIH-09": 21.822, "DIH-10": 67.9324, "DIH-12": 23.309, "HOM-01": 345.21285, "HOM-02": 34.0285, "HOM-03": 162.19880000000003, "HOM-04": 28.1004, "HOM-05": 26.527299999999997, "HOM-06": 36.4623, "HOM-07": 25.891199999999998, "HOM-08": 52.395950000000006, "HOM-09": 102.90785, "HOM-10": 78.73949999999999, "HOM-11": 110.14275, "HOM-12": 79.081, "HOM-13": 23.9085, "HOM-14": 24.703350000000004, "HOM-15": 29.6777, "HOM-16": 17.3313, "HOM-17": 35.6241, "HOM-18": 21.31605, "HOM-19": 34.9564, "HOM-20": 35.0, "HOM-21": 36.052800000000005, "HOM-22": 23.67725, "KOB-01": 20.123, "KOB-02": 24.91, "KOB-03": 21.7181, "KOB-04": 25.959, "KOB-05": 24.660549999999986, "KOB-06": 29.878, "KOB-07": 32.302099999999996, "KOB-08": 76.49600000000002, "KOB-09": 78.45955000000001, "KOB-10": 74.6644, "KOB-11": 25.49895, "KOB-12": 25.1029, "KOB-13": 20.1203, "KOB-14": 24.5052, "KOB-15": 17.824800000000003, "KOB-16": 25.5276, "KOT-01": 15.14, "KOT-02": 20.324, "KOT-03": 15.752949999999998, "KOT-04": 20.086299999999998, "KOT-05": 17.131, "KOT-06": 25.7009, "KOT-07": 24.904, "KOT-08": 82.891, "KOT-09": 81.68520000000001, "KOT-10": 82.86659999999999, "KOT-11": 24.6346, "KOT-12": 25.0265, "KOT-13": 17.5559, "KOT-14": 20.911, "KOT-15": 16.136, "KOT-16": 20.84695, "KWT-6001": 24.70055, "KWT-6002": 28.687350000000002, "KWT-6003": 22.1147, "KWT-6004": 23.1062, "KWT-6005": 28.123099999999997, "KWT-6006": 24.4942, "KWT-6007": 80.11840000000001, "KWT-6008": 80.19399999999999, "KWT-6009": 23.698, "KWT-6010": 34.269, "KWT-6011": 20.509699999999995, "KWT-6012": 31.4798, "KWT-6013": 25.249499999999998, "KWT-6014": 30.451800000000002, "KWT-6015": 28.292, "KWT-6016": 29.918750000000006, "KWT-6042": 48.035849999999996, "KWT-6044": 284.13605, "KWT-6046": 38.11424999999999, "LAT-6101": 17.14, "LAT-6102": 21.159800000000004, "LAT-6103": 30.282049999999998, "LAT-6104": 68.541, "LAT-6105": 75.08279999999999, "LAT-6106": 70.5373, "LAT-6107": 22.508700000000005, "LAT-6108": 31.134300000000003, "LAT-6109": 34.26475, "LAT-6110": 41.445049999999995, "LAT-6112": 41.4696, "LOF-01": 16.331, "LOF-02": 19.073, "LOF-03": 17.3243, "LOF-04": 22.421649999999993, "LOF-05": 24.903, "LOF-06": 32.2299, "LOF-07": 70.92479999999998, "LOF-08": 74.4232, "LOF-09": 69.13069999999999, "LOF-10": 70.5564, "LOF-11": 19.918, "LOF-12": 25.666199999999996, "LOF-13": 17.529, "LOF-14": 20.9482, "MOK-31": 23.157649999999997, "MOK-32B": 22.712, "MOK-33": 31.0871, "MOK-34A": 21.5174, "MOK-34B": 19.5688, "MOK-35": 79.94215, "MOK-36": 31.4627, "MOK-37": 74.5172, "MOK-38": 76.697, "MOK-39": 23.507, "MOK-40": 73.7945, "MOK-41": 21.1235, "MOK-42": 23.90135, "MOK-43": 19.135099999999998, "MOK-44": 20.57265, "MOK-45": 32.47375, "MOK-46": 25.5218, "NTK-01": 16.0, "NTK-02": 23.499499999999998, "NTK-03": 12.949000000000002, "NTK-04": 27.69400000000001, "NTK-05": 19.5214, "NTK-06": 74.513, "NTK-07": 23.512999999999998, "NTK-08": 27.492, "NTK-09": 71.12440000000001, "NTK-10": 24.416600000000003, "NTK-11": 70.72680000000001, "NTK-12": 16.9343, "NTK-13": 22.311, "NTK-14": 20.915, "NTK-15": 22.496500000000005, "NTK-16": 149.72400000000002, "NTK-17": 338.02695, "PRE-32A": 76.10675000000002, "PRE-47": 84.75919999999999, "SKM-01": 25.698, "SKM-02": 21.069100000000002, "SKM-03": 22.2997, "SKM-04": 21.913, "SKM-05": 22.108, "SKM-06": 22.1159, "SKM-07": 22.114, "SKM-08": 27.49, "SKM-09": 17.868599999999994, "SKM-10": 72.748, "SKM-11": 22.117449999999998, "SKM-12": 73.0808, "SKM-13": 76.289, "SKM-14": 23.904, "SKM-15": 23.903, "SKM-16": 20.5401, "SKM-17": 18.716, "SKM-18": 24.937150000000003, "SKM-19": 15.336, "SKM-20": 27.488000000000007, "SKM-21": 15.343, "SKM-22A": 21.516, "SKM-22B": 73.56875, "SKM-22C": 74.68675, "TIK-7101": 40.84010000000001, "TIK-7102": 22.511, "TIK-7103": 30.20809999999999, "TIK-7104": 21.32035, "TIK-7105": 26.881949999999996, "TIK-7106": 32.248, "TIK-7107": 28.48685, "TIK-7108": 19.521250000000002, "TIK-7109A": 77.6832, "TIK-7109B": 73.9204, "TIK-7109C": 76.0, "TIK-7110": 21.51515, "TIK-7111": 21.771, "TIK-7112A": 139.6236, "TIK-7112B": 115.25404999999998, "TIK-7112C": 115.0166, "TIK-7113": 27.11535, "TIK-7114": 65.51345000000006, "TIK-7115": 18.141000000000002, "TIK-7116": 35.01599999999999, "TIK-7117": 24.12645, "TIK-7118": 24.1067, "TIK-7119": 275.8288, "TIK-7120": 25.096950000000003, "TIK-7122": 61.808499999999995, "TIK-7149": 20.026849999999996, "WHA-02": 25.936999999999998, "WHA-04": 27.684399999999997, "WHA-06": 149.90449999999998, "WTS-01": 18.72785, "WTS-02": 22.218000000000004, "WTS-03": 25.301, "WTS-04": 23.707, "WTS-05": 75.3173, "WTS-06": 30.6786, "WTS-07": 23.90345, "WTS-08": 74.87839999999997, "WTS-09": 17.936, "WTS-10": 70.0474, "WTS-11": 17.14085, "WTS-12": 20.914150000000003, "WTS-14": 18.128, "YAT-7001": 32.275, "YAT-7002": 18.341, "YAT-7003A": 65.55869999999999, "YAT-7003B": 65.15025000000001, "YAT-7003C": 64.53609999999999, "YAT-7003D": 64.537, "YAT-7004": 18.5195, "YAT-7005": 20.32, "YAT-7006A": 74.3124, "YAT-7006B": 72.79289999999999, "YAT-7006C": 71.92875, "YAT-7007": 34.46635, "YAT-7008": 27.87865, "YAT-7009": 24.103, "YAT-7010": 27.554599999999997, "YAT-7012": 32.4211, "YMT-31": 25.8901, "YMT-32": 23.15065, "YMT-33": 24.0388, "YMT-34": 17.12765, "YMT-35": 78.691, "YMT-36": 22.7267, "YMT-37": 20.600500000000004, "YMT-38": 26.09035, "YMT-39": 20.916, "YMT-40": 81.91319999999999, "YMT-41": 23.9258, "YMT-42": 21.122, "YMT-44": 23.683350000000004}