{"CHH-01": 23.566, "CHH-02": 26.04219999999999, "CHH-03": 21.315, "CHH-04": 25.9075, "CHH-05": 22.114, "CHH-06": 22.565399999999997, "CHH-07": 18.01, "CHH-08": 25.5, "CHH-09B": 31.644899999999996, "CHH-10": 90.84479999999999, "CHH-11": 93.71610000000004, "CHH-12": 23.315, "CHH-13A": 25.301, "CHH-14": 20.1822, "CHH-15": 20.72, "CHH-16": 18.328, "CHH-17": 20.121, "CHH-18": 18.521, "CHH-19": 20.32, "CHH-20": 20.92, "CHH-21": 21.124149999999997, "CHH-22": 31.593400000000003, "CHH-23A": null, "CHH-24": 27.90264999999998, "CHH-25": 520.5461499999998, "CHH-27": 37.0538, "CHH-28": 468.78479999999985, "CHH-29": 34.80300000000001, "CHH-30": 40.051100000000005, "CHH-31": 57.786249999999995, "CHH-32": 71.37899999999999, "CHH-33": 94.66749999999996, "CHH-34": 44.425349999999995, "CHH-35": 41.567999999999984, "CHH-36": 31.897049999999993, "CHH-37": 720.7174999999995, "DIH-01": 25.508750000000003, "DIH-02": 27.292, "DIH-03": 83.671, "DIH-04": 27.995049999999992, "DIH-05": 83.66460000000001, "DIH-06": 39.046, "DIH-07": 25.899, "DIH-08": 83.87100000000002, "DIH-09": 29.07255, "DIH-10": 81.09824999999998, "DIH-12": 24.215800000000005, "HOM-02": 35.055, "HOM-03": 212.55554999999998, "HOM-04": 29.246, "HOM-05": 29.849, "HOM-06": 37.652, "HOM-07": 26.695, "HOM-08": 61.55394999999999, "HOM-09": 130.14089999999993, "HOM-10": 139.5668999999999, "HOM-11": 131.882, "HOM-12": 137.458, "HOM-13": 24.504, "HOM-14": 25.738000000000003, "HOM-15": 30.281, "HOM-16": 17.730999999999995, "HOM-17": 36.258, "HOM-18": 22.34965, "HOM-19": 36.06800000000001, "HOM-20": 45.022999999999996, "HOM-21": 39.445, "HOM-22": 25.505599999999998, "KOB-01": 24.404999999999973, "KOB-02": 25.699, "KOB-03": 30.6823, "KOB-04": 26.883000000000006, "KOB-05": 35.48475, "KOB-06": 30.539, "KOB-07": 39.85, "KOB-08": 92.0386, "KOB-09": 92.83585, "KOB-10": 89.47200000000002, "KOB-11": 26.508300000000006, "KOB-12": 26.094, "KOB-13": 23.308000000000003, "KOB-14": 25.301, "KOB-15": 22.4868, "KOB-16": 26.284149999999997, "KOT-01": 20.12, "KOT-02": 27.292550000000002, "KOT-03": 23.112, "KOT-04": 30.079, "KOT-05": 25.427550000000018, "KOT-06": 32.01780000000001, "KOT-07": 30.252649999999996, "KOT-08": 107.375, "KOT-09": 100.10659999999993, "KOT-10": 104.38900000000001, "KOT-11": 25.292, "KOT-12": 25.5, "KOT-13": 18.924, "KOT-14": 21.316, "KOT-15": 18.928, "KOT-16": 21.316, "KWT-6001": 28.09, "KWT-6002": 36.456, "KWT-6003": 25.3, "KWT-6004": 25.3054, "KWT-6005": 30.879, "KWT-6006": 25.501, "KWT-6007": 95.6114, "KWT-6008": 94.60285, "KWT-6009": 24.825, "KWT-6010": 36.82739999999998, "KWT-6011": 22.2961, "KWT-6012": 34.24849999999999, "KWT-6013": 27.661199999999997, "KWT-6014": 52.593, "KWT-6015": 30.674, "KWT-6016": 50.202349999999996, "KWT-6021": 28.676, "KWT-6042": 52.861, "KWT-6044": 970.4559499999997, "KWT-6046": 52.99240000000001, "LAT-6101": 21.31035, "LAT-6102": 23.706049999999998, "LAT-6103": 33.867, "LAT-6104": 78.48849999999999, "LAT-6105": 87.65700000000002, "LAT-6106": 81.44219999999991, "LAT-6107": 24.294, "LAT-6108": 34.663000000000004, "LAT-6109": 36.856, "LAT-6110": 56.42885000000001, "LAT-6111": 63.7495, "LAT-6112": 54.584950000000006, "LOF-01": 21.116, "LOF-02": 21.114, "LOF-03": 24.117599999999996, "LOF-04": 25.101, "LOF-05": 31.675, "LOF-06": 34.89035, "LOF-07": 81.081, "LOF-08": 91.416, "LOF-09": 78.91760000000001, "LOF-10": 87.656, "LOF-11": 26.103099999999998, "LOF-12": 26.4546, "LOF-13": 22.711, "LOF-14": 22.11, "MOK-31": 30.878, "MOK-32A": 89.44664999999999, "MOK-32B": 25.302, "MOK-33": 36.257, "MOK-34A": 24.504, "MOK-34B": 21.914, "MOK-35": 96.81900000000002, "MOK-36": 34.065, "MOK-37": 90.04700000000003, "MOK-38": 86.46399999999998, "MOK-39": 26.894, "MOK-40": 83.00539999999995, "MOK-41": 29.683000000000003, "MOK-42": 25.137, "MOK-43": 29.484, "MOK-44": 25.698, "MOK-45": 43.632749999999994, "MOK-46": 37.15520000000002, "MOK-47": 110.566, "NTK-01": 33.869, "NTK-02": 34.465, "NTK-03": 22.114, "NTK-04": 32.68905, "NTK-05": 31.284349999999993, "NTK-06": 85.464, "NTK-07": 34.43590000000002, "NTK-08": 32.472, "NTK-09": 87.8584, "NTK-10": 35.698, "NTK-11": 86.46, "NTK-12": 30.082, "NTK-13": 30.50099999999998, "NTK-14": 51.597, "NTK-15": 28.2975, "NTK-16": 227.9835999999999, "NTK-17": 616.0849, "SKM-01": 26.297, "SKM-02": 21.516, "SKM-03": 22.91, "SKM-04": 22.511, "SKM-05": 23.309, "SKM-06": 22.91, "SKM-07": 27.293000000000006, "SKM-08": 28.886, "SKM-09": 24.5884, "SKM-10": 86.25919999999999, "SKM-11": 28.492999999999995, "SKM-12": 85.065, "SKM-13": 87.06075, "SKM-14": 24.70300000000001, "SKM-15": 24.702, "SKM-16": 21.454, "SKM-17": 19.919, "SKM-18": 27.49, "SKM-19": 17.730999999999995, "SKM-20": 30.1338, "SKM-21": 19.098799999999997, "SKM-22A": 24.503, "SKM-22B": 88.25299999999999, "SKM-22C": 88.8633, "TIK-7101": 43.165199999999984, "TIK-7102": 26.09800000000001, "TIK-7103": 33.7085, "TIK-7104": 25.301, "TIK-7105": 30.679, "TIK-7106": 34.863, "TIK-7107": 32.4846, "TIK-7108": 21.6562, "TIK-7109A": 91.10294999999995, "TIK-7109B": 87.456, "TIK-7109C": 90.64049999999999, "TIK-7110": 23.508000000000006, "TIK-7111": 39.508500000000005, "TIK-7112A": 252.78259999999997, "TIK-7112B": 249.6870999999999, "TIK-7112C": 251.8106, "TIK-7113": 42.58519999999996, "TIK-7114": 181.889, "TIK-7115": 20.915899999999997, "TIK-7116": 180.184, "TIK-7117": 39.80719999999985, "TIK-7118": 62.055, "TIK-7119": 405.604, "TIK-7120": 29.17660000000001, "TIK-7122": 212.59525, "TIK-7149": 23.453000000000007, "WHA-02": 43.926299999999955, "WHA-04": 30.686, "WHA-06": 197.223, "WTS-01": 22.313, "WTS-02": 23.507700000000007, "WTS-03": 26.620599999999992, "WTS-04": 24.936750000000004, "WTS-05": 87.25110000000001, "WTS-06": 32.06135, "WTS-07": 27.292, "WTS-08": 90.09249999999997, "WTS-09": 23.112, "WTS-10": 85.465, "WTS-11": 21.714, "WTS-12": 21.514, "WTS-14": 18.945500000000003, "YAT-7001": 37.05305, "YAT-7002": 20.519, "YAT-7003A": 76.89884999999998, "YAT-7003B": 76.9024, "YAT-7003C": 76.17579999999992, "YAT-7003D": 75.5033, "YAT-7004": 20.335, "YAT-7005": 22.112, "YAT-7006A": 95.22575, "YAT-7006B": 96.358, "YAT-7006C": 96.05199999999998, "YAT-7007": 36.058, "YAT-7008": 36.801, "YAT-7009": 25.899, "YAT-7010": 40.4352, "YAT-7012": 36.229399999999984, "YMT-31": 29.08535, "YMT-32": 32.673, "YMT-33": 24.903, "YMT-34": 20.799349999999986, "YMT-35": 93.24799999999999, "YMT-36": 27.071799999999996, "YMT-37": 21.513999999999996, "YMT-38": 29.1457, "YMT-39": 22.712, "YMT-40": 101.40175, "YMT-41": 29.98235000000001, "YMT-42": 21.7293, "YMT-44": 24.303, "YMT-60": 23.089100000000002, "WHA-08": 87.62539999999997, "WHA-10": 553.1737, "LAT-6114": 113.0974, "TIK-7119S": 29.489, "TIK-7122S": 1551.08605, "HOM-01": 1138.63495}