{"CHH-01": 17.728419999999996, "CHH-02": 24.71201, "CHH-03": 16.53521, "CHH-04": 22.72723, "CHH-05": 17.92742, "CHH-06": 20.799720000000004, "CHH-07": 14.942419999999998, "CHH-08": 23.726599999999998, "CHH-09B": 29.28578, "CHH-10": 74.11734, "CHH-11": 74.069, "CHH-12": 23.11, "CHH-13A": 24.452630000000003, "CHH-14": 19.979, "CHH-15": 19.89784, "CHH-16": 18.128, "CHH-17": 19.126730000000002, "CHH-18": 18.1329, "CHH-19": 19.332939999999997, "CHH-20": 20.70171, "CHH-21": 19.92, "CHH-22": 20.09115, "CHH-23A": 18.0, "CHH-24": 22.03485, "CHH-25": 224.27936, "CHH-27": 27.63075, "CHH-28": 287.1122200000001, "CHH-29": 25.417280000000005, "CHH-30": 29.73985, "CHH-31": 30.54849, "CHH-32": 37.45503000000001, "CHH-33": 42.12423, "CHH-34": 24.69823, "CHH-35": 27.362600000000008, "CHH-36": 22.89796, "CHH-37": 186.18378000000004, "DIH-01": 22.902630000000002, "DIH-02": 26.724700000000002, "DIH-03": 68.12899999999999, "DIH-04": 27.291, "DIH-05": 68.7397, "DIH-06": 37.86741, "DIH-07": 21.608249999999998, "DIH-08": 70.51857999999999, "DIH-09": 21.386840000000003, "DIH-10": 66.94072, "DIH-12": 23.11579, "HOM-01": 342.89799000000005, "HOM-02": 33.66857, "HOM-03": 159.74166000000002, "HOM-04": 27.69808, "HOM-05": 26.10282, "HOM-06": 35.859, "HOM-07": 25.692, "HOM-08": 51.79819, "HOM-09": 76.89741000000001, "HOM-10": 75.50335, "HOM-11": 103.199, "HOM-12": 76.0964, "HOM-13": 23.7091, "HOM-14": 23.507, "HOM-15": 29.285, "HOM-16": 17.133, "HOM-17": 35.26231, "HOM-18": 20.718870000000003, "HOM-19": 34.663000000000004, "HOM-20": 32.50720000000002, "HOM-21": 35.661, "HOM-22": 22.713620000000002, "KOB-01": 19.922, "KOB-02": 24.50383, "KOB-03": 20.316560000000003, "KOB-04": 25.539390000000004, "KOB-05": 21.42831000000001, "KOB-06": 29.66834, "KOB-07": 30.50416, "KOB-08": 74.89153, "KOB-09": 76.95933, "KOB-10": 72.84072, "KOB-11": 25.303, "KOB-12": 24.5498, "KOB-13": 19.90831, "KOB-14": 24.108, "KOB-15": 17.547600000000003, "KOB-16": 25.304, "KOT-01": 14.75094, "KOT-02": 18.53815, "KOT-03": 15.44463, "KOT-04": 18.528419999999997, "KOT-05": 16.733420000000002, "KOT-06": 25.29826, "KOT-07": 24.50384, "KOT-08": 80.03068, "KOT-09": 79.88172, "KOT-10": 80.07346000000001, "KOT-11": 24.503, "KOT-12": 24.727339999999998, "KOT-13": 17.52763, "KOT-14": 20.713, "KOT-15": 15.938, "KOT-16": 20.66619, "KWT-6001": 22.62521, "KWT-6002": 28.476, "KWT-6003": 20.16887, "KWT-6004": 22.78356, "KWT-6005": 26.410510000000006, "KWT-6006": 24.106, "KWT-6007": 78.69438, "KWT-6008": 79.07924, "KWT-6009": 23.388199999999998, "KWT-6010": 34.069, "KWT-6011": 19.92233, "KWT-6012": 31.27012, "KWT-6013": 23.511160000000004, "KWT-6014": 30.08512, "KWT-6015": 25.886500000000005, "KWT-6016": 29.683000000000003, "KWT-6042": 45.02859, "KWT-6044": 278.08847, "KWT-6046": 35.91795, "LAT-6101": 16.14339, "LAT-6102": 20.51654, "LAT-6103": 29.48349, "LAT-6104": 67.3316, "LAT-6105": 73.70276, "LAT-6106": 69.476, "LAT-6107": 21.98827, "LAT-6108": 29.570480000000003, "LAT-6109": 33.597, "LAT-6110": 38.43389000000001, "LAT-6112": 40.45148, "LOF-01": 16.029, "LOF-02": 18.53, "LOF-03": 16.89114, "LOF-04": 21.68584, "LOF-05": 24.69526, "LOF-06": 30.887960000000003, "LOF-07": 69.77199999999999, "LOF-08": 73.21968, "LOF-09": 67.99996, "LOF-10": 69.73456, "LOF-11": 19.722, "LOF-12": 22.316, "LOF-13": 17.33, "LOF-14": 18.73152, "MOK-31": 22.513, "MOK-32B": 22.513370000000002, "MOK-33": 30.336040000000004, "MOK-34A": 21.322, "MOK-34B": 19.368720000000003, "MOK-35": 76.88564000000002, "MOK-36": 30.680790000000002, "MOK-37": 72.04392, "MOK-38": 75.30805, "MOK-39": 23.21875, "MOK-40": 72.2961, "MOK-41": 20.9191, "MOK-42": 23.512560000000004, "MOK-43": 18.92442, "MOK-44": 20.31273, "MOK-45": 32.270050000000005, "MOK-46": 25.291560000000004, "NTK-01": 15.34, "NTK-02": 23.280500000000004, "NTK-03": 12.1583, "NTK-04": 27.498, "NTK-05": 18.12849, "NTK-06": 73.6542, "NTK-07": 22.913700000000002, "NTK-08": 27.112190000000002, "NTK-09": 70.08272, "NTK-10": 24.04532, "NTK-11": 69.73, "NTK-12": 16.72412, "NTK-13": 21.911, "NTK-14": 20.519, "NTK-15": 20.49556, "NTK-16": 145.8728, "NTK-17": 303.06739, "PRE-32A": 74.3169, "PRE-47": 81.08328, "SKM-01": 25.492, "SKM-02": 20.913, "SKM-03": 22.102899999999998, "SKM-04": 21.71163, "SKM-05": 21.827, "SKM-06": 22.00638, "SKM-07": 21.907580000000003, "SKM-08": 27.253, "SKM-09": 17.614819999999998, "SKM-10": 71.5151, "SKM-11": 21.922629999999998, "SKM-12": 71.91504, "SKM-13": 74.9192, "SKM-14": 23.50032, "SKM-15": 23.705, "SKM-16": 20.12558, "SKM-17": 18.526, "SKM-18": 24.651690000000002, "SKM-19": 15.143, "SKM-20": 26.69400000000001, "SKM-21": 15.145840000000002, "SKM-22A": 20.719160000000002, "SKM-22B": 71.71724999999999, "SKM-22C": 72.72875, "TIK-7101": 40.21584, "TIK-7102": 21.010399999999997, "TIK-7103": 28.521710000000002, "TIK-7104": 20.32945, "TIK-7105": 25.177980000000005, "TIK-7106": 31.19525, "TIK-7107": 26.906979999999997, "TIK-7108": 18.73, "TIK-7109A": 75.55032999999997, "TIK-7109B": 71.32686, "TIK-7109C": 73.9913, "TIK-7110": 20.725160000000002, "TIK-7111": 21.329520000000002, "TIK-7112A": 121.35188000000002, "TIK-7112B": 102.97376, "TIK-7112C": 103.73594, "TIK-7113": 25.923899999999996, "TIK-7114": 46.94203000000001, "TIK-7115": 17.33112, "TIK-7116": 25.552999999999997, "TIK-7117": 22.906940000000002, "TIK-7118": 19.686860000000003, "TIK-7119": 265.73044, "TIK-7120": 24.245560000000005, "TIK-7122": 61.361, "TIK-7149": 19.522, "WHA-02": 24.60555000000001, "WHA-04": 26.10024, "WHA-06": 142.00825, "WTS-01": 18.53179, "WTS-02": 22.112, "WTS-03": 25.07563, "WTS-04": 23.51, "WTS-05": 74.26259999999999, "WTS-06": 30.286260000000002, "WTS-07": 23.703000000000007, "WTS-08": 73.51482, "WTS-09": 17.732, "WTS-10": 68.91752, "WTS-11": 16.93421, "WTS-12": 20.713, "WTS-14": 17.928790000000006, "YAT-7001": 31.481990000000003, "YAT-7002": 17.53, "YAT-7003A": 64.17904, "YAT-7003B": 63.956900000000005, "YAT-7003C": 63.54495, "YAT-7003D": 63.348879999999994, "YAT-7004": 17.928700000000003, "YAT-7005": 19.724490000000003, "YAT-7006A": 70.71536, "YAT-7006B": 69.34746000000001, "YAT-7006C": 68.61644, "YAT-7007": 33.86298, "YAT-7008": 27.096980000000006, "YAT-7009": 23.500140000000002, "YAT-7010": 26.672719999999998, "YAT-7012": 31.069140000000008, "YMT-31": 25.699, "YMT-32": 22.97417, "YMT-33": 23.89752, "YMT-34": 16.93, "YMT-35": 77.30797, "YMT-36": 22.515729999999998, "YMT-37": 20.522, "YMT-38": 25.698, "YMT-39": 20.719, "YMT-40": 79.27844, "YMT-41": 23.705759999999998, "YMT-42": 20.99211, "YMT-44": 23.507}