{
  "CHH-01": 19.152,
  "CHH-02": 25.104,
  "CHH-03": 17.53713,
  "CHH-04": 23.111,
  "CHH-05": 18.68626,
  "CHH-06": 21.119,
  "CHH-07": 15.392559999999998,
  "CHH-08": 24.086100000000002,
  "CHH-09B": 29.685339999999997,
  "CHH-10": 75.66252000000001,
  "CHH-11": 75.70519999999999,
  "CHH-12": 23.304,
  "CHH-13A": 24.705,
  "CHH-14": 20.123,
  "CHH-15": 20.122,
  "CHH-16": 18.326,
  "CHH-17": 19.521,
  "CHH-18": 18.4208,
  "CHH-19": 19.72,
  "CHH-20": 20.924,
  "CHH-21": 20.124,
  "CHH-22": 24.0654,
  "CHH-23A": 18.0,
  "CHH-24": 22.420049999999996,
  "CHH-25": 232.259,
  "CHH-27": 31.443949999999997,
  "CHH-28": 344.27070000000003,
  "CHH-29": 26.29839,
  "CHH-30": 32.23309999999999,
  "CHH-31": 31.08752000000001,
  "CHH-32": 38.28299,
  "CHH-33": 42.831010000000006,
  "CHH-34": 24.81746,
  "CHH-35": 30.551950000000005,
  "CHH-36": 24.24725,
  "CHH-37": 200.25564,
  "DIH-01": 23.304129999999997,
  "DIH-02": 27.2897,
  "DIH-03": 69.9643,
  "DIH-04": 27.91832,
  "DIH-05": 70.42584,
  "DIH-06": 39.05373,
  "DIH-07": 21.964199999999998,
  "DIH-08": 72.08446000000002,
  "DIH-09": 22.31152,
  "DIH-10": 68.35584,
  "DIH-12": 23.323350000000005,
  "HOM-01": 345.98447,
  "HOM-02": 34.06521,
  "HOM-03": 162.99736000000001,
  "HOM-04": 28.283,
  "HOM-05": 26.69569,
  "HOM-06": 36.66346,
  "HOM-07": 25.899,
  "HOM-08": 52.590759999999996,
  "HOM-09": 106.22652000000001,
  "HOM-10": 79.87705,
  "HOM-11": 114.0,
  "HOM-12": 80.51500000000001,
  "HOM-13": 23.994799999999998,
  "HOM-14": 24.89917,
  "HOM-15": 29.68851,
  "HOM-16": 17.34488,
  "HOM-17": 35.658429999999996,
  "HOM-18": 21.51011,
  "HOM-19": 35.100840000000005,
  "HOM-20": 35.99340000000001,
  "HOM-21": 36.130720000000004,
  "HOM-22": 23.73189,
  "KOB-01": 20.16115,
  "KOB-02": 25.094,
  "KOB-03": 22.5107,
  "KOB-04": 26.097,
  "KOB-05": 26.34179000000001,
  "KOB-06": 29.884,
  "KOB-07": 33.68794,
  "KOB-08": 77.09402999999999,
  "KOB-09": 79.07703000000001,
  "KOB-10": 75.11072,
  "KOB-11": 25.506690000000003,
  "KOB-12": 25.297379999999997,
  "KOB-13": 20.125,
  "KOB-14": 24.699640000000002,
  "KOB-15": 17.932560000000002,
  "KOB-16": 25.69564,
  "KOT-01": 15.17352,
  "KOT-02": 20.51639,
  "KOT-03": 15.939999999999998,
  "KOT-04": 20.123130000000003,
  "KOT-05": 17.13852,
  "KOT-06": 25.9,
  "KOT-07": 25.040799999999997,
  "KOT-08": 84.07759999999999,
  "KOT-09": 82.39923999999999,
  "KOT-10": 83.66011999999999,
  "KOT-11": 24.69404,
  "KOT-12": 25.09774000000001,
  "KOT-13": 17.708779999999997,
  "KOT-14": 20.919,
  "KOT-15": 16.139,
  "KOT-16": 20.915390000000002,
  "KWT-6001": 25.03955,
  "KWT-6002": 28.74186,
  "KWT-6003": 22.512,
  "KWT-6004": 23.112,
  "KWT-6005": 28.49051,
  "KWT-6006": 24.592240000000004,
  "KWT-6007": 81.085,
  "KWT-6008": 81.30868,
  "KWT-6009": 23.78528,
  "KWT-6010": 34.31352,
  "KWT-6011": 20.71396,
  "KWT-6012": 31.65176,
  "KWT-6013": 25.95524,
  "KWT-6014": 30.48536,
  "KWT-6015": 28.66025,
  "KWT-6016": 30.083,
  "KWT-6042": 49.038270000000004,
  "KWT-6044": 291.50646,
  "KWT-6046": 38.846349999999994,
  "LAT-6101": 17.524800000000003,
  "LAT-6102": 21.328300000000006,
  "LAT-6103": 30.682940000000002,
  "LAT-6104": 69.0466,
  "LAT-6105": 75.50614,
  "LAT-6106": 71.32514,
  "LAT-6107": 22.627560000000003,
  "LAT-6108": 31.84791,
  "LAT-6109": 34.466499999999996,
  "LAT-6110": 42.22492,
  "LAT-6112": 41.97540000000001,
  "LOF-01": 16.340999999999998,
  "LOF-02": 19.309,
  "LOF-03": 17.45226,
  "LOF-04": 23.1081,
  "LOF-05": 24.9983,
  "LOF-06": 32.96006,
  "LOF-07": 71.26569999999998,
  "LOF-08": 74.86989999999999,
  "LOF-09": 69.55186,
  "LOF-10": 71.12451,
  "LOF-11": 19.924,
  "LOF-12": 25.70652,
  "LOF-13": 17.65,
  "LOF-14": 21.113000000000003,
  "MOK-31": 23.51184,
  "MOK-32B": 22.74003,
  "MOK-33": 31.675420000000003,
  "MOK-34A": 21.69136,
  "MOK-34B": 19.71748,
  "MOK-35": 81.15761,
  "MOK-36": 31.47787,
  "MOK-37": 75.91432,
  "MOK-38": 77.55195,
  "MOK-39": 23.562549999999998,
  "MOK-40": 74.31970000000001,
  "MOK-41": 21.308300000000003,
  "MOK-42": 23.90917,
  "MOK-43": 19.323,
  "MOK-44": 20.710379999999997,
  "MOK-45": 32.67295,
  "MOK-46": 25.68756,
  "NTK-01": 16.73257,
  "NTK-02": 23.509,
  "NTK-03": 13.152,
  "NTK-04": 27.722840000000005,
  "NTK-05": 20.123849999999997,
  "NTK-06": 74.71562000000002,
  "NTK-07": 24.237099999999998,
  "NTK-08": 27.68446,
  "NTK-09": 71.34946,
  "NTK-10": 24.502319999999997,
  "NTK-11": 71.12488,
  "NTK-12": 17.065559999999998,
  "NTK-13": 22.47432,
  "NTK-14": 20.92293,
  "NTK-15": 22.70467,
  "NTK-16": 153.9939,
  "NTK-17": 360.55890999999997,
  "PRE-32A": 76.67859999999999,
  "PRE-47": 86.0,
  "SKM-01": 25.702,
  "SKM-02": 21.113780000000002,
  "SKM-03": 22.314,
  "SKM-04": 21.917,
  "SKM-05": 22.113000000000003,
  "SKM-06": 22.174039999999998,
  "SKM-07": 22.18366,
  "SKM-08": 27.499,
  "SKM-09": 17.93239,
  "SKM-10": 73.13075000000002,
  "SKM-11": 22.30339,
  "SKM-12": 73.60043999999999,
  "SKM-13": 76.8974,
  "SKM-14": 23.99092,
  "SKM-15": 23.906,
  "SKM-16": 20.717740000000003,
  "SKM-17": 18.724,
  "SKM-18": 25.10505,
  "SKM-19": 15.339,
  "SKM-20": 27.68848,
  "SKM-21": 15.471519999999998,
  "SKM-22A": 21.708,
  "SKM-22B": 74.21715,
  "SKM-22C": 75.31055,
  "TIK-7101": 41.23724,
  "TIK-7102": 23.10845,
  "TIK-7103": 30.9337,
  "TIK-7104": 21.91497,
  "TIK-7105": 27.487029999999997,
  "TIK-7106": 32.474000000000004,
  "TIK-7107": 28.92381,
  "TIK-7108": 19.725749999999998,
  "TIK-7109A": 78.69013000000001,
  "TIK-7109B": 74.7176,
  "TIK-7109C": 77.19250000000002,
  "TIK-7110": 21.717,
  "TIK-7111": 22.11212,
  "TIK-7112A": 149.07368000000002,
  "TIK-7112B": 119.88798999999999,
  "TIK-7112C": 122.19529999999997,
  "TIK-7113": 27.491120000000002,
  "TIK-7114": 72.0,
  "TIK-7115": 18.32954,
  "TIK-7116": 41.940659999999944,
  "TIK-7117": 24.32826,
  "TIK-7118": 25.747119999999995,
  "TIK-7119": 277.80183999999997,
  "TIK-7120": 25.40547,
  "TIK-7122": 62.170500000000004,
  "TIK-7149": 20.31721,
  "WHA-02": 28.32947,
  "WHA-04": 29.28472,
  "WHA-06": 151.38775,
  "WTS-01": 18.74096,
  "WTS-02": 22.31,
  "WTS-03": 25.39161,
  "WTS-04": 23.835800000000003,
  "WTS-05": 75.91636,
  "WTS-06": 30.72598,
  "WTS-07": 23.91417,
  "WTS-08": 75.64394,
  "WTS-09": 18.257,
  "WTS-10": 70.62755999999999,
  "WTS-11": 17.344,
  "WTS-12": 20.918130000000005,
  "WTS-14": 18.134,
  "YAT-7001": 32.475,
  "YAT-7002": 18.529,
  "YAT-7003A": 66.2222,
  "YAT-7003B": 65.55113,
  "YAT-7003C": 65.12926999999999,
  "YAT-7003D": 64.98812,
  "YAT-7004": 18.6523,
  "YAT-7005": 20.515,
  "YAT-7006A": 75.30203999999998,
  "YAT-7006B": 73.70408000000002,
  "YAT-7006C": 73.70047,
  "YAT-7007": 34.65391,
  "YAT-7008": 28.32467,
  "YAT-7009": 24.302,
  "YAT-7010": 28.0,
  "YAT-7012": 32.91688,
  "YMT-31": 25.89982,
  "YMT-32": 23.305,
  "YMT-33": 24.101,
  "YMT-34": 17.13543,
  "YMT-35": 79.54785000000001,
  "YMT-36": 22.903,
  "YMT-37": 20.693300000000004,
  "YMT-38": 26.100170000000002,
  "YMT-39": 20.9593,
  "YMT-40": 82.65112,
  "YMT-41": 24.10182,
  "YMT-42": 21.21029,
  "YMT-44": 23.705
}