{
  "CHH-01": 19.332240000000002,
  "CHH-02": 25.10924,
  "CHH-03": 17.96936,
  "CHH-04": 23.115,
  "CHH-05": 18.934240000000003,
  "CHH-06": 21.19068,
  "CHH-07": 15.720600000000001,
  "CHH-08": 24.105600000000003,
  "CHH-09B": 29.79268,
  "CHH-10": 75.89872,
  "CHH-11": 76.10136,
  "CHH-12": 23.307720000000003,
  "CHH-13A": 24.70812,
  "CHH-14": 20.126,
  "CHH-15": 20.124,
  "CHH-16": 18.328,
  "CHH-17": 19.523560000000003,
  "CHH-18": 18.5078,
  "CHH-19": 19.725,
  "CHH-20": 21.0906,
  "CHH-21": 20.12504,
  "CHH-22": 24.543599999999998,
  "CHH-23A": 18.0,
  "CHH-24": 22.468199999999996,
  "CHH-25": 232.85907999999998,
  "CHH-27": 31.635799999999996,
  "CHH-28": 354.30379999999997,
  "CHH-29": 26.58336,
  "CHH-30": 32.5124,
  "CHH-31": 31.306480000000004,
  "CHH-32": 38.50776,
  "CHH-33": 42.83124,
  "CHH-34": 24.852040000000002,
  "CHH-35": 30.625800000000005,
  "CHH-36": 24.271,
  "CHH-37": 200.48136,
  "DIH-01": 23.31,
  "DIH-02": 27.294400000000003,
  "DIH-03": 70.307,
  "DIH-04": 28.0646,
  "DIH-05": 70.71136,
  "DIH-06": 39.1042,
  "DIH-07": 22.113000000000003,
  "DIH-08": 72.42616,
  "DIH-09": 22.517400000000002,
  "DIH-10": 68.91596,
  "DIH-12": 23.461399999999998,
  "HOM-01": 346.37028,
  "HOM-02": 34.06904000000001,
  "HOM-03": 163.825,
  "HOM-04": 28.287,
  "HOM-05": 26.8966,
  "HOM-06": 36.858360000000005,
  "HOM-07": 25.901960000000003,
  "HOM-08": 52.660920000000004,
  "HOM-09": 107.97156,
  "HOM-10": 80.27600000000001,
  "HOM-11": 115.43979999999999,
  "HOM-12": 81.1704,
  "HOM-13": 24.093200000000003,
  "HOM-14": 24.902,
  "HOM-15": 29.79704,
  "HOM-16": 17.486839999999997,
  "HOM-17": 35.66032,
  "HOM-18": 21.514,
  "HOM-19": 35.253,
  "HOM-20": 37.0,
  "HOM-21": 36.2526,
  "HOM-22": 23.905,
  "KOB-01": 20.317,
  "KOB-02": 25.101,
  "KOB-03": 22.907320000000002,
  "KOB-04": 26.10248,
  "KOB-05": 27.093040000000002,
  "KOB-06": 29.914399999999997,
  "KOB-07": 34.26928,
  "KOB-08": 77.51016000000001,
  "KOB-09": 79.41332,
  "KOB-10": 75.61580000000001,
  "KOB-11": 25.53436,
  "KOB-12": 25.308240000000005,
  "KOB-13": 20.17588,
  "KOB-14": 24.705,
  "KOB-15": 18.1242,
  "KOB-16": 25.698,
  "KOT-01": 15.337240000000001,
  "KOT-02": 20.522,
  "KOT-03": 15.99172,
  "KOT-04": 20.13184,
  "KOT-05": 17.2024,
  "KOT-06": 26.075560000000003,
  "KOT-07": 25.096960000000003,
  "KOT-08": 84.76259999999999,
  "KOT-09": 82.685,
  "KOT-10": 84.11916000000002,
  "KOT-11": 24.699,
  "KOT-12": 25.1,
  "KOT-13": 17.727,
  "KOT-14": 20.92,
  "KOT-15": 16.14444,
  "KOT-16": 20.918000000000006,
  "KWT-6001": 25.146720000000002,
  "KWT-6002": 28.849800000000002,
  "KWT-6003": 22.70116,
  "KWT-6004": 23.18392,
  "KWT-6005": 28.65144,
  "KWT-6006": 24.67896,
  "KWT-6007": 81.28608,
  "KWT-6008": 81.65036,
  "KWT-6009": 23.901,
  "KWT-6010": 34.4256,
  "KWT-6011": 20.916520000000002,
  "KWT-6012": 31.675,
  "KWT-6013": 26.09800000000001,
  "KWT-6014": 30.520160000000004,
  "KWT-6015": 28.689,
  "KWT-6016": 30.09292,
  "KWT-6042": 49.53948,
  "KWT-6044": 296.67904,
  "KWT-6046": 39.2124,
  "LAT-6101": 17.931279999999997,
  "LAT-6102": 21.507640000000006,
  "LAT-6103": 30.883119999999998,
  "LAT-6104": 69.3508,
  "LAT-6105": 75.64207999999999,
  "LAT-6106": 71.52947999999999,
  "LAT-6107": 22.70884,
  "LAT-6108": 32.12652,
  "LAT-6109": 34.607,
  "LAT-6110": 42.37208,
  "LAT-6112": 42.18136,
  "LOF-01": 16.528119999999998,
  "LOF-02": 19.325,
  "LOF-03": 17.528480000000002,
  "LOF-04": 23.31164,
  "LOF-05": 25.09688000000001,
  "LOF-06": 33.49016,
  "LOF-07": 71.43816,
  "LOF-08": 75.11016000000001,
  "LOF-09": 69.91127999999999,
  "LOF-10": 71.31956000000001,
  "LOF-11": 20.101,
  "LOF-12": 25.8686,
  "LOF-13": 17.729,
  "LOF-14": 21.118,
  "MOK-31": 23.69708,
  "MOK-32B": 22.88516,
  "MOK-33": 31.873040000000003,
  "MOK-34A": 21.71152,
  "MOK-34B": 19.723,
  "MOK-35": 81.81968,
  "MOK-36": 31.494919999999997,
  "MOK-37": 76.67227999999999,
  "MOK-38": 77.8154,
  "MOK-39": 23.62688,
  "MOK-40": 74.72940000000003,
  "MOK-41": 21.315200000000004,
  "MOK-42": 23.96628,
  "MOK-43": 19.326240000000002,
  "MOK-44": 20.71712,
  "MOK-45": 32.684,
  "MOK-46": 25.693440000000006,
  "NTK-01": 17.0,
  "NTK-02": 23.512,
  "NTK-03": 13.525599999999997,
  "NTK-04": 27.883320000000005,
  "NTK-05": 20.402759999999997,
  "NTK-06": 74.91628,
  "NTK-07": 24.318400000000004,
  "NTK-08": 27.69,
  "NTK-09": 71.53636,
  "NTK-10": 24.505679999999998,
  "NTK-11": 71.31832,
  "NTK-12": 17.128880000000002,
  "NTK-13": 22.512320000000003,
  "NTK-14": 21.016000000000002,
  "NTK-15": 22.71308,
  "NTK-16": 157.58759999999998,
  "NTK-17": 374.7278400000001,
  "PRE-32A": 76.9012,
  "PRE-47": 87.0,
  "SKM-01": 25.706,
  "SKM-02": 21.117,
  "SKM-03": 22.3954,
  "SKM-04": 21.93408,
  "SKM-05": 22.114,
  "SKM-06": 22.29816,
  "SKM-07": 22.273760000000003,
  "SKM-08": 27.6532,
  "SKM-09": 17.97792,
  "SKM-10": 73.52459999999999,
  "SKM-11": 22.31236,
  "SKM-12": 73.97368,
  "SKM-13": 77.2894,
  "SKM-14": 24.098520000000004,
  "SKM-15": 23.908,
  "SKM-16": 20.71976,
  "SKM-17": 18.726,
  "SKM-18": 25.19236,
  "SKM-19": 15.34,
  "SKM-20": 27.692520000000002,
  "SKM-21": 15.53248,
  "SKM-22A": 21.715760000000003,
  "SKM-22B": 74.5154,
  "SKM-22C": 75.6738,
  "TIK-7101": 41.40776,
  "TIK-7102": 23.3472,
  "TIK-7103": 31.34188,
  "TIK-7104": 22.03024,
  "TIK-7105": 27.68048,
  "TIK-7106": 32.875,
  "TIK-7107": 29.30036,
  "TIK-7108": 19.917,
  "TIK-7109A": 79.28028,
  "TIK-7109B": 75.30784000000001,
  "TIK-7109C": 77.5072,
  "TIK-7110": 21.779040000000002,
  "TIK-7111": 22.29812,
  "TIK-7112A": 154.88,
  "TIK-7112B": 123.98820000000002,
  "TIK-7112C": 125.99836000000002,
  "TIK-7113": 27.49772,
  "TIK-7114": 77.11255999999993,
  "TIK-7115": 18.524,
  "TIK-7116": 44.38948000000002,
  "TIK-7117": 24.504,
  "TIK-7118": 26.35236,
  "TIK-7119": 279.53916000000004,
  "TIK-7120": 25.49876,
  "TIK-7122": 62.522,
  "TIK-7149": 20.323120000000003,
  "WHA-02": 30.68,
  "WHA-04": 30.074840000000002,
  "WHA-06": 152.62,
  "WTS-01": 18.80696,
  "WTS-02": 22.313,
  "WTS-03": 25.49524,
  "WTS-04": 23.90152,
  "WTS-05": 76.08380000000001,
  "WTS-06": 30.871239999999997,
  "WTS-07": 24.05376,
  "WTS-08": 75.90392,
  "WTS-09": 18.509,
  "WTS-10": 70.9662,
  "WTS-11": 17.551880000000004,
  "WTS-12": 20.92012,
  "WTS-14": 18.171120000000002,
  "YAT-7001": 32.63436,
  "YAT-7002": 18.5506,
  "YAT-7003A": 66.5402,
  "YAT-7003B": 66.22059999999999,
  "YAT-7003C": 65.32339999999999,
  "YAT-7003D": 65.34412,
  "YAT-7004": 18.727,
  "YAT-7005": 20.52284,
  "YAT-7006A": 76.19996,
  "YAT-7006B": 75.10732000000002,
  "YAT-7006C": 74.69948,
  "YAT-7007": 34.85684,
  "YAT-7008": 28.49,
  "YAT-7009": 24.411039999999996,
  "YAT-7010": 28.09744,
  "YAT-7012": 33.27028000000001,
  "YMT-31": 25.902,
  "YMT-32": 23.31,
  "YMT-33": 24.104,
  "YMT-34": 17.15132,
  "YMT-35": 80.43684000000002,
  "YMT-36": 22.91,
  "YMT-37": 20.713,
  "YMT-38": 26.164640000000002,
  "YMT-39": 21.0104,
  "YMT-40": 83.079,
  "YMT-41": 24.10468,
  "YMT-42": 21.286920000000002,
  "YMT-44": 23.70608
}