{"CHH-01": 17.92772, "CHH-02": 24.901860000000003, "CHH-03": 16.73318, "CHH-04": 22.91178, "CHH-05": 18.127, "CHH-06": 20.922, "CHH-07": 15.138359999999999, "CHH-08": 23.904, "CHH-09B": 29.481480000000005, "CHH-10": 74.83789999999999, "CHH-11": 74.4942, "CHH-12": 23.1364, "CHH-13A": 24.507000000000005, "CHH-14": 20.11216, "CHH-15": 19.925159999999998, "CHH-16": 18.134, "CHH-17": 19.318340000000003, "CHH-18": 18.3202, "CHH-19": 19.523, "CHH-20": 20.724480000000003, "CHH-21": 19.926119999999997, "CHH-22": 21.256499999999996, "CHH-23A": 18.0, "CHH-24": 22.179299999999998, "CHH-25": 229.859, "CHH-27": 28.796999999999997, "CHH-28": 318.79544, "CHH-29": 25.82024, "CHH-30": 29.880900000000004, "CHH-31": 30.82242, "CHH-32": 37.57074, "CHH-33": 42.55134000000001, "CHH-34": 24.71134, "CHH-35": 28.810900000000004, "CHH-36": 23.63668, "CHH-37": 193.92323999999996, "DIH-01": 22.990479999999998, "DIH-02": 26.9898, "DIH-03": 68.73809999999999, "DIH-04": 27.683280000000003, "DIH-05": 69.3332, "DIH-06": 38.831, "DIH-07": 21.715000000000003, "DIH-08": 70.92607999999998, "DIH-09": 21.54388, "DIH-10": 67.30088, "DIH-12": 23.291920000000005, "HOM-01": 344.05542, "HOM-02": 33.866060000000004, "HOM-03": 161.24927999999997, "HOM-04": 28.080759999999998, "HOM-05": 26.436559999999997, "HOM-06": 36.392120000000006, "HOM-07": 25.70644, "HOM-08": 52.19436, "HOM-09": 96.85213999999999, "HOM-10": 76.9051, "HOM-11": 106.0, "HOM-12": 77.66479999999999, "HOM-13": 23.900799999999997, "HOM-14": 24.10848, "HOM-15": 29.483, "HOM-16": 17.32456, "HOM-17": 35.455960000000005, "HOM-18": 21.112299999999998, "HOM-19": 34.858000000000004, "HOM-20": 33.253499999999995, "HOM-21": 35.86, "HOM-22": 23.123759999999997, "KOB-01": 20.05318, "KOB-02": 24.705999999999996, "KOB-03": 20.720200000000002, "KOB-04": 25.800960000000003, "KOB-05": 22.896599999999996, "KOB-06": 29.685859999999998, "KOB-07": 31.26596, "KOB-08": 75.51754, "KOB-09": 77.9059, "KOB-10": 73.71096000000001, "KOB-11": 25.42482, "KOB-12": 24.893720000000002, "KOB-13": 19.9319, "KOB-14": 24.304, "KOB-15": 17.72616, "KOB-16": 25.49404, "KOT-01": 14.943, "KOT-02": 20.040860000000002, "KOT-03": 15.585199999999999, "KOT-04": 19.736199999999997, "KOT-05": 16.933, "KOT-06": 25.502, "KOT-07": 24.702, "KOT-08": 81.27083999999999, "KOT-09": 80.95660000000001, "KOT-10": 80.9075, "KOT-11": 24.50972, "KOT-12": 24.901, "KOT-13": 17.53154, "KOT-14": 20.721, "KOT-15": 16.00918, "KOT-16": 20.719, "KWT-6001": 23.65, "KWT-6002": 28.507420000000003, "KWT-6003": 21.17566, "KWT-6004": 22.92792, "KWT-6005": 27.09994, "KWT-6006": 24.304, "KWT-6007": 79.28536, "KWT-6008": 79.48971999999999, "KWT-6009": 23.508000000000006, "KWT-6010": 34.199639999999995, "KWT-6011": 20.111420000000003, "KWT-6012": 31.329919999999998, "KWT-6013": 24.11448, "KWT-6014": 30.282, "KWT-6015": 27.094, "KWT-6016": 29.876, "KWT-6042": 46.532219999999995, "KWT-6044": 281.11226, "KWT-6046": 37.016099999999994, "LAT-6101": 16.53668, "LAT-6102": 20.873239999999996, "LAT-6103": 29.79634, "LAT-6104": 67.921, "LAT-6105": 74.51408, "LAT-6106": 70.12407999999999, "LAT-6107": 22.29182, "LAT-6108": 30.281, "LAT-6109": 33.8675, "LAT-6110": 40.16198000000001, "LAT-6112": 40.99976, "LOF-01": 16.137999999999998, "LOF-02": 18.729, "LOF-03": 16.95136, "LOF-04": 21.917460000000005, "LOF-05": 24.72052, "LOF-06": 31.476999999999997, "LOF-07": 70.325, "LOF-08": 74.03976, "LOF-09": 68.70962, "LOF-10": 70.12948, "LOF-11": 19.72736, "LOF-12": 25.10044, "LOF-13": 17.335, "LOF-14": 20.690559999999994, "MOK-31": 22.713, "MOK-32B": 22.70092, "MOK-33": 30.68436, "MOK-34A": 21.512, "MOK-34B": 19.522, "MOK-35": 78.63343999999998, "MOK-36": 31.085459999999998, "MOK-37": 73.2634, "MOK-38": 75.8982, "MOK-39": 23.313, "MOK-40": 72.9908, "MOK-41": 21.104, "MOK-42": 23.70862, "MOK-43": 19.10996, "MOK-44": 20.449479999999994, "MOK-45": 32.2818, "MOK-46": 25.494999999999997, "NTK-01": 15.734000000000002, "NTK-02": 23.311, "NTK-03": 12.550999999999998, "NTK-04": 27.68224, "NTK-05": 18.579739999999997, "NTK-06": 74.10796, "NTK-07": 23.218199999999992, "NTK-08": 27.298, "NTK-09": 70.52112, "NTK-10": 24.1678, "NTK-11": 70.11524, "NTK-12": 16.802, "NTK-13": 22.10998, "NTK-14": 20.717980000000004, "NTK-15": 21.518479999999997, "NTK-16": 146.4848, "NTK-17": 324.89766, "PRE-32A": 75.18750000000001, "PRE-47": 82.68883999999998, "SKM-01": 25.559, "SKM-02": 20.91908, "SKM-03": 22.114639999999998, "SKM-04": 21.719540000000002, "SKM-05": 21.916, "SKM-06": 22.111, "SKM-07": 21.97724, "SKM-08": 27.2969, "SKM-09": 17.729, "SKM-10": 71.93599999999999, "SKM-11": 22.10854, "SKM-12": 72.52231999999998, "SKM-13": 75.7048, "SKM-14": 23.645359999999997, "SKM-15": 23.7108, "SKM-16": 20.39332, "SKM-17": 18.531, "SKM-18": 24.832679999999996, "SKM-19": 15.228439999999999, "SKM-20": 26.89528, "SKM-21": 15.337, "SKM-22A": 21.313560000000003, "SKM-22B": 72.51040000000002, "SKM-22C": 73.68939999999999, "TIK-7101": 40.46796, "TIK-7102": 21.978699999999996, "TIK-7103": 29.485139999999998, "TIK-7104": 20.912, "TIK-7105": 26.264940000000003, "TIK-7106": 31.6845, "TIK-7107": 27.772559999999984, "TIK-7108": 19.1415, "TIK-7109A": 76.50658000000001, "TIK-7109B": 72.50028, "TIK-7109C": 74.6938, "TIK-7110": 21.208239999999996, "TIK-7111": 21.52308, "TIK-7112A": 131.01855999999998, "TIK-7112B": 108.21037999999999, "TIK-7112C": 109.10152000000001, "TIK-7113": 26.29974, "TIK-7114": 53.00777999999999, "TIK-7115": 17.748440000000002, "TIK-7116": 28.6164, "TIK-7117": 23.147639999999996, "TIK-7118": 21.148879999999995, "TIK-7119": 270.94272, "TIK-7120": 24.600520000000007, "TIK-7122": 61.565, "TIK-7149": 19.72206, "WHA-02": 25.25232, "WHA-04": 26.88896, "WHA-06": 144.5125, "WTS-01": 18.719279999999998, "WTS-02": 22.117, "WTS-03": 25.10818, "WTS-04": 23.69548, "WTS-05": 74.71047999999999, "WTS-06": 30.481360000000002, "WTS-07": 23.71054, "WTS-08": 74.12047999999999, "WTS-09": 17.925, "WTS-10": 69.51964, "WTS-11": 17.123540000000002, "WTS-12": 20.722, "WTS-14": 17.990119999999997, "YAT-7001": 31.868559999999995, "YAT-7002": 17.9272, "YAT-7003A": 64.79454, "YAT-7003B": 64.54688, "YAT-7003C": 64.1393, "YAT-7003D": 63.90436, "YAT-7004": 18.3236, "YAT-7005": 20.11942, "YAT-7006A": 72.47439999999996, "YAT-7006B": 70.73867999999999, "YAT-7006C": 70.3241, "YAT-7007": 34.254099999999994, "YAT-7008": 27.491419999999998, "YAT-7009": 23.70906, "YAT-7010": 27.16128, "YAT-7012": 31.675060000000002, "YMT-31": 25.703520000000005, "YMT-32": 23.10926, "YMT-33": 23.90716, "YMT-34": 16.948780000000003, "YMT-35": 78.0, "YMT-36": 22.70534, "YMT-37": 20.5386, "YMT-38": 25.9, "YMT-39": 20.724600000000006, "YMT-40": 80.71168000000003, "YMT-41": 23.899, "YMT-42": 21.116, "YMT-44": 23.51724}