{
  "CHH-01": 7.0,
  "CHH-02": 15.0,
  "CHH-03": 5.0,
  "CHH-04": 12.0,
  "CHH-05": 6.0,
  "CHH-06": 8.0,
  "CHH-07": 3.0,
  "CHH-08": 5.0,
  "CHH-09B": 9.0,
  "CHH-10": 58.0,
  "CHH-11": 61.0,
  "CHH-12": 9.0,
  "CHH-13A": 12.0,
  "CHH-14": 6.0,
  "CHH-15": 8.0,
  "CHH-16": 4.0,
  "CHH-17": 7.0,
  "CHH-18": 4.0,
  "CHH-19": 7.0,
  "CHH-20": 6.0,
  "CHH-21": 8.0,
  "CHH-22": 6.640000000000001,
  "CHH-23A": 16.72,
  "CHH-24": 3.04,
  "CHH-25": 203.96,
  "CHH-27": 12.0,
  "CHH-28": 287.20000000000005,
  "CHH-29": 8.0,
  "CHH-30": 10.0,
  "CHH-31": 12.719999999999999,
  "CHH-32": 24.52,
  "CHH-33": 24.36,
  "CHH-34": 11.52,
  "CHH-35": 10.0,
  "CHH-36": 11.2,
  "CHH-37": 165.64000000000001,
  "DIH-01": 7.0,
  "DIH-02": 10.0,
  "DIH-03": 9.0,
  "DIH-04": 9.0,
  "DIH-05": 57.0,
  "DIH-06": 17.0,
  "DIH-07": 8.0,
  "DIH-08": 13.0,
  "DIH-09": 11.0,
  "DIH-10": 56.0,
  "DIH-12": 11.0,
  "HOM-01": 351.0,
  "HOM-02": 22.0,
  "HOM-03": 136.64,
  "HOM-04": 15.0,
  "HOM-05": 9.0,
  "HOM-06": 20.0,
  "HOM-07": 5.0,
  "HOM-08": 29.0,
  "HOM-09": 8.0,
  "HOM-10": 9.0,
  "HOM-11": 90.0,
  "HOM-12": 61.0,
  "HOM-13": 6.0,
  "HOM-14": 8.0,
  "HOM-15": 14.0,
  "HOM-16": 4.0,
  "HOM-17": 23.0,
  "HOM-18": 5.0,
  "HOM-19": 22.0,
  "HOM-20": 20.0,
  "HOM-21": 22.0,
  "HOM-22": 5.0,
  "KOB-01": 7.0,
  "KOB-02": 11.0,
  "KOB-03": 9.0,
  "KOB-04": 12.0,
  "KOB-05": 12.920000000000016,
  "KOB-06": 12.0,
  "KOB-07": 14.0,
  "KOB-08": 13.0,
  "KOB-09": 63.0,
  "KOB-10": 62.0,
  "KOB-11": 14.0,
  "KOB-12": 12.0,
  "KOB-13": 10.0,
  "KOB-14": 10.0,
  "KOB-15": 8.0,
  "KOB-16": 13.0,
  "KOT-01": 6.0,
  "KOT-02": 9.0,
  "KOT-03": 6.0,
  "KOT-04": 8.0,
  "KOT-05": 6.0,
  "KOT-06": 7.0,
  "KOT-07": 7.0,
  "KOT-08": 11.0,
  "KOT-09": 66.0,
  "KOT-10": 70.0,
  "KOT-11": 15.0,
  "KOT-12": 13.0,
  "KOT-13": 8.0,
  "KOT-14": 9.0,
  "KOT-15": 6.0,
  "KOT-16": 9.0,
  "KWT-6001": 8.0,
  "KWT-6002": 14.0,
  "KWT-6003": 5.0,
  "KWT-6004": 7.0,
  "KWT-6005": 7.0,
  "KWT-6006": 7.0,
  "KWT-6007": 62.0,
  "KWT-6008": 63.0,
  "KWT-6009": 8.0,
  "KWT-6010": 12.0,
  "KWT-6011": 6.0,
  "KWT-6012": 14.0,
  "KWT-6013": 10.0,
  "KWT-6014": 13.0,
  "KWT-6015": 16.0,
  "KWT-6016": 13.0,
  "KWT-6042": 7.04,
  "KWT-6044": 220.92,
  "KWT-6046": 7.0,
  "LAT-6101": 6.0,
  "LAT-6102": 7.0,
  "LAT-6103": 13.0,
  "LAT-6104": 56.0,
  "LAT-6105": 61.0,
  "LAT-6106": 12.0,
  "LAT-6107": 12.0,
  "LAT-6108": 9.0,
  "LAT-6109": 29.0,
  "LAT-6110": 24.0,
  "LAT-6112": 26.0,
  "LOF-01": 6.0,
  "LOF-02": 6.0,
  "LOF-03": 6.0,
  "LOF-04": 7.0,
  "LOF-05": 7.0,
  "LOF-06": 11.0,
  "LOF-07": 11.0,
  "LOF-08": 14.0,
  "LOF-09": 58.0,
  "LOF-10": 58.0,
  "LOF-11": 11.0,
  "LOF-12": 14.0,
  "LOF-13": 8.0,
  "LOF-14": 9.0,
  "MOK-31": 9.0,
  "MOK-32B": 7.0,
  "MOK-33": 10.0,
  "MOK-34A": 7.0,
  "MOK-34B": 7.0,
  "MOK-35": 12.0,
  "MOK-36": 13.0,
  "MOK-37": 58.0,
  "MOK-38": 10.0,
  "MOK-39": 7.0,
  "MOK-40": 58.0,
  "MOK-41": 7.0,
  "MOK-42": 9.0,
  "MOK-43": 6.0,
  "MOK-44": 5.0,
  "MOK-45": 12.0,
  "MOK-46": 11.0,
  "NTK-01": 5.0,
  "NTK-02": 11.0,
  "NTK-03": 2.0,
  "NTK-04": 9.920000000000016,
  "NTK-05": 8.0,
  "NTK-06": 58.0,
  "NTK-07": 9.0,
  "NTK-08": 14.0,
  "NTK-09": 11.0,
  "NTK-10": 11.0,
  "NTK-11": 58.0,
  "NTK-12": 4.0,
  "NTK-13": 11.0,
  "NTK-14": 8.0,
  "NTK-15": 10.0,
  "NTK-16": 39.0,
  "NTK-17": 252.56,
  "PRE-32A": 58.920000000000016,
  "PRE-47": 68.0,
  "SKM-01": 12.0,
  "SKM-02": 8.0,
  "SKM-03": 8.0,
  "SKM-04": 9.0,
  "SKM-05": 8.0,
  "SKM-06": 9.0,
  "SKM-07": 8.0,
  "SKM-08": 8.0,
  "SKM-09": 4.0,
  "SKM-10": 11.0,
  "SKM-11": 5.0,
  "SKM-12": 59.0,
  "SKM-13": 61.0,
  "SKM-14": 8.0,
  "SKM-15": 13.0,
  "SKM-16": 5.0,
  "SKM-17": 10.0,
  "SKM-18": 11.0,
  "SKM-19": 6.0,
  "SKM-20": 12.0,
  "SKM-21": 7.0,
  "SKM-22A": 2.0,
  "SKM-22B": 4.0,
  "SKM-22C": 5.0,
  "TIK-7101": 31.0,
  "TIK-7102": 16.0,
  "TIK-7103": 17.0,
  "TIK-7104": 15.0,
  "TIK-7105": 10.600000000000023,
  "TIK-7106": 27.0,
  "TIK-7107": 10.600000000000023,
  "TIK-7108": 11.0,
  "TIK-7109A": 12.0,
  "TIK-7109B": 8.0,
  "TIK-7109C": 63.0,
  "TIK-7110": 10.600000000000023,
  "TIK-7111": 11.0,
  "TIK-7112A": 110.0,
  "TIK-7112B": 7.0,
  "TIK-7112C": 9.0,
  "TIK-7113": 16.0,
  "TIK-7114": 27.0,
  "TIK-7115": 2.0,
  "TIK-7116": 14.0,
  "TIK-7117": 5.0,
  "TIK-7118": 5.0,
  "TIK-7119": 241.72,
  "TIK-7120": 7.0,
  "TIK-7122": 48.360000000000014,
  "TIK-7149": 2.0,
  "WHA-02": 9.0,
  "WHA-04": 11.0,
  "WHA-06": 128.0,
  "WTS-01": 9.0,
  "WTS-02": 9.0,
  "WTS-03": 6.0,
  "WTS-04": 8.0,
  "WTS-05": 61.0,
  "WTS-06": 9.0,
  "WTS-07": 14.0,
  "WTS-08": 14.0,
  "WTS-09": 9.0,
  "WTS-10": 58.0,
  "WTS-11": 7.0,
  "WTS-12": 10.0,
  "WTS-14": 7.0,
  "YAT-7001": 19.0,
  "YAT-7002": 11.0,
  "YAT-7003A": 6.0,
  "YAT-7003B": 4.0,
  "YAT-7003C": 5.0,
  "YAT-7003D": 53.0,
  "YAT-7004": 9.0,
  "YAT-7005": 12.0,
  "YAT-7006A": 61.0,
  "YAT-7006B": 8.0,
  "YAT-7006C": 8.0,
  "YAT-7007": 29.0,
  "YAT-7008": 13.0,
  "YAT-7009": 18.0,
  "YAT-7010": 18.0,
  "YAT-7012": 25.0,
  "YMT-31": 12.0,
  "YMT-32": 8.0,
  "YMT-33": 5.0,
  "YMT-34": 2.0,
  "YMT-35": 63.0,
  "YMT-36": 5.0,
  "YMT-37": 6.199999999999989,
  "YMT-38": 4.0,
  "YMT-39": 7.0,
  "YMT-40": 66.0,
  "YMT-41": 10.0,
  "YMT-42": 8.0,
  "YMT-44": 13.0
}