{"CHH-01": 17.994119999999988, "CHH-02": 24.905, "CHH-03": 16.764519999999994, "CHH-04": 22.914, "CHH-05": 18.130339999999997, "CHH-06": 20.99028, "CHH-07": 15.140999999999998, "CHH-08": 23.907, "CHH-09B": 29.48912, "CHH-10": 74.91536, "CHH-11": 74.70375999999999, "CHH-12": 23.168060000000008, "CHH-13A": 24.554679999999998, "CHH-14": 20.116680000000002, "CHH-15": 19.931, "CHH-16": 18.16875, "CHH-17": 19.325, "CHH-18": 18.325, "CHH-19": 19.526, "CHH-20": 20.88449, "CHH-21": 20.034460000000003, "CHH-22": 21.824249999999996, "CHH-23A": 18.0, "CHH-24": 22.227449999999997, "CHH-25": 230.339, "CHH-27": 29.350499999999997, "CHH-28": 323.17035999999996, "CHH-29": 25.93656, "CHH-30": 29.98255, "CHH-31": 30.896, "CHH-32": 37.60931, "CHH-33": 42.65537000000001, "CHH-34": 24.71571, "CHH-35": 28.943649999999995, "CHH-36": 23.88292, "CHH-37": 196.50306, "DIH-01": 23.09917, "DIH-02": 27.08945, "DIH-03": 68.98315000000001, "DIH-04": 27.691, "DIH-05": 69.52814000000001, "DIH-06": 38.846759999999996, "DIH-07": 21.718000000000004, "DIH-08": 71.12038000000001, "DIH-09": 21.7074, "DIH-10": 67.54388, "DIH-12": 23.30283, "HOM-01": 344.44123, "HOM-02": 33.86989, "HOM-03": 161.58625999999998, "HOM-04": 28.089, "HOM-05": 26.495, "HOM-06": 36.449380000000005, "HOM-07": 25.73876, "HOM-08": 52.210629999999995, "HOM-09": 98.57281, "HOM-10": 77.30154999999999, "HOM-11": 107.61433, "HOM-12": 78.1756, "HOM-13": 23.904, "HOM-14": 24.430729999999997, "HOM-15": 29.49053, "HOM-16": 17.329, "HOM-17": 35.46374, "HOM-18": 21.119, "HOM-19": 34.864720000000005, "HOM-20": 33.46465, "HOM-21": 35.865, "HOM-22": 23.306869999999996, "KOB-01": 20.115, "KOB-02": 24.88122, "KOB-03": 20.917060000000003, "KOB-04": 25.898590000000002, "KOB-05": 23.450169999999996, "KOB-06": 29.68759, "KOB-07": 31.65026, "KOB-08": 75.711, "KOB-09": 78.07786000000002, "KOB-10": 74.11361, "KOB-11": 25.47952, "KOB-12": 24.90584, "KOB-13": 19.994220000000002, "KOB-14": 24.307, "KOB-15": 17.73004, "KOB-16": 25.50076, "KOT-01": 14.98234, "KOT-02": 20.12351, "KOT-03": 15.72108, "KOT-04": 19.918, "KOT-05": 16.935339999999997, "KOT-06": 25.51518, "KOT-07": 24.71004, "KOT-08": 81.6854, "KOT-09": 81.28152, "KOT-10": 81.49271, "KOT-11": 24.52468, "KOT-12": 24.904000000000003, "KOT-13": 17.534000000000002, "KOT-14": 20.725, "KOT-15": 16.085759999999997, "KOT-16": 20.720509999999997, "KWT-6001": 24.115989999999996, "KWT-6002": 28.602649999999997, "KWT-6003": 21.516119999999997, "KWT-6004": 23.048679999999997, "KWT-6005": 27.53991, "KWT-6006": 24.339, "KWT-6007": 79.50962, "KWT-6008": 79.70672, "KWT-6009": 23.51, "KWT-6010": 34.25971, "KWT-6011": 20.124, "KWT-6012": 31.46648, "KWT-6013": 24.367479999999993, "KWT-6014": 30.288240000000002, "KWT-6015": 27.4825, "KWT-6016": 29.88397, "KWT-6042": 47.033429999999996, "KWT-6044": 282.12019, "KWT-6046": 37.382149999999996, "LAT-6101": 16.73473, "LAT-6102": 20.945299999999996, "LAT-6103": 30.002230000000008, "LAT-6104": 68.1246, "LAT-6105": 74.65513999999999, "LAT-6106": 70.32756, "LAT-6107": 22.31373, "LAT-6108": 30.48073, "LAT-6109": 34.056, "LAT-6110": 40.63777, "LAT-6112": 41.231199999999994, "LOF-01": 16.141, "LOF-02": 18.897, "LOF-03": 17.12834, "LOF-04": 22.112, "LOF-05": 24.88906, "LOF-06": 31.67598, "LOF-07": 70.53494, "LOF-08": 74.11306, "LOF-09": 68.82583, "LOF-10": 70.31577, "LOF-11": 19.75919, "LOF-12": 25.325439999999997, "LOF-13": 17.368, "LOF-14": 20.881439999999998, "MOK-31": 22.81613, "MOK-32B": 22.708, "MOK-33": 30.873559999999998, "MOK-34A": 21.514, "MOK-34B": 19.52432, "MOK-35": 79.27722, "MOK-36": 31.274, "MOK-37": 73.71116, "MOK-38": 76.09, "MOK-39": 23.41842, "MOK-40": 73.2718, "MOK-41": 21.115, "MOK-42": 23.76906, "MOK-43": 19.121, "MOK-44": 20.516, "MOK-45": 32.42095, "MOK-46": 25.499, "NTK-01": 15.74071, "NTK-02": 23.3197, "NTK-03": 12.749, "NTK-04": 27.69, "NTK-05": 18.72719, "NTK-06": 74.12158000000001, "NTK-07": 23.307900000000004, "NTK-08": 27.435769999999998, "NTK-09": 70.70756, "NTK-10": 24.302, "NTK-11": 70.32848, "NTK-12": 16.929000000000002, "NTK-13": 22.11537, "NTK-14": 20.72, "NTK-15": 21.953930000000007, "NTK-16": 146.61020000000002, "NTK-17": 326.11929, "PRE-32A": 75.4911, "PRE-47": 83.26167, "SKM-01": 25.651, "SKM-02": 20.92812, "SKM-03": 22.12762, "SKM-04": 21.797240000000002, "SKM-05": 21.925, "SKM-06": 22.112, "SKM-07": 22.10094, "SKM-08": 27.4079, "SKM-09": 17.730999999999995, "SKM-10": 72.28730000000002, "SKM-11": 22.11151, "SKM-12": 72.72232, "SKM-13": 75.90559999999999, "SKM-14": 23.709, "SKM-15": 23.724700000000002, "SKM-16": 20.51698, "SKM-17": 18.5646, "SKM-18": 24.900489999999998, "SKM-19": 15.29872, "SKM-20": 27.09464, "SKM-21": 15.338999999999999, "SKM-22A": 21.322, "SKM-22B": 72.91995, "SKM-22C": 74.111, "TIK-7101": 40.64358, "TIK-7102": 22.11305, "TIK-7103": 29.674150000000004, "TIK-7104": 21.0, "TIK-7105": 26.485809999999997, "TIK-7106": 31.886000000000003, "TIK-7107": 28.059929999999998, "TIK-7108": 19.324, "TIK-7109A": 76.9027, "TIK-7109B": 72.71834, "TIK-7109C": 75.13759999999999, "TIK-7110": 21.316769999999998, "TIK-7111": 21.64586, "TIK-7112A": 132.34723999999997, "TIK-7112B": 110.32695000000001, "TIK-7112C": 109.80178, "TIK-7113": 26.492539999999998, "TIK-7114": 58.27449, "TIK-7115": 17.93448, "TIK-7116": 30.196709999999996, "TIK-7117": 23.377319999999997, "TIK-7118": 22.49956, "TIK-7119": 274.01308, "TIK-7120": 24.703410000000005, "TIK-7122": 61.743, "TIK-7149": 19.832839999999997, "WHA-02": 25.49731, "WHA-04": 27.103280000000005, "WHA-06": 146.538, "WTS-01": 18.72383, "WTS-02": 22.119, "WTS-03": 25.21306, "WTS-04": 23.702, "WTS-05": 74.91205999999998, "WTS-06": 30.50114, "WTS-07": 23.72357, "WTS-08": 74.31004, "WTS-09": 17.929000000000006, "WTS-10": 69.69432, "WTS-11": 17.132, "WTS-12": 20.768629999999998, "WTS-14": 18.10409, "YAT-7001": 32.07, "YAT-7002": 18.0, "YAT-7003A": 65.04593, "YAT-7003B": 64.73972, "YAT-7003C": 64.31918, "YAT-7003D": 64.08468, "YAT-7004": 18.3279, "YAT-7005": 20.123, "YAT-7006A": 73.0, "YAT-7006B": 71.525, "YAT-7006C": 70.71587000000001, "YAT-7007": 34.267, "YAT-7008": 27.54303, "YAT-7009": 23.90878, "YAT-7010": 27.29824, "YAT-7012": 31.9512, "YMT-31": 25.70838, "YMT-32": 23.112, "YMT-33": 23.911, "YMT-34": 17.03674, "YMT-35": 78.26325, "YMT-36": 22.71, "YMT-37": 20.5564, "YMT-38": 25.904, "YMT-39": 20.786999999999995, "YMT-40": 81.00072, "YMT-41": 23.90538, "YMT-42": 21.117, "YMT-44": 23.565}