{"CHH-01": 17.523519999999998, "CHH-02": 24.49706, "CHH-03": 16.256600000000002, "CHH-04": 22.517, "CHH-05": 17.53712, "CHH-06": 20.718000000000004, "CHH-07": 14.728279999999998, "CHH-08": 23.583199999999998, "CHH-09B": 28.99056, "CHH-10": 73.69008, "CHH-11": 73.40564, "CHH-12": 23.103, "CHH-13A": 24.1383, "CHH-14": 19.92004, "CHH-15": 19.523, "CHH-16": 17.9988, "CHH-17": 18.65034, "CHH-18": 18.100900000000003, "CHH-19": 19.12164, "CHH-20": 20.51818, "CHH-21": 19.524, "CHH-22": 19.9419, "CHH-23A": 15.280000000000001, "CHH-24": 21.27798, "CHH-25": 214.70304, "CHH-27": 27.334500000000002, "CHH-28": 253.65068000000002, "CHH-29": 25.105339999999998, "CHH-30": 28.473, "CHH-31": 28.332839999999997, "CHH-32": 35.58428000000001, "CHH-33": 38.71542, "CHH-34": 22.64598, "CHH-35": 24.363799999999998, "CHH-36": 21.61224, "CHH-37": 184.12288, "DIH-01": 22.510260000000002, "DIH-02": 26.4907, "DIH-03": 67.5151, "DIH-04": 26.94564, "DIH-05": 67.938, "DIH-06": 37.461, "DIH-07": 21.4266, "DIH-08": 70.06616, "DIH-09": 21.2072, "DIH-10": 66.32412000000001, "DIH-12": 23.10248, "HOM-01": 340.96894000000003, "HOM-02": 33.472, "HOM-03": 158.11468000000002, "HOM-04": 27.492000000000004, "HOM-05": 25.9, "HOM-06": 34.744640000000004, "HOM-07": 25.499, "HOM-08": 50.0107, "HOM-09": 69.92142, "HOM-10": 72.63329999999999, "HOM-11": 99.0, "HOM-12": 73.29840000000002, "HOM-13": 23.5086, "HOM-14": 22.914360000000002, "HOM-15": 29.08434, "HOM-16": 16.736, "HOM-17": 35.05486, "HOM-18": 17.53544, "HOM-19": 34.268, "HOM-20": 26.0837, "HOM-21": 35.434, "HOM-22": 22.111, "KOB-01": 19.720419999999997, "KOB-02": 24.14582, "KOB-03": 19.92368, "KOB-04": 25.29702, "KOB-05": 20.859139999999996, "KOB-06": 29.483, "KOB-07": 30.06136, "KOB-08": 73.73696, "KOB-09": 76.08718, "KOB-10": 71.92396, "KOB-11": 25.24008, "KOB-12": 24.304, "KOB-13": 19.53086, "KOB-14": 23.709, "KOB-15": 17.33312, "KOB-16": 24.9088, "KOT-01": 14.739, "KOT-02": 17.087979999999995, "KOT-03": 15.16512, "KOT-04": 17.48946, "KOT-05": 16.361520000000002, "KOT-06": 25.04504, "KOT-07": 24.09236, "KOT-08": 78.097, "KOT-09": 78.12583999999998, "KOT-10": 78.29764, "KOT-11": 24.452560000000002, "KOT-12": 24.55768, "KOT-13": 17.333, "KOT-14": 20.521, "KOT-15": 15.741, "KOT-16": 20.51878, "KWT-6001": 21.77874, "KWT-6002": 28.09094, "KWT-6003": 19.52068, "KWT-6004": 22.502679999999998, "KWT-6005": 25.897860000000005, "KWT-6006": 23.90468, "KWT-6007": 77.88852000000001, "KWT-6008": 78.43871999999999, "KWT-6009": 23.193839999999998, "KWT-6010": 33.986540000000005, "KWT-6011": 19.527959999999997, "KWT-6012": 31.075, "KWT-6013": 23.113000000000007, "KWT-6014": 29.882720000000006, "KWT-6015": 24.907, "KWT-6016": 29.48066, "KWT-6042": 43.399739999999994, "KWT-6044": 273.04882, "KWT-6046": 34.0877, "LAT-6101": 15.535, "LAT-6102": 20.117, "LAT-6103": 28.68494, "LAT-6104": 65.8464, "LAT-6105": 72.52112, "LAT-6106": 68.3556, "LAT-6107": 21.504859999999997, "LAT-6108": 29.0907, "LAT-6109": 33.223, "LAT-6110": 35.666380000000004, "LAT-6112": 39.84816, "LOF-01": 15.85678, "LOF-02": 18.33, "LOF-03": 16.538, "LOF-04": 21.315, "LOF-05": 24.504, "LOF-06": 30.307760000000002, "LOF-07": 69.31008, "LOF-08": 72.37788, "LOF-09": 67.33646, "LOF-10": 69.03332, "LOF-11": 19.560779999999998, "LOF-12": 20.91926, "LOF-13": 17.137999999999998, "LOF-14": 17.32908, "MOK-31": 22.16026, "MOK-32B": 22.314, "MOK-33": 30.077420000000004, "MOK-34A": 21.173080000000002, "MOK-34B": 19.26788, "MOK-35": 75.06490000000001, "MOK-36": 30.30218, "MOK-37": 69.51592, "MOK-38": 74.27919999999999, "MOK-39": 22.908, "MOK-40": 71.35040000000001, "MOK-41": 20.497, "MOK-42": 23.308000000000003, "MOK-43": 18.52704, "MOK-44": 20.118, "MOK-45": 32.079299999999996, "MOK-46": 24.89212, "NTK-01": 15.13576, "NTK-02": 23.095799999999997, "NTK-03": 11.9519, "NTK-04": 27.298720000000003, "NTK-05": 17.72994, "NTK-06": 72.91016, "NTK-07": 22.7062, "NTK-08": 26.893, "NTK-09": 69.32755999999999, "NTK-10": 23.58064, "NTK-11": 68.92268, "NTK-12": 16.5102, "NTK-13": 21.60572, "NTK-14": 20.30846, "NTK-15": 20.11734, "NTK-16": 144.9924, "NTK-17": 260.07183999999995, "PRE-32A": 73.2874, "PRE-47": 79.0761, "SKM-01": 25.137, "SKM-02": 20.713, "SKM-03": 21.31648, "SKM-04": 21.514780000000002, "SKM-05": 21.471, "SKM-06": 21.88756, "SKM-07": 21.50796, "SKM-08": 27.074199999999998, "SKM-09": 17.33278, "SKM-10": 70.52600000000002, "SKM-11": 21.8818, "SKM-12": 71.31559999999999, "SKM-13": 74.399, "SKM-14": 22.562080000000023, "SKM-15": 23.5242, "SKM-16": 19.712719999999997, "SKM-17": 18.33, "SKM-18": 24.256999999999998, "SKM-19": 15.139, "SKM-20": 26.291880000000003, "SKM-21": 15.139, "SKM-22A": 20.12348, "SKM-22B": 70.51939999999999, "SKM-22C": 71.55359999999999, "TIK-7101": 39.241, "TIK-7102": 20.1199, "TIK-7103": 27.089979999999997, "TIK-7104": 19.3297, "TIK-7105": 23.11122, "TIK-7106": 30.6705, "TIK-7107": 25.28704, "TIK-7108": 18.1935, "TIK-7109A": 73.58076, "TIK-7109B": 69.33536000000001, "TIK-7109C": 71.94099999999997, "TIK-7110": 20.170159999999996, "TIK-7111": 20.91228, "TIK-7112A": 114.36708, "TIK-7112B": 96.30364, "TIK-7112C": 97.55355999999998, "TIK-7113": 25.301299999999998, "TIK-7114": 36.026799999999994, "TIK-7115": 16.534000000000002, "TIK-7116": 23.51062, "TIK-7117": 21.855, "TIK-7118": 18.612, "TIK-7119": 260.139, "TIK-7120": 23.404420000000002, "TIK-7122": 60.74100000000001, "TIK-7149": 19.06868, "WHA-02": 20.119999999999997, "WHA-04": 25.890880000000003, "WHA-06": 136.572, "WTS-01": 18.52074, "WTS-02": 21.924, "WTS-03": 24.90126, "WTS-04": 23.312, "WTS-05": 73.49776, "WTS-06": 30.08256, "WTS-07": 23.509, "WTS-08": 72.72380000000001, "WTS-09": 17.624000000000006, "WTS-10": 67.92848, "WTS-11": 16.738, "WTS-12": 20.518, "WTS-14": 17.729, "YAT-7001": 30.9489, "YAT-7002": 16.732, "YAT-7003A": 63.28022, "YAT-7003B": 62.6048, "YAT-7003C": 62.353, "YAT-7003D": 62.33916, "YAT-7004": 17.1352, "YAT-7005": 19.31900000000001, "YAT-7006A": 68.53416, "YAT-7006B": 66.95884, "YAT-7006C": 66.64406, "YAT-7007": 33.27194, "YAT-7008": 26.49388, "YAT-7009": 22.708419999999997, "YAT-7010": 26.0034, "YAT-7012": 29.976799999999997, "YMT-31": 25.615239999999996, "YMT-32": 22.714, "YMT-33": 23.703000000000007, "YMT-34": 16.734, "YMT-35": 75.88781999999998, "YMT-36": 22.31876, "YMT-37": 20.508000000000006, "YMT-38": 25.30572, "YMT-39": 20.6076, "YMT-40": 77.89164, "YMT-41": 22.895919999999997, "YMT-42": 20.894, "YMT-44": 23.42768}