{
  "CHH-01": 22.711,
  "CHH-02": 25.534799999999997,
  "CHH-03": 20.718000000000004,
  "CHH-04": 23.707,
  "CHH-05": 21.515,
  "CHH-06": 21.9,
  "CHH-07": 17.527,
  "CHH-08": 24.727600000000002,
  "CHH-09B": 31.078000000000007,
  "CHH-10": 83.066,
  "CHH-11": 82.38540000000005,
  "CHH-12": 23.277,
  "CHH-13A": 25.102,
  "CHH-14": 19.923,
  "CHH-15": 20.526,
  "CHH-16": 17.934,
  "CHH-17": 19.921,
  "CHH-18": 18.126,
  "CHH-19": 20.123,
  "CHH-20": 20.5148,
  "CHH-21": 20.719,
  "CHH-22": 26.6954,
  "CHH-23A": null,
  "CHH-24": 24.503,
  "CHH-25": 417.685,
  "CHH-27": 33.0638,
  "CHH-28": 370.3002,
  "CHH-29": 30.68,
  "CHH-30": 33.994400000000006,
  "CHH-31": 39.803399999999996,
  "CHH-32": 51.63590000000001,
  "CHH-33": 56.36020000000001,
  "CHH-34": 32.456199999999995,
  "CHH-35": 35.2615,
  "CHH-36": 28.4872,
  "CHH-37": 472.6955,
  "DIH-01": 24.902,
  "DIH-02": 26.297,
  "DIH-03": 75.702,
  "DIH-04": 26.699,
  "DIH-05": 75.903,
  "DIH-06": 37.39880000000001,
  "DIH-07": 25.15140000000001,
  "DIH-08": 77.7,
  "DIH-09": 27.892,
  "DIH-10": 74.906,
  "DIH-12": 23.906,
  "HOM-02": 34.6262,
  "HOM-03": 190.15940000000003,
  "HOM-04": 28.886,
  "HOM-05": 29.284999999999997,
  "HOM-06": 37.453,
  "HOM-07": 26.495000000000005,
  "HOM-08": 54.386,
  "HOM-09": 114.6385000000001,
  "HOM-10": 110.49600000000004,
  "HOM-11": 116.143,
  "HOM-12": 108.155,
  "HOM-13": 24.305,
  "HOM-14": 25.375,
  "HOM-15": 30.082,
  "HOM-16": 17.727599999999995,
  "HOM-17": 36.058,
  "HOM-18": 21.914,
  "HOM-19": 35.859,
  "HOM-20": 35.659,
  "HOM-21": 36.855,
  "HOM-22": 24.912200000000006,
  "KOB-01": 22.512,
  "KOB-02": 25.499,
  "KOB-03": 27.492,
  "KOB-04": 26.495999999999995,
  "KOB-05": 32.878,
  "KOB-06": 30.281,
  "KOB-07": 38.4532,
  "KOB-08": 84.46799999999998,
  "KOB-09": 86.2684,
  "KOB-10": 82.07799999999997,
  "KOB-11": 26.097,
  "KOB-12": 25.701999999999998,
  "KOB-13": 21.728,
  "KOB-14": 25.102,
  "KOB-15": 21.315,
  "KOB-16": 25.9514,
  "KOT-01": 18.927,
  "KOT-02": 21.513900000000003,
  "KOT-03": 21.5222,
  "KOT-04": 21.316,
  "KOT-05": 23.506,
  "KOT-06": 27.296,
  "KOT-07": 27.944100000000027,
  "KOT-08": 97.42200000000001,
  "KOT-09": 91.64850000000001,
  "KOT-10": 94.827,
  "KOT-11": 25.097,
  "KOT-12": 25.301,
  "KOT-13": 18.345,
  "KOT-14": 21.136,
  "KOT-15": 18.46640000000001,
  "KOT-16": 21.118,
  "KWT-6001": 27.29,
  "KWT-6002": 29.883000000000006,
  "KWT-6003": 24.504,
  "KWT-6004": 23.706,
  "KWT-6005": 30.12740000000001,
  "KWT-6006": 24.962100000000003,
  "KWT-6007": 87.855,
  "KWT-6008": 86.96260000000001,
  "KWT-6009": 24.305,
  "KWT-6010": 35.062,
  "KWT-6011": 21.53,
  "KWT-6012": 32.273,
  "KWT-6013": 26.695999999999998,
  "KWT-6014": 33.6682,
  "KWT-6015": 29.882,
  "KWT-6016": 31.888500000000008,
  "KWT-6021": 26.691000000000003,
  "KWT-6042": 50.979099999999995,
  "KWT-6044": 552.5098000000002,
  "KWT-6046": 49.6275,
  "LAT-6101": 19.723,
  "LAT-6102": 22.71,
  "LAT-6103": 32.476299999999995,
  "LAT-6104": 73.711,
  "LAT-6105": 81.50280000000001,
  "LAT-6106": 76.597,
  "LAT-6107": 23.706,
  "LAT-6108": 33.701,
  "LAT-6109": 35.544700000000006,
  "LAT-6110": 45.022,
  "LAT-6111": 47.609500000000004,
  "LAT-6112": 45.88249999999999,
  "LOF-01": 20.321,
  "LOF-02": 20.12,
  "LOF-03": 23.11,
  "LOF-04": 24.5147,
  "LOF-05": 30.48,
  "LOF-06": 34.611,
  "LOF-07": 76.785,
  "LOF-08": 82.4752,
  "LOF-09": 74.706,
  "LOF-10": 79.0829,
  "LOF-11": 23.106,
  "LOF-12": 26.293000000000006,
  "LOF-13": 21.852,
  "LOF-14": 21.715,
  "MOK-31": 26.296,
  "MOK-32A": 84.068,
  "MOK-32B": 23.308000000000003,
  "MOK-33": 34.4496,
  "MOK-34A": 22.113999999999997,
  "MOK-34B": 20.129,
  "MOK-35": 88.23760000000001,
  "MOK-36": 32.664,
  "MOK-37": 81.6791,
  "MOK-38": 81.49840000000002,
  "MOK-39": 25.120999999999995,
  "MOK-40": 78.10759999999999,
  "MOK-41": 23.704,
  "MOK-42": 24.703000000000007,
  "MOK-43": 22.312,
  "MOK-44": 23.8823,
  "MOK-45": 35.461,
  "MOK-46": 30.4798,
  "MOK-47": 101.202,
  "NTK-01": 21.521,
  "NTK-02": 24.305,
  "NTK-03": 17.93,
  "NTK-04": 28.292,
  "NTK-05": 25.674000000000007,
  "NTK-06": 79.694,
  "NTK-07": 29.683000000000003,
  "NTK-08": 28.487,
  "NTK-09": 79.685,
  "NTK-10": 28.0899,
  "NTK-11": 78.691,
  "NTK-12": 18.727,
  "NTK-13": 25.5017,
  "NTK-14": 24.72290000000044,
  "NTK-15": 24.503,
  "NTK-16": 177.9,
  "NTK-17": 504.6,
  "SKM-01": 26.1003,
  "SKM-02": 21.317,
  "SKM-03": 22.712,
  "SKM-04": 22.312,
  "SKM-05": 22.711,
  "SKM-06": 22.711,
  "SKM-07": 23.907,
  "SKM-08": 28.094,
  "SKM-09": 20.718000000000004,
  "SKM-10": 80.283,
  "SKM-11": 25.301000000000002,
  "SKM-12": 79.288,
  "SKM-13": 82.09120000000003,
  "SKM-14": 24.503,
  "SKM-15": 24.431,
  "SKM-16": 21.117,
  "SKM-17": 19.324,
  "SKM-18": 25.8966,
  "SKM-19": 16.136,
  "SKM-20": 28.5315,
  "SKM-21": 16.735,
  "SKM-22A": 22.926000000000055,
  "SKM-22B": 82.473,
  "SKM-22C": 83.075,
  "TIK-7101": 42.433,
  "TIK-7102": 25.101,
  "TIK-7103": 32.672,
  "TIK-7104": 23.781200000000005,
  "TIK-7105": 29.486,
  "TIK-7106": 34.066,
  "TIK-7107": 31.277,
  "TIK-7108": 20.918000000000006,
  "TIK-7109A": 85.22920000000002,
  "TIK-7109B": 81.872,
  "TIK-7109C": 84.66149999999999,
  "TIK-7110": 22.864,
  "TIK-7111": 25.502,
  "TIK-7112A": 224.375,
  "TIK-7112B": 221.53199999999998,
  "TIK-7112C": 223.8988000000001,
  "TIK-7113": 29.70190000000002,
  "TIK-7114": 150.4046,
  "TIK-7115": 19.7379,
  "TIK-7116": 148.21890000000002,
  "TIK-7117": 26.887,
  "TIK-7118": 32.87,
  "TIK-7119": 339.9820000000002,
  "TIK-7120": 27.493,
  "TIK-7122": 128.00080000000037,
  "TIK-7149": 22.182,
  "WHA-02": 32.871,
  "WHA-04": 30.275,
  "WHA-06": 167.339,
  "WTS-01": 20.718000000000004,
  "WTS-02": 22.719,
  "WTS-03": 26.097,
  "WTS-04": 24.3202,
  "WTS-05": 81.48,
  "WTS-06": 31.2921,
  "WTS-07": 26.495,
  "WTS-08": 82.275,
  "WTS-09": 22.4917,
  "WTS-10": 77.495,
  "WTS-11": 20.943600000000004,
  "WTS-12": 21.316,
  "WTS-14": 18.727,
  "YAT-7001": 34.861999999999995,
  "YAT-7002": 19.723,
  "YAT-7003A": 72.118,
  "YAT-7003B": 72.24729999999997,
  "YAT-7003C": 71.518,
  "YAT-7003D": 70.71240000000003,
  "YAT-7004": 19.722,
  "YAT-7005": 21.54,
  "YAT-7006A": 85.26610000000001,
  "YAT-7006B": 86.65899999999998,
  "YAT-7006C": 86.459,
  "YAT-7007": 35.462,
  "YAT-7008": 30.25590000000001,
  "YAT-7009": 25.307,
  "YAT-7010": 30.48,
  "YAT-7012": 35.261,
  "YMT-31": 26.495,
  "YMT-32": 26.09800000000001,
  "YMT-33": 24.504,
  "YMT-34": 18.128,
  "YMT-35": 87.4622,
  "YMT-36": 23.906,
  "YMT-37": 21.027,
  "YMT-38": 26.9,
  "YMT-39": 21.516,
  "YMT-40": 90.90100000000001,
  "YMT-41": 25.699,
  "YMT-42": 21.609,
  "YMT-44": 23.995999999999995,
  "YMT-60": 22.112600000000004,
  "WHA-08": 72.6548,
  "WHA-10": 543.1324000000001,
  "LAT-6114": 84.82820000000004,
  "TIK-7119S": 29.489,
  "TIK-7122S": 1530.5221000000001,
  "HOM-01": 1095.1499
}