{
  "CHH-01": 21.914,
  "CHH-02": 25.302,
  "CHH-03": 20.108249999999998,
  "CHH-04": 23.411199999999997,
  "CHH-05": 20.917,
  "CHH-06": 21.559,
  "CHH-07": 16.955199999999994,
  "CHH-08": 24.503,
  "CHH-09B": 30.68,
  "CHH-10": 79.88,
  "CHH-11": 79.28699999999998,
  "CHH-12": 23.109,
  "CHH-13A": 25.063,
  "CHH-14": 19.726,
  "CHH-15": 20.508150000000004,
  "CHH-16": 17.730999999999995,
  "CHH-17": 19.726,
  "CHH-18": 17.809199999999997,
  "CHH-19": 20.12,
  "CHH-20": 20.122,
  "CHH-21": 20.522,
  "CHH-22": 24.901049999999998,
  "CHH-23A": null,
  "CHH-24": 23.546349999999997,
  "CHH-25": 359.787,
  "CHH-27": 32.47315,
  "CHH-28": 303.1838,
  "CHH-29": 28.0897,
  "CHH-30": 32.8793,
  "CHH-31": 35.26135000000001,
  "CHH-32": 46.2235,
  "CHH-33": 49.9975,
  "CHH-34": 29.28245,
  "CHH-35": 32.472,
  "CHH-36": 26.29215,
  "CHH-37": 374.66319999999996,
  "DIH-01": 24.306,
  "DIH-02": 25.897,
  "DIH-03": 72.76284999999999,
  "DIH-04": 26.29575,
  "DIH-05": 73.112,
  "DIH-06": 37.049,
  "DIH-07": 23.907,
  "DIH-08": 75.12679999999999,
  "DIH-09": 26.499,
  "DIH-10": 72.315,
  "DIH-12": 23.707,
  "HOM-02": 34.2939,
  "HOM-03": 179.80319999999995,
  "HOM-04": 28.506,
  "HOM-05": 28.888,
  "HOM-06": 37.253,
  "HOM-07": 26.296,
  "HOM-08": 53.788,
  "HOM-09": 104.59,
  "HOM-10": 97.0209,
  "HOM-11": 105.984,
  "HOM-12": 94.25139999999999,
  "HOM-13": 24.297,
  "HOM-14": 25.101,
  "HOM-15": 29.96615,
  "HOM-16": 17.532,
  "HOM-17": 35.859,
  "HOM-18": 21.714999999999996,
  "HOM-19": 35.66,
  "HOM-20": 33.469,
  "HOM-21": 36.656,
  "HOM-22": 24.075350000000004,
  "KOB-01": 21.117,
  "KOB-02": 25.3,
  "KOB-03": 24.703000000000007,
  "KOB-04": 26.297,
  "KOB-05": 30.484,
  "KOB-06": 30.083,
  "KOB-07": 37.452,
  "KOB-08": 81.33139999999996,
  "KOB-09": 83.671,
  "KOB-10": 79.08800000000002,
  "KOB-11": 25.898000000000003,
  "KOB-12": 25.508000000000006,
  "KOB-13": 20.690250000000002,
  "KOB-14": 24.903,
  "KOB-15": 19.726,
  "KOB-16": 25.891599999999997,
  "KOT-01": 17.551,
  "KOT-02": 21.116,
  "KOT-03": 18.967,
  "KOT-04": 20.72,
  "KOT-05": 19.917250000000003,
  "KOT-06": 26.894,
  "KOT-07": 25.898000000000003,
  "KOT-08": 91.90260000000002,
  "KOT-09": 87.854,
  "KOT-10": 89.44615,
  "KOT-11": 24.902,
  "KOT-12": 25.16545,
  "KOT-13": 18.129,
  "KOT-14": 21.117,
  "KOT-15": 17.36959999999999,
  "KOT-16": 21.0993,
  "KWT-6001": 26.506,
  "KWT-6002": 29.285,
  "KWT-6003": 23.904,
  "KWT-6004": 23.42245,
  "KWT-6005": 29.547,
  "KWT-6006": 24.895,
  "KWT-6007": 84.84,
  "KWT-6008": 84.32939999999999,
  "KWT-6009": 24.078400000000006,
  "KWT-6010": 34.667,
  "KWT-6011": 20.95145,
  "KWT-6012": 32.066,
  "KWT-6013": 26.097,
  "KWT-6014": 30.90425,
  "KWT-6015": 29.086,
  "KWT-6016": 30.481,
  "KWT-6021": 24.861799999999995,
  "KWT-6042": 50.203,
  "KWT-6044": 437.7670499999999,
  "KWT-6046": 41.03925,
  "LAT-6101": 18.536,
  "LAT-6102": 22.312,
  "LAT-6103": 31.57294999999999,
  "LAT-6104": 71.53305,
  "LAT-6105": 78.977,
  "LAT-6106": 74.31835,
  "LAT-6107": 23.4627,
  "LAT-6108": 33.22160000000001,
  "LAT-6109": 34.863,
  "LAT-6110": 43.6271,
  "LAT-6111": 42.693250000000006,
  "LAT-6112": 43.80539999999999,
  "LOF-01": 18.724,
  "LOF-02": 19.734399999999997,
  "LOF-03": 20.249799999999958,
  "LOF-04": 24.304,
  "LOF-05": 27.24575,
  "LOF-06": 34.266,
  "LOF-07": 74.707,
  "LOF-08": 79.28824999999999,
  "LOF-09": 72.516,
  "LOF-10": 75.72335,
  "LOF-11": 21.516,
  "LOF-12": 26.097,
  "LOF-13": 20.413199999999996,
  "LOF-14": 21.516,
  "MOK-31": 24.901,
  "MOK-32A": 81.28,
  "MOK-32B": 23.0181,
  "MOK-33": 32.473,
  "MOK-34A": 21.913,
  "MOK-34B": 19.922,
  "MOK-35": 83.671,
  "MOK-36": 31.98,
  "MOK-37": 77.297,
  "MOK-38": 79.47399999999998,
  "MOK-39": 24.305,
  "MOK-40": 76.102,
  "MOK-41": 22.696549999999995,
  "MOK-42": 24.502,
  "MOK-43": 21.313,
  "MOK-44": 21.714999999999996,
  "MOK-45": 34.151,
  "MOK-46": 26.894,
  "MOK-47": 95.4288,
  "NTK-01": 20.184,
  "NTK-02": 23.882400000000004,
  "NTK-03": 16.535,
  "NTK-04": 28.089,
  "NTK-05": 24.305,
  "NTK-06": 77.893,
  "NTK-07": 27.691,
  "NTK-08": 27.891,
  "NTK-09": 76.5014,
  "NTK-10": 24.899,
  "NTK-11": 75.704,
  "NTK-12": 17.53,
  "NTK-13": 23.7942,
  "NTK-14": 21.316,
  "NTK-15": 23.906,
  "NTK-16": 162.54489999999998,
  "NTK-17": 416.2022,
  "SKM-01": 26.095,
  "SKM-02": 21.296,
  "SKM-03": 22.71,
  "SKM-04": 22.113000000000003,
  "SKM-05": 22.507,
  "SKM-06": 22.512,
  "SKM-07": 23.314,
  "SKM-08": 27.89,
  "SKM-09": 20.121,
  "SKM-10": 77.296,
  "SKM-11": 24.704,
  "SKM-12": 76.898,
  "SKM-13": 80.286,
  "SKM-14": 24.28765,
  "SKM-15": 24.304,
  "SKM-16": 20.918000000000006,
  "SKM-17": 19.125,
  "SKM-18": 25.503,
  "SKM-19": 15.739,
  "SKM-20": 28.28,
  "SKM-21": 16.136,
  "SKM-22A": 21.914,
  "SKM-22B": 79.50045,
  "SKM-22C": 80.2974,
  "TIK-7101": 41.83600000000001,
  "TIK-7102": 24.2925,
  "TIK-7103": 31.871499999999997,
  "TIK-7104": 22.712,
  "TIK-7105": 28.686999999999998,
  "TIK-7106": 33.468,
  "TIK-7107": 30.48,
  "TIK-7108": 20.661749999999998,
  "TIK-7109A": 82.16419999999998,
  "TIK-7109B": 78.89,
  "TIK-7109C": 81.67369999999997,
  "TIK-7110": 22.513000000000005,
  "TIK-7111": 23.508000000000006,
  "TIK-7112A": 208.3752,
  "TIK-7112B": 205.70499999999998,
  "TIK-7112C": 208.37709999999998,
  "TIK-7113": 28.488000000000003,
  "TIK-7114": 129.48505,
  "TIK-7115": 19.325,
  "TIK-7116": 127.51379999999997,
  "TIK-7117": 25.803449999999998,
  "TIK-7118": 31.066,
  "TIK-7119": 305.402,
  "TIK-7120": 26.821999999999996,
  "TIK-7122": 95.86159999999933,
  "TIK-7149": 21.515,
  "WHA-02": 26.495999999999995,
  "WHA-04": 28.091,
  "WHA-06": 152.401,
  "WTS-01": 20.121,
  "WTS-02": 22.518,
  "WTS-03": 25.845299999999995,
  "WTS-04": 24.105,
  "WTS-05": 79.1926,
  "WTS-06": 31.07800000000001,
  "WTS-07": 25.682100000000005,
  "WTS-08": 79.288,
  "WTS-09": 21.713,
  "WTS-10": 74.309,
  "WTS-11": 20.32,
  "WTS-12": 21.254999999999995,
  "WTS-14": 18.528,
  "YAT-7001": 33.669200000000004,
  "YAT-7002": 19.52,
  "YAT-7003A": 69.726,
  "YAT-7003B": 69.77,
  "YAT-7003C": 69.12899999999999,
  "YAT-7003D": 68.333,
  "YAT-7004": 19.515,
  "YAT-7005": 21.316,
  "YAT-7006A": 79.88600000000002,
  "YAT-7006B": 81.16909999999997,
  "YAT-7006C": 80.87909999999998,
  "YAT-7007": 35.067,
  "YAT-7008": 29.474,
  "YAT-7009": 24.875,
  "YAT-7010": 29.28,
  "YAT-7012": 34.464,
  "YMT-31": 26.296,
  "YMT-32": 23.907,
  "YMT-33": 24.305,
  "YMT-34": 17.5456,
  "YMT-35": 84.42249999999999,
  "YMT-36": 23.308999999999997,
  "YMT-37": 20.918000000000006,
  "YMT-38": 26.68575,
  "YMT-39": 21.317,
  "YMT-40": 88.05525,
  "YMT-41": 24.505,
  "YMT-42": 21.515,
  "YMT-44": 23.906,
  "YMT-60": 20.917,
  "WHA-08": 61.03334999999999,
  "WHA-10": 533.0911,
  "LAT-6114": 69.48709999999998,
  "TIK-7119S": 29.489,
  "TIK-7122S": 1509.95815,
  "HOM-01": 1051.66485
}