{"CHH-01": 22.50664, "CHH-02": 25.684200000000004, "CHH-03": 20.52004, "CHH-04": 23.70584, "CHH-05": 21.340319999999995, "CHH-06": 21.713, "CHH-07": 17.331159999999997, "CHH-08": 24.8948, "CHH-09B": 30.88316, "CHH-10": 79.90783999999998, "CHH-11": 84.65156, "CHH-12": 23.522199999999998, "CHH-13A": 25.13828, "CHH-14": 20.39212, "CHH-15": 20.53376, "CHH-16": 18.723, "CHH-17": 19.73052, "CHH-18": 18.727, "CHH-19": 20.122, "CHH-20": 21.31944, "CHH-21": 20.712719999999997, "CHH-22": 40.32039999999995, "CHH-23A": 18.0, "CHH-24": 23.913880000000006, "CHH-25": 239.03796, "CHH-27": 35.05499999999999, "CHH-28": 607.53404, "CHH-29": 29.06175999999999, "CHH-30": 71.43880000000001, "CHH-31": 32.83415999999999, "CHH-32": 41.89963999999999, "CHH-33": 50.96847999999999, "CHH-34": 28.854119999999995, "CHH-35": 52.034000000000034, "CHH-36": 25.874599999999994, "CHH-37": 239.93583999999996, "DIH-01": 24.90108, "DIH-02": 27.691000000000003, "DIH-03": 75.77459999999999, "DIH-04": 28.488840000000003, "DIH-05": 76.43251999999997, "DIH-06": 39.658280000000005, "DIH-07": 25.3052, "DIH-08": 76.9228, "DIH-09": 27.5826, "DIH-10": 74.24444, "DIH-12": 23.707, "HOM-01": 349.45676, "HOM-02": 34.661359999999995, "HOM-03": 175.1305999999999, "HOM-04": 28.88628, "HOM-05": 29.54228, "HOM-06": 37.452560000000005, "HOM-07": 26.498960000000004, "HOM-08": 53.78452, "HOM-09": 125.78495999999998, "HOM-10": 92.4716, "HOM-11": 131.50675999999999, "HOM-12": 95.245, "HOM-13": 24.3024, "HOM-14": 25.70836, "HOM-15": 30.10436, "HOM-16": 17.73, "HOM-17": 36.05944, "HOM-18": 22.31864000000001, "HOM-19": 35.84828000000001, "HOM-20": 50.43719999999996, "HOM-21": 36.659, "HOM-22": 25.49688, "KOB-01": 21.52932, "KOB-02": 25.6834, "KOB-03": 25.332960000000014, "KOB-04": 26.694080000000007, "KOB-05": 30.67904, "KOB-06": 30.286160000000002, "KOB-07": 38.062560000000005, "KOB-08": 82.83132, "KOB-09": 84.58179999999999, "KOB-10": 80.492, "KOB-11": 25.901, "KOB-12": 25.91272, "KOB-13": 21.474759999999996, "KOB-14": 25.24596, "KOB-15": 21.014560000000003, "KOB-16": 26.095119999999998, "KOT-01": 18.53523999999999, "KOT-02": 21.118119999999998, "KOT-03": 20.55068, "KOT-04": 20.721, "KOT-05": 21.172239999999988, "KOT-06": 26.900679999999998, "KOT-07": 26.67736, "KOT-08": 92.58991999999999, "KOT-09": 91.19316, "KOT-10": 92.29191999999999, "KOT-11": 24.902, "KOT-12": 25.303, "KOT-13": 18.132360000000002, "KOT-14": 21.17, "KOT-15": 18.128040000000002, "KOT-16": 21.173880000000008, "KWT-6001": 27.16556, "KWT-6002": 29.49052, "KWT-6003": 24.40668, "KWT-6004": 23.70672, "KWT-6005": 30.085880000000003, "KWT-6006": 24.92192, "KWT-6007": 85.46212, "KWT-6008": 87.04988000000003, "KWT-6009": 24.53112, "KWT-6010": 35.061, "KWT-6011": 22.116680000000002, "KWT-6012": 32.274, "KWT-6013": 27.29396, "KWT-6014": 35.3942, "KWT-6015": 30.087, "KWT-6016": 30.878880000000002, "KWT-6042": 59.17796, "KWT-6044": 338.05967999999996, "KWT-6046": 42.1408, "LAT-6101": 20.31276, "LAT-6102": 22.69352000000001, "LAT-6103": 32.67728, "LAT-6104": 73.38459999999999, "LAT-6105": 79.48272, "LAT-6106": 75.70344, "LAT-6107": 23.709, "LAT-6108": 34.01787999999999, "LAT-6109": 37.0, "LAT-6110": 46.178919999999984, "LAT-6112": 44.407959999999996, "LOF-01": 19.336719999999993, "LOF-02": 19.921, "LOF-03": 21.38207999999994, "LOF-04": 24.60452, "LOF-05": 27.753120000000003, "LOF-06": 34.659, "LOF-07": 74.22263999999998, "LOF-08": 78.34723999999999, "LOF-09": 72.57432, "LOF-10": 74.71628, "LOF-11": 22.112000000000002, "LOF-12": 26.293000000000006, "LOF-13": 21.062, "LOF-14": 21.711999999999996, "MOK-31": 24.905359999999998, "MOK-32B": 23.30588, "MOK-33": 33.07508, "MOK-34A": 22.115, "MOK-34B": 20.12184, "MOK-35": 89.40932000000001, "MOK-36": 32.06996, "MOK-37": 83.35240000000002, "MOK-38": 81.6864, "MOK-39": 24.483839999999997, "MOK-40": 78.30499999999999, "MOK-41": 22.592599999999997, "MOK-42": 24.367520000000003, "MOK-43": 21.346999999999973, "MOK-44": 21.318559999999998, "MOK-45": 34.2604, "MOK-46": 26.28612, "NTK-01": 20.61392, "NTK-02": 23.9088, "NTK-03": 16.534799999999997, "NTK-04": 28.28372, "NTK-05": 24.30376, "NTK-06": 77.70979999999999, "NTK-07": 27.488, "NTK-08": 28.288, "NTK-09": 75.48136000000002, "NTK-10": 25.29748, "NTK-11": 75.69808, "NTK-12": 17.728959999999997, "NTK-13": 24.31252, "NTK-14": 21.714640000000003, "NTK-15": 24.10952, "NTK-16": 184.05059999999997, "NTK-17": 458.2384800000002, "PRE-32A": 80.2718, "PRE-47": 97.92919999999998, "SKM-01": 26.249, "SKM-02": 21.318, "SKM-03": 22.71192, "SKM-04": 22.313, "SKM-05": 22.547, "SKM-06": 22.71024, "SKM-07": 23.50976, "SKM-08": 28.083199999999998, "SKM-09": 20.1232, "SKM-10": 79.366, "SKM-11": 24.65252, "SKM-12": 78.88484, "SKM-13": 82.06700000000001, "SKM-14": 24.637479999999996, "SKM-15": 24.3034, "SKM-16": 21.122840000000004, "SKM-17": 19.124, "SKM-18": 25.710639999999998, "SKM-19": 15.738, "SKM-20": 28.48584, "SKM-21": 16.134, "SKM-22A": 22.331879999999998, "SKM-22B": 78.7384, "SKM-22C": 79.7024, "TIK-7101": 42.435840000000006, "TIK-7102": 25.492, "TIK-7103": 33.20612, "TIK-7104": 25.10076, "TIK-7105": 29.879720000000002, "TIK-7106": 35.0, "TIK-7107": 31.468160000000005, "TIK-7108": 21.347, "TIK-7109A": 86.90808, "TIK-7109B": 83.45896000000002, "TIK-7109C": 86.44499999999998, "TIK-7110": 22.913240000000002, "TIK-7111": 24.16836, "TIK-7112A": 200.8955999999998, "TIK-7112B": 204.1865199999998, "TIK-7112C": 204.94851999999992, "TIK-7113": 29.756800000000002, "TIK-7114": 136.37519999999995, "TIK-7115": 20.020519999999998, "TIK-7116": 107.81752000000003, "TIK-7117": 25.699240000000003, "TIK-7118": 30.47648, "TIK-7119": 305.08496, "TIK-7120": 26.89712, "TIK-7122": 88.0, "TIK-7149": 21.716, "WHA-02": 44.02472, "WHA-04": 30.87152, "WHA-06": 171.08900000000003, "WTS-01": 20.71592, "WTS-02": 22.718000000000004, "WTS-03": 25.9568, "WTS-04": 24.504000000000005, "WTS-05": 80.47044, "WTS-06": 31.688319999999997, "WTS-07": 26.545, "WTS-08": 80.86988000000001, "WTS-09": 22.606, "WTS-10": 77.19408000000001, "WTS-11": 21.2828, "WTS-12": 21.31308, "WTS-14": 18.71255999999999, "YAT-7001": 34.668800000000005, "YAT-7002": 19.7254, "YAT-7003A": 70.33744, "YAT-7003B": 70.5538, "YAT-7003C": 69.61383999999998, "YAT-7003D": 69.16067999999999, "YAT-7004": 19.9294, "YAT-7005": 21.670399999999997, "YAT-7006A": 89.64468, "YAT-7006B": 87.28632000000002, "YAT-7006C": 86.71683999999999, "YAT-7007": 36.25204, "YAT-7008": 30.573479999999996, "YAT-7009": 25.498000000000005, "YAT-7010": 30.485599999999998, "YAT-7012": 35.631, "YMT-31": 26.305239999999998, "YMT-32": 23.90284, "YMT-33": 24.31784, "YMT-34": 17.755399999999995, "YMT-35": 88.16711999999998, "YMT-36": 23.51208, "YMT-37": 20.8892, "YMT-38": 26.696080000000002, "YMT-39": 21.3154, "YMT-40": 87.47392, "YMT-41": 24.65592, "YMT-42": 21.57992000000001, "YMT-44": 23.901}