{"CHH-01": 17.366239999999998, "CHH-02": 24.30056, "CHH-03": 16.137, "CHH-04": 22.506, "CHH-05": 17.520599999999998, "CHH-06": 20.704800000000002, "CHH-07": 14.543, "CHH-08": 23.509, "CHH-09B": 28.878120000000003, "CHH-10": 73.31624, "CHH-11": 73.11768, "CHH-12": 23.02272, "CHH-13A": 24.097280000000005, "CHH-14": 19.916000000000004, "CHH-15": 19.324, "CHH-16": 17.9326, "CHH-17": 18.334, "CHH-18": 17.934, "CHH-19": 18.33084, "CHH-20": 20.49224, "CHH-21": 19.2872, "CHH-22": 19.7376, "CHH-23A": 13.839999999999996, "CHH-24": 20.90844, "CHH-25": 214.10912000000002, "CHH-27": 27.226200000000002, "CHH-28": 239.1704, "CHH-29": 24.75208, "CHH-30": 28.333000000000006, "CHH-31": 28.201880000000003, "CHH-32": 35.39332, "CHH-33": 38.2102, "CHH-34": 22.323320000000002, "CHH-35": 23.3894, "CHH-36": 21.52748, "CHH-37": 178.35072, "DIH-01": 22.43892, "DIH-02": 26.2976, "DIH-03": 67.1302, "DIH-04": 26.891, "DIH-05": 67.60016, "DIH-06": 37.446960000000004, "DIH-07": 21.315, "DIH-08": 69.72592, "DIH-09": 21.12, "DIH-10": 66.04288, "DIH-12": 23.01592, "HOM-01": 340.19732000000005, "HOM-02": 33.46676, "HOM-03": 157.34292000000002, "HOM-04": 27.48748, "HOM-05": 25.891879999999997, "HOM-06": 34.59731999999999, "HOM-07": 25.491239999999998, "HOM-08": 49.7452, "HOM-09": 69.12776, "HOM-10": 71.71860000000001, "HOM-11": 96.32883999999994, "HOM-12": 72.52259999999998, "HOM-13": 23.503, "HOM-14": 22.87152, "HOM-15": 28.967040000000004, "HOM-16": 16.725320000000004, "HOM-17": 34.87508, "HOM-18": 17.33016, "HOM-19": 34.078959999999995, "HOM-20": 25.297400000000003, "HOM-21": 35.26396000000001, "HOM-22": 21.913, "KOB-01": 19.533279999999998, "KOB-02": 24.104, "KOB-03": 19.74008, "KOB-04": 25.17372, "KOB-05": 20.716, "KOB-06": 29.458080000000002, "KOB-07": 29.877119999999998, "KOB-08": 73.30284, "KOB-09": 75.65283999999998, "KOB-10": 71.48364000000001, "KOB-11": 25.10664, "KOB-12": 23.99844, "KOB-13": 19.52008, "KOB-14": 23.313679999999998, "KOB-15": 17.304479999999998, "KOB-16": 24.746160000000003, "KOT-01": 14.676680000000001, "KOT-02": 16.737000000000002, "KOT-03": 15.139, "KOT-04": 17.32928, "KOT-05": 16.33556, "KOT-06": 24.89936, "KOT-07": 23.901120000000002, "KOT-08": 77.09411999999999, "KOT-09": 77.97452000000001, "KOT-10": 77.90671999999999, "KOT-11": 24.31112, "KOT-12": 24.505, "KOT-13": 17.328, "KOT-14": 20.515, "KOT-15": 15.737279999999998, "KOT-16": 20.4998, "KWT-6001": 21.61544, "KWT-6002": 27.891999999999996, "KWT-6003": 19.325, "KWT-6004": 22.310119999999998, "KWT-6005": 25.703080000000007, "KWT-6006": 23.709, "KWT-6007": 77.57112, "KWT-6008": 78.09316000000001, "KWT-6009": 23.11092, "KWT-6010": 33.87, "KWT-6011": 19.52044, "KWT-6012": 30.925639999999998, "KWT-6013": 23.03472, "KWT-6014": 29.687160000000002, "KWT-6015": 24.898000000000003, "KWT-6016": 29.293160000000007, "KWT-6042": 42.86171999999999, "KWT-6044": 271.03296, "KWT-6046": 33.355599999999995, "LAT-6101": 15.327840000000002, "LAT-6102": 19.722, "LAT-6103": 28.48764, "LAT-6104": 65.3352, "LAT-6105": 72.10780000000001, "LAT-6106": 67.7928, "LAT-6107": 21.29092, "LAT-6108": 28.689320000000002, "LAT-6109": 33.0, "LAT-6110": 35.45988, "LAT-6112": 39.63132, "LOF-01": 15.738, "LOF-02": 18.28, "LOF-03": 16.535, "LOF-04": 21.136799999999997, "LOF-05": 24.49868, "LOF-06": 30.264760000000003, "LOF-07": 68.93468, "LOF-08": 72.09675999999999, "LOF-09": 67.08608, "LOF-10": 68.79956, "LOF-11": 19.52628, "LOF-12": 20.72028, "LOF-13": 17.133, "LOF-14": 16.93212, "MOK-31": 22.113000000000007, "MOK-32B": 22.30516, "MOK-33": 29.887760000000004, "MOK-34A": 21.117, "MOK-34B": 19.13464, "MOK-35": 74.31032, "MOK-36": 30.278440000000003, "MOK-37": 68.9324, "MOK-38": 73.7724, "MOK-39": 22.745919999999998, "MOK-40": 70.9334, "MOK-41": 20.2522, "MOK-42": 23.285519999999998, "MOK-43": 18.33212, "MOK-44": 20.02452, "MOK-45": 32.0728, "MOK-46": 24.704, "NTK-01": 14.97984, "NTK-02": 22.909599999999998, "NTK-03": 11.8286, "NTK-04": 27.282120000000003, "NTK-05": 17.562719999999995, "NTK-06": 72.31076, "NTK-07": 22.5672, "NTK-08": 26.698, "NTK-09": 68.93835999999999, "NTK-10": 23.50684, "NTK-11": 68.5778, "NTK-12": 16.33636, "NTK-13": 21.51716, "NTK-14": 20.12308, "NTK-15": 19.924, "NTK-16": 144.44219999999999, "NTK-17": 254.93824, "PRE-32A": 72.71640000000002, "PRE-47": 78.29240000000001, "SKM-01": 24.907, "SKM-02": 20.525, "SKM-03": 20.555079999999997, "SKM-04": 21.490759999999998, "SKM-05": 20.31900000000001, "SKM-06": 21.718000000000004, "SKM-07": 20.765199999999993, "SKM-08": 26.8964, "SKM-09": 17.132, "SKM-10": 70.2296, "SKM-11": 21.718840000000004, "SKM-12": 71.04212000000001, "SKM-13": 74.0618, "SKM-14": 19.45324, "SKM-15": 23.510999999999996, "SKM-16": 17.10908, "SKM-17": 18.327, "SKM-18": 22.666519999999995, "SKM-19": 15.136, "SKM-20": 26.094279999999998, "SKM-21": 15.135, "SKM-22A": 20.119, "SKM-22B": 70.1238, "SKM-22C": 70.92559999999999, "TIK-7101": 38.97168000000001, "TIK-7102": 19.7242, "TIK-7103": 26.348879999999998, "TIK-7104": 19.0, "TIK-7105": 22.072559999999996, "TIK-7106": 30.361, "TIK-7107": 24.012, "TIK-7108": 17.93, "TIK-7109A": 72.52135999999999, "TIK-7109B": 68.63555999999998, "TIK-7109C": 70.78779999999998, "TIK-7110": 19.721, "TIK-7111": 20.52168, "TIK-7112A": 111.0, "TIK-7112B": 94.41412, "TIK-7112C": 94.4344, "TIK-7113": 24.900399999999998, "TIK-7114": 32.08463999999999, "TIK-7115": 16.154359999999997, "TIK-7116": 23.0, "TIK-7117": 21.71512, "TIK-7118": 18.32312, "TIK-7119": 258.59268, "TIK-7120": 23.11544, "TIK-7122": 60.374, "TIK-7149": 18.770439999999997, "WHA-02": 19.924, "WHA-04": 25.711440000000003, "WHA-06": 135.656, "WTS-01": 18.33344, "WTS-02": 21.913, "WTS-03": 24.897, "WTS-04": 23.306, "WTS-05": 73.11912000000001, "WTS-06": 30.06168, "WTS-07": 23.50584, "WTS-08": 72.50303999999998, "WTS-09": 17.535, "WTS-10": 67.54236, "WTS-11": 16.734, "WTS-12": 20.51, "WTS-14": 17.63596, "YAT-7001": 30.47988, "YAT-7002": 16.3366, "YAT-7003A": 62.557159999999996, "YAT-7003B": 62.34348, "YAT-7003C": 61.55548, "YAT-7003D": 61.95364, "YAT-7004": 16.737000000000002, "YAT-7005": 18.924, "YAT-7006A": 68.0, "YAT-7006B": 66.3174, "YAT-7006C": 66.13184, "YAT-7007": 33.061319999999995, "YAT-7008": 26.19547999999999, "YAT-7009": 22.50056, "YAT-7010": 25.742519999999992, "YAT-7012": 29.673, "YMT-31": 25.5146, "YMT-32": 22.708959999999998, "YMT-33": 23.63284, "YMT-34": 16.69948, "YMT-35": 75.43575999999999, "YMT-36": 22.30928, "YMT-37": 20.3396, "YMT-38": 25.292, "YMT-39": 20.5334, "YMT-40": 77.30331999999999, "YMT-41": 22.711, "YMT-42": 20.722960000000008, "YMT-44": 23.31652}