{
  "CHH-01": 18.527,
  "CHH-02": 24.902,
  "CHH-03": 17.1455,
  "CHH-04": 22.914,
  "CHH-05": 18.333,
  "CHH-06": 21.117,
  "CHH-07": 15.345,
  "CHH-08": 24.083,
  "CHH-09B": 29.685,
  "CHH-10": 75.505,
  "CHH-11": 75.703,
  "CHH-12": 22.862,
  "CHH-13A": 24.70300000000001,
  "CHH-14": 19.324000000000005,
  "CHH-15": 20.122,
  "CHH-16": 17.181099999999994,
  "CHH-17": 19.523,
  "CHH-18": 17.316,
  "CHH-19": 19.723,
  "CHH-20": 19.523,
  "CHH-21": 20.282,
  "CHH-22": 21.3151,
  "CHH-23A": null,
  "CHH-24": 22.113000000000003,
  "CHH-25": 224.575,
  "CHH-27": 30.878,
  "CHH-28": 201.68909999999994,
  "CHH-29": 26.297,
  "CHH-30": 29.686,
  "CHH-31": 31.875,
  "CHH-32": 40.242,
  "CHH-33": 42.631,
  "CHH-34": 25.491899999999998,
  "CHH-35": 30.082,
  "CHH-36": 24.304,
  "CHH-37": 240.8182,
  "DIH-01": 23.307,
  "DIH-02": 24.990199999999994,
  "DIH-03": 69.72229999999999,
  "DIH-04": 25.301,
  "DIH-05": 70.123,
  "DIH-06": 36.456,
  "DIH-07": 22.108,
  "DIH-08": 71.67,
  "DIH-09": 21.937999999999995,
  "DIH-10": 68.72189999999999,
  "DIH-12": 23.507000000000005,
  "HOM-02": 33.893,
  "HOM-03": 165.548,
  "HOM-04": 28.09,
  "HOM-05": 26.496,
  "HOM-06": 36.467,
  "HOM-07": 25.898000000000003,
  "HOM-08": 52.88699999999999,
  "HOM-09": 81.081,
  "HOM-10": 83.47,
  "HOM-11": 82.476,
  "HOM-12": 81.86739999999999,
  "HOM-13": 23.907,
  "HOM-14": 23.707,
  "HOM-15": 29.575000000000003,
  "HOM-16": 17.334,
  "HOM-17": 35.462,
  "HOM-18": 21.316,
  "HOM-19": 34.938,
  "HOM-20": 32.283,
  "HOM-21": 36.059,
  "HOM-22": 22.8989,
  "KOB-01": 20.32,
  "KOB-02": 24.703000000000007,
  "KOB-03": 22.511,
  "KOB-04": 25.699,
  "KOB-05": 26.298,
  "KOB-06": 29.684,
  "KOB-07": 33.4314,
  "KOB-08": 77.096,
  "KOB-09": 79.72399999999998,
  "KOB-10": 74.74389999999998,
  "KOB-11": 25.698,
  "KOB-12": 24.901,
  "KOB-13": 20.122,
  "KOB-14": 24.295,
  "KOB-15": 17.93,
  "KOB-16": 25.465,
  "KOT-01": 15.3033,
  "KOT-02": 20.519,
  "KOT-03": 15.937,
  "KOT-04": 20.125,
  "KOT-05": 17.133,
  "KOT-06": 25.899,
  "KOT-07": 24.902,
  "KOT-08": 84.46799999999998,
  "KOT-09": 82.6414,
  "KOT-10": 82.475,
  "KOT-11": 24.703000000000007,
  "KOT-12": 24.902,
  "KOT-13": 17.730999999999995,
  "KOT-14": 20.72,
  "KOT-15": 16.335,
  "KOT-16": 20.718000000000004,
  "KWT-6001": 24.525,
  "KWT-6002": 28.687,
  "KWT-6003": 22.11,
  "KWT-6004": 22.948,
  "KWT-6005": 27.7043,
  "KWT-6006": 24.413,
  "KWT-6007": 80.883,
  "KWT-6008": 80.60240000000002,
  "KWT-6009": 23.509,
  "KWT-6010": 34.265,
  "KWT-6011": 20.119,
  "KWT-6012": 31.476,
  "KWT-6013": 23.7504,
  "KWT-6014": 30.299,
  "KWT-6015": 26.443700000000007,
  "KWT-6016": 29.882,
  "KWT-6021": 22.167199999999998,
  "KWT-6042": 44.623999999999995,
  "KWT-6044": 311.2563,
  "KWT-6046": 34.1665,
  "LAT-6101": 16.735,
  "LAT-6102": 21.316,
  "LAT-6103": 29.683000000000003,
  "LAT-6104": 68.4731,
  "LAT-6105": 75.505,
  "LAT-6106": 71.12100000000002,
  "LAT-6107": 22.709,
  "LAT-6108": 30.684,
  "LAT-6109": 33.894800000000004,
  "LAT-6110": 41.0372,
  "LAT-6111": 33.5755,
  "LAT-6112": 42.034,
  "LOF-01": 16.535,
  "LOF-02": 19.125,
  "LOF-03": 17.531,
  "LOF-04": 22.630399999999998,
  "LOF-05": 25.101,
  "LOF-06": 32.281,
  "LOF-07": 71.719,
  "LOF-08": 75.503,
  "LOF-09": 69.64399999999999,
  "LOF-10": 71.913,
  "LOF-11": 19.9494,
  "LOF-12": 25.494,
  "LOF-13": 17.73,
  "LOF-14": 20.919,
  "MOK-31": 23.501,
  "MOK-32A": 77.291,
  "MOK-32B": 22.677,
  "MOK-33": 30.879,
  "MOK-34A": 21.514,
  "MOK-34B": 19.524,
  "MOK-35": 77.9771,
  "MOK-36": 31.278,
  "MOK-37": 71.73819999999998,
  "MOK-38": 75.90100000000002,
  "MOK-39": 22.8464,
  "MOK-40": 72.7101,
  "MOK-41": 20.518,
  "MOK-42": 24.0735,
  "MOK-43": 18.923,
  "MOK-44": 20.918000000000006,
  "MOK-45": 32.684,
  "MOK-46": 25.6994,
  "MOK-47": 85.265,
  "NTK-01": 16.144000000000002,
  "NTK-02": 23.5034,
  "NTK-03": 13.345,
  "NTK-04": 27.691,
  "NTK-05": 20.32,
  "NTK-06": 75.14719999999998,
  "NTK-07": 23.907,
  "NTK-08": 27.491,
  "NTK-09": 72.913,
  "NTK-10": 24.294,
  "NTK-11": 72.117,
  "NTK-12": 16.934,
  "NTK-13": 22.3642,
  "NTK-14": 20.719,
  "NTK-15": 22.313,
  "NTK-16": 142.6476,
  "NTK-17": 280.1167999999999,
  "SKM-01": 25.7,
  "SKM-02": 20.918000000000006,
  "SKM-03": 22.313,
  "SKM-04": 21.722700000000007,
  "SKM-05": 22.114,
  "SKM-06": 22.114,
  "SKM-07": 22.312999999999995,
  "SKM-08": 27.4683,
  "SKM-09": 18.327,
  "SKM-10": 73.51100000000002,
  "SKM-11": 22.513,
  "SKM-12": 73.501,
  "SKM-13": 77.097,
  "SKM-14": 23.591,
  "SKM-15": 23.949000000000005,
  "SKM-16": 20.32,
  "SKM-17": 18.727,
  "SKM-18": 24.8992,
  "SKM-19": 15.399999999999999,
  "SKM-20": 27.151399999999995,
  "SKM-21": 15.539000000000001,
  "SKM-22A": 21.317,
  "SKM-22B": 75.1329,
  "SKM-22C": 76.102,
  "TIK-7101": 41.031000000000006,
  "TIK-7102": 21.911,
  "TIK-7103": 29.120999999999995,
  "TIK-7104": 20.918000000000006,
  "TIK-7105": 26.097,
  "TIK-7106": 31.7585,
  "TIK-7107": 27.816799999999997,
  "TIK-7108": 19.723,
  "TIK-7109A": 77.347,
  "TIK-7109B": 74.09130000000002,
  "TIK-7109C": 76.30480000000001,
  "TIK-7110": 21.714,
  "TIK-7111": 22.113000000000003,
  "TIK-7112A": 165.5428,
  "TIK-7112B": 163.16,
  "TIK-7112C": 165.36759999999998,
  "TIK-7113": 26.682,
  "TIK-7114": 87.4577,
  "TIK-7115": 18.131,
  "TIK-7116": 84.86159999999998,
  "TIK-7117": 24.2039,
  "TIK-7118": 28.686,
  "TIK-7119": 255.39759999999998,
  "TIK-7120": 25.501,
  "TIK-7122": 62.552,
  "TIK-7149": 20.1831,
  "WHA-02": 25.0828,
  "WHA-04": 26.692,
  "WHA-06": 122.505,
  "WTS-01": 18.729,
  "WTS-02": 22.303,
  "WTS-03": 25.301000000000002,
  "WTS-04": 23.707,
  "WTS-05": 75.92399999999998,
  "WTS-06": 30.481,
  "WTS-07": 23.916,
  "WTS-08": 75.532,
  "WTS-09": 18.128,
  "WTS-10": 70.523,
  "WTS-11": 17.332,
  "WTS-12": 20.947,
  "WTS-14": 18.327,
  "YAT-7001": 32.47,
  "YAT-7002": 18.538,
  "YAT-7003A": 66.335,
  "YAT-7003B": 66.339,
  "YAT-7003C": 65.542,
  "YAT-7003D": 64.759,
  "YAT-7004": 18.5928,
  "YAT-7005": 20.520000000000003,
  "YAT-7006A": 71.90100000000002,
  "YAT-7006B": 73.306,
  "YAT-7006C": 72.71600000000002,
  "YAT-7007": 34.456,
  "YAT-7008": 27.892,
  "YAT-7009": 23.938999999999993,
  "YAT-7010": 27.492,
  "YAT-7012": 32.273,
  "YMT-31": 25.9,
  "YMT-32": 23.309,
  "YMT-33": 24.024,
  "YMT-34": 17.133,
  "YMT-35": 79.686,
  "YMT-36": 22.72,
  "YMT-37": 20.719,
  "YMT-38": 25.9525,
  "YMT-39": 21.116,
  "YMT-40": 84.07,
  "YMT-41": 24.105,
  "YMT-42": 21.247,
  "YMT-44": 23.707,
  "YMT-60": 17.452599999999997,
  "WHA-08": 36.977,
  "WHA-10": 502.96720000000005,
  "LAT-6114": 66.93639999999999,
  "TIK-7119S": 29.489,
  "TIK-7122S": 1448.2663,
  "HOM-01": 921.2097
}