{"CHH-01": 17.731399999999997, "CHH-02": 24.85, "CHH-03": 16.594, "CHH-04": 22.845200000000002, "CHH-05": 17.9536, "CHH-06": 20.916800000000002, "CHH-07": 15.032, "CHH-08": 23.849, "CHH-09B": 29.4142, "CHH-10": 74.3714, "CHH-11": 74.109, "CHH-12": 23.112, "CHH-13A": 24.4974, "CHH-14": 20.011, "CHH-15": 19.918, "CHH-16": 18.13, "CHH-17": 19.136, "CHH-18": 18.16, "CHH-19": 19.4814, "CHH-20": 20.716, "CHH-21": 19.923, "CHH-22": 20.121, "CHH-23A": 18.0, "CHH-24": 22.083, "CHH-25": 226.5992, "CHH-27": 27.69, "CHH-28": 298.0724000000001, "CHH-29": 25.5516, "CHH-30": 29.876, "CHH-31": 30.6398, "CHH-32": 37.4936, "CHH-33": 42.266600000000004, "CHH-34": 24.7026, "CHH-35": 28.687, "CHH-36": 23.144200000000005, "CHH-37": 188.76360000000003, "DIH-01": 22.909, "DIH-02": 26.893, "DIH-03": 68.32600000000001, "DIH-04": 27.489200000000004, "DIH-05": 68.95320000000001, "DIH-06": 38.325400000000016, "DIH-07": 21.709, "DIH-08": 70.5782, "DIH-09": 21.512999999999998, "DIH-10": 67.069, "DIH-12": 23.119, "HOM-01": 343.28380000000004, "HOM-02": 33.674800000000005, "HOM-03": 159.98139999999998, "HOM-04": 27.891, "HOM-05": 26.224000000000007, "HOM-06": 36.150800000000004, "HOM-07": 25.696, "HOM-08": 51.995, "HOM-09": 80.73280000000005, "HOM-10": 75.905, "HOM-11": 104.66499999999999, "HOM-12": 76.509, "HOM-13": 23.73, "HOM-14": 23.693600000000004, "HOM-15": 29.2898, "HOM-16": 17.136, "HOM-17": 35.2786, "HOM-18": 20.915399999999998, "HOM-19": 34.669000000000004, "HOM-20": 32.819, "HOM-21": 35.7118, "HOM-22": 22.9112, "KOB-01": 19.925, "KOB-02": 24.605800000000002, "KOB-03": 20.3328, "KOB-04": 25.692, "KOB-05": 21.79460000000001, "KOB-06": 29.675999999999995, "KOB-07": 30.6842, "KOB-08": 75.0934, "KOB-09": 77.14160000000001, "KOB-10": 73.12039999999999, "KOB-11": 25.305, "KOB-12": 24.7012, "KOB-13": 19.9172, "KOB-14": 24.1568, "KOB-15": 17.5886, "KOB-16": 25.3116, "KOT-01": 14.93, "KOT-02": 19.3228, "KOT-03": 15.5376, "KOT-04": 19.161600000000007, "KOT-05": 16.750200000000003, "KOT-06": 25.305, "KOT-07": 24.5254, "KOT-08": 80.5096, "KOT-09": 80.016, "KOT-10": 80.2902, "KOT-11": 24.503999999999998, "KOT-12": 24.886200000000002, "KOT-13": 17.529, "KOT-14": 20.717, "KOT-15": 15.941, "KOT-16": 20.7106, "KWT-6001": 22.9088, "KWT-6002": 28.487000000000002, "KWT-6003": 20.4944, "KWT-6004": 22.904799999999998, "KWT-6005": 26.499599999999997, "KWT-6006": 24.135800000000003, "KWT-6007": 78.89319999999998, "KWT-6008": 79.1296, "KWT-6009": 23.479800000000004, "KWT-6010": 34.0732, "KWT-6011": 19.925, "KWT-6012": 31.278, "KWT-6013": 23.7088, "KWT-6014": 30.2108, "KWT-6015": 26.16, "KWT-6016": 29.6884, "KWT-6042": 45.529799999999994, "KWT-6044": 279.0964, "KWT-6046": 36.284, "LAT-6101": 16.335, "LAT-6102": 20.5242, "LAT-6103": 29.4888, "LAT-6104": 67.531, "LAT-6105": 73.8454, "LAT-6106": 69.57480000000001, "LAT-6107": 22.0938, "LAT-6108": 29.683000000000003, "LAT-6109": 33.664, "LAT-6110": 38.90380000000001, "LAT-6112": 40.6422, "LOF-01": 16.118199999999998, "LOF-02": 18.578, "LOF-03": 16.930999999999994, "LOF-04": 21.716, "LOF-05": 24.701, "LOF-06": 31.0752, "LOF-07": 69.98580000000001, "LOF-08": 73.50479999999997, "LOF-09": 68.32220000000001, "LOF-10": 69.91, "LOF-11": 19.724, "LOF-12": 23.264600000000012, "LOF-13": 17.332, "LOF-14": 19.667800000000017, "MOK-31": 22.5336, "MOK-32B": 22.5352, "MOK-33": 30.479400000000002, "MOK-34A": 21.428400000000003, "MOK-34B": 19.455000000000002, "MOK-35": 77.4892, "MOK-36": 30.8778, "MOK-37": 72.50720000000001, "MOK-38": 75.493, "MOK-39": 23.3012, "MOK-40": 72.517, "MOK-41": 20.922, "MOK-42": 23.638, "MOK-43": 18.933, "MOK-44": 20.31900000000001, "MOK-45": 32.273, "MOK-46": 25.302, "NTK-01": 15.3446, "NTK-02": 23.303, "NTK-03": 12.349, "NTK-04": 27.5254, "NTK-05": 18.2468, "NTK-06": 73.7186, "NTK-07": 23.101, "NTK-08": 27.2842, "NTK-09": 70.243, "NTK-10": 24.0986, "NTK-11": 69.9106, "NTK-12": 16.734, "NTK-13": 21.914, "NTK-14": 20.5588, "NTK-15": 20.667800000000003, "NTK-16": 146.234, "NTK-17": 312.06359999999995, "PRE-32A": 74.704, "PRE-47": 81.869, "SKM-01": 25.497, "SKM-02": 20.9152, "SKM-03": 22.11, "SKM-04": 21.713, "SKM-05": 21.904, "SKM-06": 22.106, "SKM-07": 21.913, "SKM-08": 27.283, "SKM-09": 17.700199999999995, "SKM-10": 71.548, "SKM-11": 21.969, "SKM-12": 72.114, "SKM-13": 75.12899999999998, "SKM-14": 23.509, "SKM-15": 23.707, "SKM-16": 20.3146, "SKM-17": 18.527, "SKM-18": 24.7008, "SKM-19": 15.1448, "SKM-20": 26.7012, "SKM-21": 15.1906, "SKM-22A": 21.0606, "SKM-22B": 71.94800000000002, "SKM-22C": 72.918, "TIK-7101": 40.2536, "TIK-7102": 21.516, "TIK-7103": 28.947000000000003, "TIK-7104": 20.5346, "TIK-7105": 25.4994, "TIK-7106": 31.338, "TIK-7107": 27.2436, "TIK-7108": 18.923, "TIK-7109A": 76.0984, "TIK-7109B": 71.722, "TIK-7109C": 74.321, "TIK-7110": 20.9202, "TIK-7111": 21.509800000000002, "TIK-7112A": 123.73880000000001, "TIK-7112B": 105.21660000000003, "TIK-7112C": 105.90040000000002, "TIK-7113": 26.096400000000003, "TIK-7114": 49.16220000000002, "TIK-7115": 17.426200000000005, "TIK-7116": 26.4968, "TIK-7117": 22.954600000000003, "TIK-7118": 20.029400000000003, "TIK-7119": 265.8828, "TIK-7120": 24.308600000000002, "TIK-7122": 61.543, "TIK-7149": 19.568800000000007, "WHA-02": 24.711199999999998, "WHA-04": 26.2954, "WHA-06": 142.59, "WTS-01": 18.5408, "WTS-02": 22.113000000000003, "WTS-03": 25.099200000000003, "WTS-04": 23.515, "WTS-05": 74.3272, "WTS-06": 30.472400000000007, "WTS-07": 23.7056, "WTS-08": 73.7136, "WTS-09": 17.735, "WTS-10": 68.9418, "WTS-11": 16.94, "WTS-12": 20.717, "WTS-14": 17.930999999999994, "YAT-7001": 31.669200000000004, "YAT-7002": 17.658, "YAT-7003A": 64.37180000000001, "YAT-7003B": 64.2652, "YAT-7003C": 63.74820000000001, "YAT-7003D": 63.544, "YAT-7004": 18.105, "YAT-7005": 19.9204, "YAT-7006A": 71.0, "YAT-7006B": 70.12780000000001, "YAT-7006C": 69.48020000000001, "YAT-7007": 34.0, "YAT-7008": 27.29, "YAT-7009": 23.508800000000004, "YAT-7010": 26.797800000000002, "YAT-7012": 31.2658, "YMT-31": 25.7, "YMT-32": 23.098200000000002, "YMT-33": 23.903, "YMT-34": 16.9322, "YMT-35": 77.5066, "YMT-36": 22.557, "YMT-37": 20.524, "YMT-38": 25.7056, "YMT-39": 20.721, "YMT-40": 79.70920000000001, "YMT-41": 23.711, "YMT-42": 21.0636, "YMT-44": 23.5088}