{"CHH-01": 9.0, "CHH-02": 15.0, "CHH-03": 6.0, "CHH-04": 13.0, "CHH-05": 7.0, "CHH-06": 9.0, "CHH-07": 4.0, "CHH-08": 6.0, "CHH-09B": 10.0, "CHH-10": 66.0, "CHH-11": 73.0, "CHH-12": 10.0, "CHH-13A": 13.0, "CHH-14": 7.0, "CHH-15": 8.0, "CHH-16": 5.0, "CHH-17": 8.0, "CHH-18": 5.0, "CHH-19": 8.0, "CHH-20": 6.0, "CHH-21": 8.0, "CHH-22": 16.69, "CHH-23A": 18.0, "CHH-24": 3.88, "CHH-25": 231.72, "CHH-27": 15.95, "CHH-28": 553.3400000000001, "CHH-29": 10.34, "CHH-30": 94.23999999999992, "CHH-31": 14.67, "CHH-32": 26.0, "CHH-33": 28.340000000000003, "CHH-34": 15.190000000000001, "CHH-35": 12.469999999999995, "CHH-36": 13.73, "CHH-37": 224.29, "DIH-01": 9.0, "DIH-02": 10.939999999999998, "DIH-03": 10.0, "DIH-04": 10.0, "DIH-05": 68.0, "DIH-06": 17.029999999999973, "DIH-07": 9.0, "DIH-08": 13.0, "DIH-09": 14.0, "DIH-10": 65.0, "DIH-12": 11.0, "HOM-01": 351.0, "HOM-02": 22.0, "HOM-03": 151.34999999999997, "HOM-04": 16.0, "HOM-05": 10.0, "HOM-06": 21.0, "HOM-07": 6.0, "HOM-08": 30.0, "HOM-09": 8.0, "HOM-10": 11.0, "HOM-11": 119.26999999999998, "HOM-12": 93.80000000000007, "HOM-13": 7.0, "HOM-14": 9.0, "HOM-15": 15.0, "HOM-16": 4.0, "HOM-17": 24.0, "HOM-18": 5.0, "HOM-19": 23.0, "HOM-20": 41.0, "HOM-21": 23.0, "HOM-22": 6.0, "KOB-01": 8.0, "KOB-02": 11.329999999999984, "KOB-03": 11.0, "KOB-04": 12.0, "KOB-05": 17.0, "KOB-06": 12.0, "KOB-07": 18.0, "KOB-08": 14.0, "KOB-09": 76.48000000000002, "KOB-10": 74.07999999999993, "KOB-11": 15.0, "KOB-12": 13.0, "KOB-13": 11.0, "KOB-14": 10.420000000000016, "KOB-15": 10.0, "KOB-16": 14.0, "KOT-01": 7.0, "KOT-02": 10.0, "KOT-03": 8.0, "KOT-04": 9.0, "KOT-05": 12.0, "KOT-06": 8.0, "KOT-07": 11.0, "KOT-08": 12.0, "KOT-09": 80.48000000000002, "KOT-10": 88.12, "KOT-11": 15.0, "KOT-12": 14.0, "KOT-13": 8.0, "KOT-14": 9.0, "KOT-15": 7.0, "KOT-16": 9.0, "KWT-6001": 9.0, "KWT-6002": 15.0, "KWT-6003": 6.0, "KWT-6004": 7.0, "KWT-6005": 8.0, "KWT-6006": 7.490000000000009, "KWT-6007": 70.0, "KWT-6008": 74.55000000000001, "KWT-6009": 9.0, "KWT-6010": 13.0, "KWT-6011": 6.0, "KWT-6012": 16.0, "KWT-6013": 12.0, "KWT-6014": 26.0, "KWT-6015": 23.0, "KWT-6016": 14.71999999999997, "KWT-6042": 7.88, "KWT-6044": 250.74, "KWT-6046": 7.0, "LAT-6101": 13.0, "LAT-6102": 11.0, "LAT-6103": 19.55000000000001, "LAT-6104": 65.0, "LAT-6105": 70.0, "LAT-6106": 19.0, "LAT-6107": 18.519999999999982, "LAT-6108": 14.0, "LAT-6109": 37.0, "LAT-6110": 43.55000000000001, "LAT-6112": 35.0, "LOF-01": 7.0, "LOF-02": 7.0, "LOF-03": 8.0, "LOF-04": 9.0, "LOF-05": 10.0, "LOF-06": 12.0, "LOF-07": 14.0, "LOF-08": 15.0, "LOF-09": 65.26999999999998, "LOF-10": 67.0, "LOF-11": 14.0, "LOF-12": 14.0, "LOF-13": 11.0, "LOF-14": 10.0, "MOK-31": 11.0, "MOK-32B": 7.0, "MOK-33": 12.0, "MOK-34A": 8.0, "MOK-34B": 8.0, "MOK-35": 13.240000000000009, "MOK-36": 14.96999999999997, "MOK-37": 74.24000000000001, "MOK-38": 11.0, "MOK-39": 8.0, "MOK-40": 65.0, "MOK-41": 7.0, "MOK-42": 9.0, "MOK-43": 8.0, "MOK-44": 5.0, "MOK-45": 17.0, "MOK-46": 13.0, "NTK-01": 15.430000000000007, "NTK-02": 14.0, "NTK-03": 4.0, "NTK-04": 12.980000000000018, "NTK-05": 14.0, "NTK-06": 64.0, "NTK-07": 15.550000000000011, "NTK-08": 15.579999999999984, "NTK-09": 14.0, "NTK-10": 14.45999999999998, "NTK-11": 69.63999999999999, "NTK-12": 5.0, "NTK-13": 14.430000000000007, "NTK-14": 9.430000000000007, "NTK-15": 14.399999999999977, "NTK-16": 39.0, "NTK-17": 460.23000000000013, "PRE-32A": 67.0, "PRE-47": 86.0, "SKM-01": 12.0, "SKM-02": 8.0, "SKM-03": 9.0, "SKM-04": 9.0, "SKM-05": 9.0, "SKM-06": 9.0, "SKM-07": 10.0, "SKM-08": 9.0, "SKM-09": 5.0, "SKM-10": 12.0, "SKM-11": 6.0, "SKM-12": 70.0, "SKM-13": 71.0, "SKM-14": 9.0, "SKM-15": 14.0, "SKM-16": 6.0, "SKM-17": 10.149999999999977, "SKM-18": 12.0, "SKM-19": 6.0, "SKM-20": 13.0, "SKM-21": 7.060000000000002, "SKM-22A": 3.0, "SKM-22B": 5.0, "SKM-22C": 6.0, "TIK-7101": 38.0, "TIK-7102": 25.0, "TIK-7103": 26.0, "TIK-7104": 22.55000000000001, "TIK-7105": 17.69999999999999, "TIK-7106": 35.0, "TIK-7107": 17.69999999999999, "TIK-7108": 17.0, "TIK-7109A": 19.0, "TIK-7109B": 18.0, "TIK-7109C": 77.0, "TIK-7110": 16.0, "TIK-7111": 19.639999999999986, "TIK-7112A": 198.90000000000003, "TIK-7112B": 15.0, "TIK-7112C": 16.0, "TIK-7113": 29.72999999999996, "TIK-7114": 130.82, "TIK-7115": 8.0, "TIK-7116": 22.0, "TIK-7117": 12.649999999999999, "TIK-7118": 13.670000000000016, "TIK-7119": 286.86, "TIK-7120": 14.0, "TIK-7122": 93.0, "TIK-7149": 9.460000000000036, "WHA-02": 11.0, "WHA-04": 12.0, "WHA-06": 163.95999999999998, "WTS-01": 12.0, "WTS-02": 10.0, "WTS-03": 7.0, "WTS-04": 9.0, "WTS-05": 68.26999999999998, "WTS-06": 10.0, "WTS-07": 15.0, "WTS-08": 15.0, "WTS-09": 11.0, "WTS-10": 70.0, "WTS-11": 9.0, "WTS-12": 10.0, "WTS-14": 8.0, "YAT-7001": 27.0, "YAT-7002": 18.55000000000001, "YAT-7003A": 14.0, "YAT-7003B": 12.0, "YAT-7003C": 13.0, "YAT-7003D": 61.0, "YAT-7004": 17.55000000000001, "YAT-7005": 19.0, "YAT-7006A": 83.0, "YAT-7006B": 15.0, "YAT-7006C": 14.550000000000011, "YAT-7007": 38.0, "YAT-7008": 22.0, "YAT-7009": 24.0, "YAT-7010": 25.0, "YAT-7012": 31.0, "YMT-31": 13.0, "YMT-32": 11.089999999999975, "YMT-33": 6.0, "YMT-34": 3.0, "YMT-35": 75.24000000000001, "YMT-36": 6.0, "YMT-37": 7.0, "YMT-38": 5.0, "YMT-39": 7.0, "YMT-40": 73.0, "YMT-41": 10.0, "YMT-42": 9.0, "YMT-44": 13.0}