{
  "CHH-01": 23.545900000000003,
  "CHH-02": 26.066799999999994,
  "CHH-03": 21.315,
  "CHH-04": 26.1019,
  "CHH-05": 22.115,
  "CHH-06": 22.633499999999998,
  "CHH-07": 18.012800000000002,
  "CHH-08": 25.501000000000005,
  "CHH-09B": 31.64465,
  "CHH-10": 91.0409,
  "CHH-11": 94.05790000000003,
  "CHH-12": 23.313499999999998,
  "CHH-13A": 25.301,
  "CHH-14": 20.154,
  "CHH-15": 20.72,
  "CHH-16": 18.328,
  "CHH-17": 20.121,
  "CHH-18": 18.470799999999997,
  "CHH-19": 20.32,
  "CHH-20": 20.918000000000006,
  "CHH-21": 21.126799999999996,
  "CHH-22": 31.593400000000003,
  "CHH-23A": null,
  "CHH-24": 27.998399999999982,
  "CHH-25": 521.8701999999994,
  "CHH-27": 37.0526,
  "CHH-28": 469.5694,
  "CHH-29": 34.93264999999998,
  "CHH-30": 39.92029999999998,
  "CHH-31": 58.11969999999994,
  "CHH-32": 71.42899999999997,
  "CHH-33": 95.18425000000005,
  "CHH-34": 44.4256,
  "CHH-35": 41.5085,
  "CHH-36": 31.912799999999994,
  "CHH-37": 722.4815,
  "DIH-01": 25.551750000000013,
  "DIH-02": 27.28395,
  "DIH-03": 83.87075000000002,
  "DIH-04": 27.899,
  "DIH-05": 83.79600000000008,
  "DIH-06": 39.038199999999996,
  "DIH-07": 25.898000000000003,
  "DIH-08": 84.01525000000001,
  "DIH-09": 29.056,
  "DIH-10": 81.275,
  "DIH-12": 24.25059999999999,
  "HOM-02": 35.056999999999995,
  "HOM-03": 213.24579999999992,
  "HOM-04": 29.259649999999997,
  "HOM-05": 29.855399999999996,
  "HOM-06": 37.6525,
  "HOM-07": 26.695,
  "HOM-08": 61.5706,
  "HOM-09": 130.25764999999998,
  "HOM-10": 140.049,
  "HOM-11": 131.95505,
  "HOM-12": 138.05700000000002,
  "HOM-13": 24.504,
  "HOM-14": 25.743,
  "HOM-15": 30.281,
  "HOM-16": 17.730999999999995,
  "HOM-17": 36.258,
  "HOM-18": 22.331249999999997,
  "HOM-19": 36.071,
  "HOM-20": 44.80084999999999,
  "HOM-21": 39.576299999999975,
  "HOM-22": 25.506,
  "KOB-01": 24.367799999999995,
  "KOB-02": 25.698999999999998,
  "KOB-03": 30.681,
  "KOB-04": 26.881,
  "KOB-05": 35.521,
  "KOB-06": 30.539199999999997,
  "KOB-07": 39.861,
  "KOB-08": 92.236,
  "KOB-09": 93.03305,
  "KOB-10": 89.647,
  "KOB-11": 26.51,
  "KOB-12": 26.094,
  "KOB-13": 23.308000000000003,
  "KOB-14": 25.301000000000002,
  "KOB-15": 22.4964,
  "KOB-16": 26.283699999999996,
  "KOT-01": 20.120200000000004,
  "KOT-02": 27.492,
  "KOT-03": 23.1958,
  "KOT-04": 30.42784999999998,
  "KOT-05": 25.477,
  "KOT-06": 32.25315000000001,
  "KOT-07": 30.27565,
  "KOT-08": 107.6072,
  "KOT-09": 100.21385000000001,
  "KOT-10": 104.589,
  "KOT-11": 25.292,
  "KOT-12": 25.498999999999995,
  "KOT-13": 18.924,
  "KOT-14": 21.316,
  "KOT-15": 18.92755,
  "KOT-16": 21.316,
  "KWT-6001": 28.092399999999998,
  "KWT-6002": 36.457,
  "KWT-6003": 25.3,
  "KWT-6004": 25.463199999999983,
  "KWT-6005": 30.879,
  "KWT-6006": 25.50355,
  "KWT-6007": 95.6345,
  "KWT-6008": 94.628,
  "KWT-6009": 24.825,
  "KWT-6010": 36.85484999999999,
  "KWT-6011": 22.295,
  "KWT-6012": 34.264,
  "KWT-6013": 27.638849999999998,
  "KWT-6014": 52.754799999999875,
  "KWT-6015": 30.67355,
  "KWT-6016": 50.601000000000006,
  "KWT-6021": 28.99589999999998,
  "KWT-6042": 52.65324999999998,
  "KWT-6044": 980.2691999999995,
  "KWT-6046": 52.9945,
  "LAT-6101": 21.309250000000002,
  "LAT-6102": 23.707,
  "LAT-6103": 33.868,
  "LAT-6104": 78.492,
  "LAT-6105": 87.82739999999995,
  "LAT-6106": 81.47850000000001,
  "LAT-6107": 24.294,
  "LAT-6108": 34.663000000000004,
  "LAT-6109": 36.856,
  "LAT-6110": 56.577,
  "LAT-6111": 63.7495,
  "LAT-6112": 54.77409999999997,
  "LOF-01": 21.116,
  "LOF-02": 21.117,
  "LOF-03": 24.112450000000003,
  "LOF-04": 25.101,
  "LOF-05": 31.675,
  "LOF-06": 34.896,
  "LOF-07": 81.092,
  "LOF-08": 91.60459999999999,
  "LOF-09": 79.0898,
  "LOF-10": 87.85445,
  "LOF-11": 26.101,
  "LOF-12": 26.4634,
  "LOF-13": 22.712,
  "LOF-14": 22.112,
  "MOK-31": 30.910799999999988,
  "MOK-32A": 89.449,
  "MOK-32B": 25.436199999999985,
  "MOK-33": 36.258,
  "MOK-34A": 24.551449999999992,
  "MOK-34B": 21.95140000000001,
  "MOK-35": 96.8236,
  "MOK-36": 34.066,
  "MOK-37": 90.243,
  "MOK-38": 86.65899999999996,
  "MOK-39": 26.894,
  "MOK-40": 83.0719,
  "MOK-41": 29.898949999999882,
  "MOK-42": 25.164400000000004,
  "MOK-43": 29.57994999999999,
  "MOK-44": 25.698999999999998,
  "MOK-45": 43.828450000000004,
  "MOK-46": 37.253,
  "MOK-47": 110.74859999999995,
  "NTK-01": 33.868,
  "NTK-02": 34.6472,
  "NTK-03": 22.120599999999982,
  "NTK-04": 32.852300000000014,
  "NTK-05": 31.31500000000006,
  "NTK-06": 85.662,
  "NTK-07": 34.464,
  "NTK-08": 32.472849999999994,
  "NTK-09": 88.053,
  "NTK-10": 35.74230000000001,
  "NTK-11": 86.65899999999998,
  "NTK-12": 30.090399999999995,
  "NTK-13": 30.67785,
  "NTK-14": 51.597,
  "NTK-15": 28.483400000000003,
  "NTK-16": 227.80450000000002,
  "NTK-17": 616.8415999999995,
  "SKM-01": 26.297,
  "SKM-02": 21.516,
  "SKM-03": 22.91,
  "SKM-04": 22.511,
  "SKM-05": 23.309,
  "SKM-06": 22.91,
  "SKM-07": 27.293000000000006,
  "SKM-08": 28.887,
  "SKM-09": 24.527099999999997,
  "SKM-10": 86.2665,
  "SKM-11": 28.489,
  "SKM-12": 85.0712,
  "SKM-13": 87.2342,
  "SKM-14": 24.70300000000001,
  "SKM-15": 24.701999999999998,
  "SKM-16": 21.482,
  "SKM-17": 19.92,
  "SKM-18": 27.492,
  "SKM-19": 17.730999999999995,
  "SKM-20": 30.27925,
  "SKM-21": 19.108749999999997,
  "SKM-22A": 24.503,
  "SKM-22B": 88.2607,
  "SKM-22C": 89.0304,
  "TIK-7101": 43.136199999999995,
  "TIK-7102": 26.09800000000001,
  "TIK-7103": 33.68725,
  "TIK-7104": 25.301,
  "TIK-7105": 30.679,
  "TIK-7106": 34.863,
  "TIK-7107": 32.481300000000005,
  "TIK-7108": 21.662499999999998,
  "TIK-7109A": 91.18684999999999,
  "TIK-7109B": 87.4565,
  "TIK-7109C": 90.64125,
  "TIK-7110": 23.508000000000006,
  "TIK-7111": 39.6445,
  "TIK-7112A": 252.65345000000005,
  "TIK-7112B": 249.61759999999998,
  "TIK-7112C": 251.79519999999997,
  "TIK-7113": 42.63355,
  "TIK-7114": 182.48239999999998,
  "TIK-7115": 20.917,
  "TIK-7116": 180.68904999999998,
  "TIK-7117": 40.274899999999974,
  "TIK-7118": 62.56374999999986,
  "TIK-7119": 406.5242,
  "TIK-7120": 29.285,
  "TIK-7122": 214.56329999999997,
  "TIK-7149": 23.482,
  "WHA-02": 43.62505,
  "WHA-04": 30.685000000000002,
  "WHA-06": 197.075,
  "WTS-01": 22.36540000000001,
  "WTS-02": 23.508000000000006,
  "WTS-03": 26.685149999999997,
  "WTS-04": 25.020199999999996,
  "WTS-05": 87.26389999999998,
  "WTS-06": 32.064099999999996,
  "WTS-07": 27.292,
  "WTS-08": 90.30344999999994,
  "WTS-09": 23.11535,
  "WTS-10": 85.65459999999999,
  "WTS-11": 21.714,
  "WTS-12": 21.514,
  "WTS-14": 18.956349999999997,
  "YAT-7001": 37.054,
  "YAT-7002": 20.519,
  "YAT-7003A": 77.09365,
  "YAT-7003B": 77.097,
  "YAT-7003C": 76.29924999999999,
  "YAT-7003D": 75.52199999999998,
  "YAT-7004": 20.336949999999995,
  "YAT-7005": 22.112,
  "YAT-7006A": 95.42405000000001,
  "YAT-7006B": 96.4671999999999,
  "YAT-7006C": 96.27074999999985,
  "YAT-7007": 36.059,
  "YAT-7008": 36.855,
  "YAT-7009": 25.899,
  "YAT-7010": 40.51459999999995,
  "YAT-7012": 36.22359999999999,
  "YMT-31": 29.146049999999953,
  "YMT-32": 32.75909999999999,
  "YMT-33": 24.903,
  "YMT-34": 20.8595,
  "YMT-35": 93.432,
  "YMT-36": 27.092,
  "YMT-37": 21.515,
  "YMT-38": 29.214000000000002,
  "YMT-39": 22.79619999999997,
  "YMT-40": 101.60185,
  "YMT-41": 30.082,
  "YMT-42": 21.73,
  "YMT-44": 24.303,
  "YMT-60": 23.099050000000002,
  "WHA-08": 87.62539999999997,
  "WHA-10": 553.1737,
  "LAT-6114": 113.0974,
  "TIK-7119S": 29.489,
  "TIK-7122S": 1551.08605,
  "HOM-01": 1138.63495
}