{"CHH-01": 21.91572, "CHH-02": 25.49648, "CHH-03": 19.92512, "CHH-04": 23.504260000000002, "CHH-05": 20.72256, "CHH-06": 21.524, "CHH-07": 16.7892, "CHH-08": 24.508600000000005, "CHH-09B": 30.627679999999998, "CHH-10": 78.31982, "CHH-11": 80.07707999999997, "CHH-12": 23.50772, "CHH-13A": 25.06498, "CHH-14": 20.32, "CHH-15": 20.51444, "CHH-16": 18.550099999999997, "CHH-17": 19.721, "CHH-18": 18.7204, "CHH-19": 20.094559999999998, "CHH-20": 21.302860000000003, "CHH-21": 20.519, "CHH-22": 30.40059999999999, "CHH-23A": 18.0, "CHH-24": 23.51932, "CHH-25": 237.22644, "CHH-27": 33.257999999999996, "CHH-28": 534.1171199999999, "CHH-29": 28.122059999999998, "CHH-30": 61.079099999999954, "CHH-31": 32.19368, "CHH-32": 40.731, "CHH-33": 47.64939999999998, "CHH-34": 27.642959999999995, "CHH-35": 36.0391, "CHH-36": 25.1617, "CHH-37": 230.21395999999996, "DIH-01": 24.5, "DIH-02": 27.588899999999995, "DIH-03": 73.15499999999999, "DIH-04": 28.291, "DIH-05": 73.66587999999999, "DIH-06": 39.596779999999995, "DIH-07": 23.9108, "DIH-08": 75.00984000000001, "DIH-09": 26.52952, "DIH-10": 72.28703999999999, "DIH-12": 23.68358, "HOM-01": 348.68514000000005, "HOM-02": 34.463, "HOM-03": 169.01024, "HOM-04": 28.67352, "HOM-05": 29.17256, "HOM-06": 37.26300000000001, "HOM-07": 26.3778, "HOM-08": 53.39478, "HOM-09": 120.48541999999999, "HOM-10": 84.85250000000002, "HOM-11": 123.89828, "HOM-12": 90.35439999999998, "HOM-13": 24.259200000000003, "HOM-14": 25.529600000000002, "HOM-15": 30.08054, "HOM-16": 17.576, "HOM-17": 35.90548, "HOM-18": 21.915460000000003, "HOM-19": 35.656, "HOM-20": 45.010799999999996, "HOM-21": 36.55628, "HOM-22": 25.204379999999997, "KOB-01": 20.91956, "KOB-02": 25.496, "KOB-03": 24.32432, "KOB-04": 26.521, "KOB-05": 28.944019999999995, "KOB-06": 30.26386, "KOB-07": 36.65708, "KOB-08": 80.7072, "KOB-09": 82.47901999999999, "KOB-10": 78.6843, "KOB-11": 25.769759999999998, "KOB-12": 25.757559999999998, "KOB-13": 20.70252, "KOB-14": 25.103, "KOB-15": 19.867839999999983, "KOB-16": 25.931440000000002, "KOT-01": 16.5856, "KOT-02": 20.917360000000002, "KOT-03": 17.925720000000002, "KOT-04": 20.669020000000003, "KOT-05": 19.1206, "KOT-06": 26.696, "KOT-07": 25.509, "KOT-08": 88.86783999999999, "KOT-09": 87.05567999999998, "KOT-10": 88.79931999999998, "KOT-11": 24.73044, "KOT-12": 25.3, "KOT-13": 17.94044, "KOT-14": 21.118, "KOT-15": 16.641459999999995, "KOT-16": 21.119, "KWT-6001": 26.302239999999998, "KWT-6002": 29.093819999999997, "KWT-6003": 23.71054, "KWT-6004": 23.508080000000007, "KWT-6005": 29.52238, "KWT-6006": 24.899, "KWT-6007": 84.07688000000002, "KWT-6008": 84.56083999999998, "KWT-6009": 24.339160000000003, "KWT-6010": 34.86656, "KWT-6011": 21.715, "KWT-6012": 32.050959999999996, "KWT-6013": 26.904919999999997, "KWT-6014": 31.32844, "KWT-6015": 29.881500000000003, "KWT-6016": 30.4851, "KWT-6042": 56.59243999999998, "KWT-6044": 327.71452, "KWT-6046": 41.408699999999996, "LAT-6101": 19.518, "LAT-6102": 22.382479999999997, "LAT-6103": 32.06496, "LAT-6104": 71.9354, "LAT-6105": 78.21275999999999, "LAT-6106": 74.30372000000001, "LAT-6107": 23.506140000000002, "LAT-6108": 33.4877, "LAT-6109": 35.6575, "LAT-6110": 43.828559999999996, "LAT-6112": 43.62732, "LOF-01": 17.33729999999999, "LOF-02": 19.727, "LOF-03": 18.92908, "LOF-04": 24.30164, "LOF-05": 25.70216, "LOF-06": 34.45488, "LOF-07": 73.12792, "LOF-08": 76.60712000000001, "LOF-09": 71.51842, "LOF-10": 72.99632, "LOF-11": 21.11618, "LOF-12": 26.1023, "LOF-13": 19.921, "LOF-14": 21.516479999999998, "MOK-31": 24.30408, "MOK-32B": 23.11082, "MOK-33": 32.67102, "MOK-34A": 21.914, "MOK-34B": 19.93356, "MOK-35": 87.84100000000002, "MOK-36": 31.87288, "MOK-37": 81.47724, "MOK-38": 80.28849999999997, "MOK-39": 23.90542, "MOK-40": 77.4902, "MOK-41": 21.7994, "MOK-42": 24.290399999999998, "MOK-43": 19.72512, "MOK-44": 21.11478, "MOK-45": 33.6593, "MOK-46": 25.90272, "NTK-01": 19.71402, "NTK-02": 23.863400000000002, "NTK-03": 16.0469, "NTK-04": 28.094, "NTK-05": 23.7111, "NTK-06": 76.71952, "NTK-07": 26.895400000000002, "NTK-08": 28.06352, "NTK-09": 73.9594, "NTK-10": 24.90652, "NTK-11": 73.95823999999999, "NTK-12": 17.51988, "NTK-13": 23.707319999999996, "NTK-14": 21.513, "NTK-15": 23.832579999999997, "NTK-16": 177.7944, "NTK-17": 405.9263199999999, "PRE-32A": 79.28810000000001, "PRE-47": 92.61635999999999, "SKM-01": 26.09800000000001, "SKM-02": 21.308360000000004, "SKM-03": 22.705879999999997, "SKM-04": 22.162659999999995, "SKM-05": 22.318, "SKM-06": 22.51236, "SKM-07": 23.133, "SKM-08": 27.892, "SKM-09": 19.72218, "SKM-10": 77.1508, "SKM-11": 24.30518, "SKM-12": 76.55784, "SKM-13": 80.68820000000001, "SKM-14": 24.50276, "SKM-15": 24.111199999999997, "SKM-16": 21.114, "SKM-17": 18.926, "SKM-18": 25.681879999999996, "SKM-19": 15.633479999999999, "SKM-20": 28.289, "SKM-21": 15.93048, "SKM-22A": 22.11088, "SKM-22B": 77.49530000000001, "SKM-22C": 78.3027, "TIK-7101": 42.20096, "TIK-7102": 25.0, "TIK-7103": 32.67176, "TIK-7104": 24.03466, "TIK-7105": 29.458280000000002, "TIK-7106": 34.07, "TIK-7107": 30.681479999999997, "TIK-7108": 20.72, "TIK-7109A": 84.41277999999998, "TIK-7109B": 80.47980000000003, "TIK-7109C": 83.01759999999999, "TIK-7110": 22.50672, "TIK-7111": 23.312, "TIK-7112A": 188.20416, "TIK-7112B": 178.79227999999938, "TIK-7112C": 180.39323999999985, "TIK-7113": 28.68958, "TIK-7114": 120.58343999999985, "TIK-7115": 19.5316, "TIK-7116": 87.42512, "TIK-7117": 25.5003, "TIK-7118": 29.217079999999992, "TIK-7119": 294.34048, "TIK-7120": 26.49576, "TIK-7122": 64.809, "TIK-7149": 21.400119999999998, "WHA-02": 39.268339999999995, "WHA-04": 30.68, "WHA-06": 167.2745, "WTS-01": 19.92352, "WTS-02": 22.624, "WTS-03": 25.77642, "WTS-04": 24.30588, "WTS-05": 78.70712, "WTS-06": 31.47612, "WTS-07": 26.29118, "WTS-08": 78.48444, "WTS-09": 22.113000000000003, "WTS-10": 74.90036, "WTS-11": 20.55789999999999, "WTS-12": 21.123, "WTS-14": 18.52794, "YAT-7001": 33.83436, "YAT-7002": 19.321199999999997, "YAT-7003A": 68.89428000000001, "YAT-7003B": 68.72146000000001, "YAT-7003C": 67.76438, "YAT-7003D": 67.63132, "YAT-7004": 19.518, "YAT-7005": 21.35168, "YAT-7006A": 83.92511999999999, "YAT-7006B": 81.26579999999998, "YAT-7006C": 83.469, "YAT-7007": 35.65298, "YAT-7008": 29.892039999999998, "YAT-7009": 25.19012, "YAT-7010": 29.612559999999995, "YAT-7012": 34.863, "YMT-31": 26.254160000000006, "YMT-32": 23.70042, "YMT-33": 24.30372, "YMT-34": 17.62426, "YMT-35": 84.87303999999997, "YMT-36": 23.303, "YMT-37": 20.724, "YMT-38": 26.498, "YMT-39": 21.212399999999995, "YMT-40": 86.07271999999999, "YMT-41": 24.312679999999997, "YMT-42": 21.516, "YMT-44": 23.75602}