{"CHH-01": 23.111060000000002, "CHH-02": 25.71124, "CHH-03": 20.72218, "CHH-04": 23.714779999999998, "CHH-05": 21.58861999999999, "CHH-06": 21.72072, "CHH-07": 17.540559999999996, "CHH-08": 25.1003, "CHH-09B": 31.078540000000004, "CHH-10": 81.0729, "CHH-11": 86.79176000000001, "CHH-12": 23.66608, "CHH-13A": 25.2833, "CHH-14": 20.51912, "CHH-15": 20.68036, "CHH-16": 18.726, "CHH-17": 19.91939, "CHH-18": 18.729, "CHH-19": 20.13568, "CHH-20": 21.504909999999995, "CHH-21": 20.720509999999997, "CHH-22": 45.28029999999997, "CHH-23A": 18.0, "CHH-24": 24.111160000000005, "CHH-25": 239.94371999999998, "CHH-27": 35.95349999999999, "CHH-28": 612.1797799999999, "CHH-29": 30.711319999999994, "CHH-30": 75.69234999999995, "CHH-31": 34.387119999999996, "CHH-32": 42.58098, "CHH-33": 52.02210999999999, "CHH-34": 29.45984, "CHH-35": 61.35274999999988, "CHH-36": 26.328699999999998, "CHH-37": 243.84338, "DIH-01": 25.110030000000002, "DIH-02": 27.695, "DIH-03": 77.43364999999999, "DIH-04": 28.65328, "DIH-05": 80.28466, "DIH-06": 39.776909999999994, "DIH-07": 25.696150000000003, "DIH-08": 79.19476, "DIH-09": 28.30748, "DIH-10": 75.9428, "DIH-12": 23.71391, "HOM-01": 349.84256999999997, "HOM-02": 34.67102, "HOM-03": 180.66364, "HOM-04": 28.98948, "HOM-05": 29.685389999999998, "HOM-06": 37.46426, "HOM-07": 26.697, "HOM-08": 53.995900000000006, "HOM-09": 131.14025, "HOM-10": 94.83475, "HOM-11": 134.99525999999997, "HOM-12": 102.71340000000002, "HOM-13": 24.3093, "HOM-14": 25.887349999999998, "HOM-15": 30.27154, "HOM-16": 17.730999999999995, "HOM-17": 36.06533, "HOM-18": 22.511, "HOM-19": 35.86247999999999, "HOM-20": 52.59625, "HOM-21": 36.69292, "HOM-22": 25.54298, "KOB-01": 22.71251, "KOB-02": 25.69969, "KOB-03": 27.565799999999996, "KOB-04": 26.7, "KOB-05": 31.473100000000002, "KOB-06": 30.47062, "KOB-07": 38.64908, "KOB-08": 84.82119999999995, "KOB-09": 87.64995999999992, "KOB-10": 82.90174999999998, "KOB-11": 25.96368, "KOB-12": 26.090899999999998, "KOB-13": 22.51266, "KOB-14": 25.30184, "KOB-15": 21.70676, "KOB-16": 26.10084, "KOT-01": 18.929579999999998, "KOT-02": 21.206430000000005, "KOT-03": 22.91503, "KOT-04": 20.873990000000003, "KOT-05": 24.304059999999996, "KOT-06": 27.093180000000004, "KOT-07": 27.51016, "KOT-08": 94.24380000000001, "KOT-09": 93.80564, "KOT-10": 94.87043999999999, "KOT-11": 24.90448, "KOT-12": 25.49464, "KOT-13": 18.328090000000003, "KOT-14": 21.312, "KOT-15": 18.324060000000003, "KOT-16": 21.30918, "KWT-6001": 27.29354, "KWT-6002": 29.87684, "KWT-6003": 24.702310000000004, "KWT-6004": 23.89008, "KWT-6005": 30.296449999999997, "KWT-6006": 25.09208, "KWT-6007": 86.40292000000001, "KWT-6008": 90.17343999999997, "KWT-6009": 24.702920000000006, "KWT-6010": 35.23767, "KWT-6011": 22.311, "KWT-6012": 32.47564, "KWT-6013": 27.68132, "KWT-6014": 39.03215999999999, "KWT-6015": 30.28075, "KWT-6016": 33.26205, "KWT-6042": 60.47072, "KWT-6044": 343.23226, "KWT-6046": 42.50685, "LAT-6101": 20.676869999999994, "LAT-6102": 22.90632, "LAT-6103": 33.22752, "LAT-6104": 75.58340000000001, "LAT-6105": 80.29036, "LAT-6106": 76.3999, "LAT-6107": 24.15033999999999, "LAT-6108": 34.40573, "LAT-6109": 37.2615, "LAT-6110": 50.00013, "LAT-6112": 46.29167999999998, "LOF-01": 20.31209, "LOF-02": 20.118, "LOF-03": 22.802939999999996, "LOF-04": 24.705, "LOF-05": 29.6875, "LOF-06": 34.700199999999995, "LOF-07": 75.02235999999999, "LOF-08": 79.89226, "LOF-09": 73.44282999999997, "LOF-10": 76.34389999999999, "LOF-11": 22.91312, "LOF-12": 26.299030000000002, "LOF-13": 21.914, "LOF-14": 21.717119999999998, "MOK-31": 25.89851, "MOK-32B": 23.31291, "MOK-33": 33.69097, "MOK-34A": 22.307, "MOK-34B": 20.31988, "MOK-35": 91.03640999999999, "MOK-36": 32.349509999999995, "MOK-37": 85.16136, "MOK-38": 82.48230000000002, "MOK-39": 25.10951, "MOK-40": 79.7357, "MOK-41": 23.9234, "MOK-42": 24.518610000000002, "MOK-43": 22.191679999999995, "MOK-44": 21.54194, "MOK-45": 34.49655, "MOK-46": 26.96348, "NTK-01": 30.710769999999982, "NTK-02": 24.113100000000003, "NTK-03": 17.729749999999996, "NTK-04": 28.300919999999994, "NTK-05": 24.977379999999993, "NTK-06": 78.68081999999998, "NTK-07": 28.510400000000004, "NTK-08": 28.92505, "NTK-09": 76.9125, "NTK-10": 29.636479999999978, "NTK-11": 78.8946, "NTK-12": 24.641940000000023, "NTK-13": 25.23049999999999, "NTK-14": 41.17909999999999, "NTK-15": 24.30977, "NTK-16": 215.55959999999936, "NTK-17": 526.7766100000001, "PRE-32A": 81.63725, "PRE-47": 100.02681999999999, "SKM-01": 26.295, "SKM-02": 21.353139999999996, "SKM-03": 22.7518, "SKM-04": 22.31745, "SKM-05": 22.707, "SKM-06": 22.718799999999998, "SKM-07": 23.71288, "SKM-08": 28.2822, "SKM-09": 20.3228, "SKM-10": 81.0453, "SKM-11": 24.87916, "SKM-12": 79.91936, "SKM-13": 83.39099999999999, "SKM-14": 24.705, "SKM-15": 24.310299999999998, "SKM-16": 21.29694, "SKM-17": 19.143, "SKM-18": 25.899, "SKM-19": 15.93312, "SKM-20": 28.66804, "SKM-21": 16.221, "SKM-22A": 24.10882, "SKM-22B": 80.34635, "SKM-22C": 81.05474999999998, "TIK-7101": 43.14586, "TIK-7102": 25.9013, "TIK-7103": 33.46314, "TIK-7104": 25.512859999999986, "TIK-7105": 30.28758, "TIK-7106": 35.272, "TIK-7107": 31.699799999999996, "TIK-7108": 21.712249999999997, "TIK-7109A": 87.80154999999996, "TIK-7109B": 84.52918, "TIK-7109C": 88.596, "TIK-7110": 23.48687, "TIK-7111": 25.60300000000001, "TIK-7112A": 205.66680000000002, "TIK-7112B": 213.66676, "TIK-7112C": 214.06408, "TIK-7113": 32.977509999999995, "TIK-7114": 146.89917999999994, "TIK-7115": 20.30954, "TIK-7116": 123.80127000000002, "TIK-7117": 25.716789999999996, "TIK-7118": 31.278059999999996, "TIK-7119": 314.239, "TIK-7120": 27.284190000000002, "TIK-7122": 97.5115, "TIK-7149": 21.95427, "WHA-02": 45.43074, "WHA-04": 30.886319999999998, "WHA-06": 173.60925, "WTS-01": 21.117729999999998, "WTS-02": 22.885, "WTS-03": 26.102019999999996, "WTS-04": 24.69994, "WTS-05": 81.18172, "WTS-06": 32.057539999999996, "WTS-07": 26.89654, "WTS-08": 83.07796, "WTS-09": 22.91, "WTS-10": 78.57212000000001, "WTS-11": 21.32924, "WTS-12": 21.31900000000001, "WTS-14": 18.72697, "YAT-7001": 35.667190000000005, "YAT-7002": 20.012300000000003, "YAT-7003A": 71.16962999999998, "YAT-7003B": 71.67004, "YAT-7003C": 70.76751, "YAT-7003D": 70.5696, "YAT-7004": 20.3201, "YAT-7005": 21.807509999999994, "YAT-7006A": 92.44256, "YAT-7006B": 90.51634000000003, "YAT-7006C": 90.08010000000002, "YAT-7007": 36.889329999999994, "YAT-7008": 32.707369999999976, "YAT-7009": 25.852459999999997, "YAT-7010": 31.977359999999916, "YAT-7012": 36.10927, "YMT-31": 26.501420000000003, "YMT-32": 24.616849999999964, "YMT-33": 24.50508, "YMT-34": 17.958439999999996, "YMT-35": 88.86870999999996, "YMT-36": 23.89678, "YMT-37": 20.916, "YMT-38": 26.901269999999997, "YMT-39": 21.321, "YMT-40": 88.05708000000001, "YMT-41": 24.92022, "YMT-42": 21.712, "YMT-44": 23.908}