{"CHH-01": 41.238, "CHH-02": 135.667, "CHH-03": 40.043, "CHH-04": 131.077, "CHH-05": 38.847, "CHH-06": 26.881, "CHH-07": 22.0, "CHH-08": 30.083, "CHH-09B": 66.525, "CHH-10": 194.211, "CHH-11": 748.058, "CHH-12": 82.675, "CHH-13A": 27.48, "CHH-14": 85.664, "CHH-15": 21.547, "CHH-16": 84.667, "CHH-17": 21.317, "CHH-18": 54.383, "CHH-19": 21.317, "CHH-20": 59.364, "CHH-21": 22.099, "CHH-22": 60.16, "CHH-23A": 18.0, "CHH-24": 24.703000000000007, "CHH-25": 242.661, "CHH-27": 38.649, "CHH-28": 626.117, "CHH-29": 35.66, "CHH-30": 172.0, "CHH-31": 39.046, "CHH-32": 44.625, "CHH-33": 55.183, "CHH-34": 31.277, "CHH-35": 77.74600000000002, "CHH-36": 27.691, "CHH-37": 255.566, "DIH-01": 550.63, "DIH-02": 349.21, "DIH-03": 344.666, "DIH-04": 306.181, "DIH-05": 325.14, "DIH-06": 102.199, "DIH-07": 26.895, "DIH-08": 116.163, "DIH-09": 30.893, "DIH-10": 112.391, "DIH-12": 24.7, "HOM-01": 351.0, "HOM-02": 40.84, "HOM-03": 429.507, "HOM-04": 29.525, "HOM-05": 64.347, "HOM-06": 38.067, "HOM-07": 39.639, "HOM-08": 76.49600000000002, "HOM-09": 2486.831, "HOM-10": 171.549, "HOM-11": 2434.0, "HOM-12": 169.15400000000002, "HOM-13": 29.893, "HOM-14": 27.109, "HOM-15": 57.574, "HOM-16": 18.779, "HOM-17": 96.021, "HOM-18": 29.873, "HOM-19": 106.381, "HOM-20": 74.923, "HOM-21": 442.307, "HOM-22": 28.492, "KOB-01": 25.897, "KOB-02": 38.644, "KOB-03": 36.456, "KOB-04": 42.831, "KOB-05": 66.92699999999999, "KOB-06": 36.856, "KOB-07": 75.693, "KOB-08": 93.072, "KOB-09": 129.066, "KOB-10": 91.635, "KOB-11": 39.62300000000001, "KOB-12": 26.695, "KOB-13": 164.852, "KOB-14": 27.292, "KOB-15": 160.484, "KOB-16": 30.678, "KOT-01": 45.819, "KOT-02": 36.667, "KOT-03": 45.819, "KOT-04": 48.583, "KOT-05": 54.782, "KOT-06": 47.807, "KOT-07": 52.166, "KOT-08": 138.44899999999998, "KOT-09": 129.278, "KOT-10": 136.05200000000002, "KOT-11": 53.19, "KOT-12": 25.897, "KOT-13": 49.234, "KOT-14": 21.519, "KOT-15": 49.898, "KOT-16": 21.719, "KWT-6001": 69.908, "KWT-6002": 51.597, "KWT-6003": 66.514, "KWT-6004": 31.688, "KWT-6005": 60.349, "KWT-6006": 32.104, "KWT-6007": 125.569, "KWT-6008": 189.612, "KWT-6009": 62.158, "KWT-6010": 46.207, "KWT-6011": 25.702, "KWT-6012": 40.234, "KWT-6013": 33.671, "KWT-6014": 439.361, "KWT-6015": 58.937, "KWT-6016": 357.814, "KWT-6042": 64.34899999999999, "KWT-6044": 358.75, "KWT-6046": 43.605, "LAT-6101": 139.861, "LAT-6102": 271.605, "LAT-6103": 110.555, "LAT-6104": 487.56, "LAT-6105": 172.351, "LAT-6106": 489.35, "LAT-6107": 31.283, "LAT-6108": 38.386, "LAT-6109": 57.79, "LAT-6110": 165.477, "LAT-6112": 166.468, "LOF-01": 44.625, "LOF-02": 24.58, "LOF-03": 44.483, "LOF-04": 29.688, "LOF-05": 46.627, "LOF-06": 37.444, "LOF-07": 148.611, "LOF-08": 104.384, "LOF-09": 147.394, "LOF-10": 97.818, "LOF-11": 58.17100000000001, "LOF-12": 26.701, "LOF-13": 54.785, "LOF-14": 23.914, "MOK-31": 47.02, "MOK-32B": 34.556, "MOK-33": 70.502, "MOK-34A": 34.273, "MOK-34B": 32.479, "MOK-35": 106.991, "MOK-36": 39.644, "MOK-37": 100.018, "MOK-38": 2974.275, "MOK-39": 38.306, "MOK-40": 114.162, "MOK-41": 49.605, "MOK-42": 31.0, "MOK-43": 45.6, "MOK-44": 405.0, "MOK-45": 58.37, "MOK-46": 48.007, "NTK-01": 43.813, "NTK-02": 46.983, "NTK-03": 29.675, "NTK-04": 44.412, "NTK-05": 45.03, "NTK-06": 111.113, "NTK-07": 45.956, "NTK-08": 74.707, "NTK-09": 238.487, "NTK-10": 77.514, "NTK-11": 190.497, "NTK-12": 40.246, "NTK-13": 76.5, "NTK-14": 80.892, "NTK-15": 50.40600000000001, "NTK-16": 480.372, "NTK-17": 593.131, "PRE-32A": 96.23, "PRE-47": 178.895, "SKM-01": 42.482, "SKM-02": 22.149, "SKM-03": 65.932, "SKM-04": 25.856, "SKM-05": 69.117, "SKM-06": 29.839, "SKM-07": 53.191, "SKM-08": 33.866, "SKM-09": 42.632, "SKM-10": 107.388, "SKM-11": 43.429, "SKM-12": 105.032, "SKM-13": 260.52, "SKM-14": 25.297, "SKM-15": 49.813, "SKM-16": 21.722, "SKM-17": 57.194, "SKM-18": 37.266, "SKM-19": 44.027, "SKM-20": 40.441, "SKM-21": 44.895, "SKM-22A": 26.692, "SKM-22B": 97.218, "SKM-22C": 97.018, "TIK-7101": 179.53400000000005, "TIK-7102": 129.703, "TIK-7103": 137.63, "TIK-7104": 32.672, "TIK-7105": 156.184, "TIK-7106": 45.67, "TIK-7107": 61.553, "TIK-7108": 144.915, "TIK-7109A": 138.502, "TIK-7109B": 134.717, "TIK-7109C": 134.916, "TIK-7110": 106.761, "TIK-7111": 104.768, "TIK-7112A": 245.853, "TIK-7112B": 333.532, "TIK-7112C": 330.145, "TIK-7113": 110.147, "TIK-7114": 232.2, "TIK-7115": 172.33599999999996, "TIK-7116": 223.752, "TIK-7117": 120.35, "TIK-7118": 171.567, "TIK-7119": 374.453, "TIK-7120": 177.145, "TIK-7122": 253.59, "TIK-7149": 110.372, "WHA-02": 66.55, "WHA-04": 32.957, "WHA-06": 666.632, "WTS-01": 508.369, "WTS-02": 51.598, "WTS-03": 36.257, "WTS-04": 44.232, "WTS-05": 110.757, "WTS-06": 116.354, "WTS-07": 40.446, "WTS-08": 162.428, "WTS-09": 54.785, "WTS-10": 136.278, "WTS-11": 541.0790000000002, "WTS-12": 22.711, "WTS-14": 21.763, "YAT-7001": 54.192, "YAT-7002": 126.91, "YAT-7003A": 136.27, "YAT-7003B": 136.658, "YAT-7003C": 135.66299999999998, "YAT-7003D": 134.468, "YAT-7004": 163.378, "YAT-7005": 28.0, "YAT-7006A": 122.918, "YAT-7006B": 123.722, "YAT-7006C": 122.723, "YAT-7007": 62.739, "YAT-7008": 61.152, "YAT-7009": 124.228, "YAT-7010": 70.315, "YAT-7012": 42.124, "YMT-31": 351.797, "YMT-32": 41.831, "YMT-33": 28.487, "YMT-34": 27.63, "YMT-35": 112.592, "YMT-36": 33.829, "YMT-37": 23.697, "YMT-38": 34.07, "YMT-39": 31.066, "YMT-40": 106.003, "YMT-41": 58.549, "YMT-42": 22.112, "YMT-44": 24.512}