{
  "CHH-01": 8.0,
  "CHH-02": 15.0,
  "CHH-03": 5.0,
  "CHH-04": 12.0,
  "CHH-05": 6.0,
  "CHH-06": 8.0,
  "CHH-07": 3.0,
  "CHH-08": 5.0,
  "CHH-09B": 10.0,
  "CHH-10": 60.0,
  "CHH-11": 63.0,
  "CHH-12": 9.0,
  "CHH-13A": 13.0,
  "CHH-14": 6.0,
  "CHH-15": 8.0,
  "CHH-16": 4.0,
  "CHH-17": 7.0,
  "CHH-18": 4.0,
  "CHH-19": 8.0,
  "CHH-20": 6.0,
  "CHH-21": 8.0,
  "CHH-22": 8.219999999999995,
  "CHH-23A": 18.0,
  "CHH-24": 3.44,
  "CHH-25": 213.56,
  "CHH-27": 12.099999999999998,
  "CHH-28": 363.92,
  "CHH-29": 8.459999999999999,
  "CHH-30": 10.0,
  "CHH-31": 14.0,
  "CHH-32": 25.740000000000002,
  "CHH-33": 25.919999999999998,
  "CHH-34": 12.74,
  "CHH-35": 10.62,
  "CHH-36": 12.74,
  "CHH-37": 185.01999999999998,
  "DIH-01": 8.0,
  "DIH-02": 10.0,
  "DIH-03": 9.0,
  "DIH-04": 10.0,
  "DIH-05": 58.0,
  "DIH-06": 17.0,
  "DIH-07": 9.0,
  "DIH-08": 13.0,
  "DIH-09": 12.0,
  "DIH-10": 58.0,
  "DIH-12": 11.0,
  "HOM-01": 351.0,
  "HOM-02": 22.0,
  "HOM-03": 141.0,
  "HOM-04": 15.0,
  "HOM-05": 9.0,
  "HOM-06": 20.0,
  "HOM-07": 5.0,
  "HOM-08": 29.0,
  "HOM-09": 8.0,
  "HOM-10": 10.0,
  "HOM-11": 101.0,
  "HOM-12": 64.0,
  "HOM-13": 7.0,
  "HOM-14": 8.0,
  "HOM-15": 14.0,
  "HOM-16": 4.0,
  "HOM-17": 23.0,
  "HOM-18": 5.0,
  "HOM-19": 22.0,
  "HOM-20": 27.0,
  "HOM-21": 22.0,
  "HOM-22": 5.0,
  "KOB-01": 7.0,
  "KOB-02": 11.0,
  "KOB-03": 9.0,
  "KOB-04": 12.0,
  "KOB-05": 13.0,
  "KOB-06": 12.0,
  "KOB-07": 16.0,
  "KOB-08": 13.0,
  "KOB-09": 66.0,
  "KOB-10": 64.0,
  "KOB-11": 14.0,
  "KOB-12": 12.0,
  "KOB-13": 10.0,
  "KOB-14": 10.0,
  "KOB-15": 8.0,
  "KOB-16": 14.0,
  "KOT-01": 6.0,
  "KOT-02": 9.0,
  "KOT-03": 6.0,
  "KOT-04": 8.0,
  "KOT-05": 7.0,
  "KOT-06": 7.0,
  "KOT-07": 7.0,
  "KOT-08": 11.0,
  "KOT-09": 69.0,
  "KOT-10": 74.0,
  "KOT-11": 15.0,
  "KOT-12": 13.0,
  "KOT-13": 8.0,
  "KOT-14": 9.0,
  "KOT-15": 6.0,
  "KOT-16": 9.0,
  "KWT-6001": 8.0,
  "KWT-6002": 14.0,
  "KWT-6003": 5.0,
  "KWT-6004": 7.0,
  "KWT-6005": 7.0,
  "KWT-6006": 7.0,
  "KWT-6007": 64.32,
  "KWT-6008": 65.0,
  "KWT-6009": 8.0,
  "KWT-6010": 12.0,
  "KWT-6011": 6.0,
  "KWT-6012": 14.0,
  "KWT-6013": 11.0,
  "KWT-6014": 14.0,
  "KWT-6015": 18.0,
  "KWT-6016": 13.0,
  "KWT-6042": 7.4399999999999995,
  "KWT-6044": 235.12,
  "KWT-6046": 7.0,
  "LAT-6101": 9.0,
  "LAT-6102": 8.0,
  "LAT-6103": 15.0,
  "LAT-6104": 59.0,
  "LAT-6105": 64.0,
  "LAT-6106": 13.0,
  "LAT-6107": 14.0,
  "LAT-6108": 10.620000000000005,
  "LAT-6109": 31.0,
  "LAT-6110": 27.0,
  "LAT-6112": 28.0,
  "LOF-01": 6.0,
  "LOF-02": 6.0,
  "LOF-03": 6.0,
  "LOF-04": 8.0,
  "LOF-05": 8.0,
  "LOF-06": 11.0,
  "LOF-07": 11.0,
  "LOF-08": 15.0,
  "LOF-09": 60.0,
  "LOF-10": 60.0,
  "LOF-11": 11.0,
  "LOF-12": 14.0,
  "LOF-13": 9.0,
  "LOF-14": 10.0,
  "MOK-31": 9.0,
  "MOK-32B": 7.0,
  "MOK-33": 10.0,
  "MOK-34A": 7.0,
  "MOK-34B": 7.0,
  "MOK-35": 12.0,
  "MOK-36": 13.0,
  "MOK-37": 62.120000000000005,
  "MOK-38": 10.0,
  "MOK-39": 7.0,
  "MOK-40": 60.0,
  "MOK-41": 7.0,
  "MOK-42": 9.0,
  "MOK-43": 6.0,
  "MOK-44": 5.0,
  "MOK-45": 12.0,
  "MOK-46": 11.0,
  "NTK-01": 6.0,
  "NTK-02": 11.0,
  "NTK-03": 3.0,
  "NTK-04": 10.0,
  "NTK-05": 9.759999999999991,
  "NTK-06": 60.0,
  "NTK-07": 10.0,
  "NTK-08": 14.0,
  "NTK-09": 11.759999999999991,
  "NTK-10": 11.0,
  "NTK-11": 59.0,
  "NTK-12": 4.0,
  "NTK-13": 11.0,
  "NTK-14": 8.0,
  "NTK-15": 10.0,
  "NTK-16": 39.0,
  "NTK-17": 330.1799999999999,
  "PRE-32A": 60.0,
  "PRE-47": 72.0,
  "SKM-01": 12.0,
  "SKM-02": 8.0,
  "SKM-03": 9.0,
  "SKM-04": 9.0,
  "SKM-05": 8.0,
  "SKM-06": 9.0,
  "SKM-07": 9.0,
  "SKM-08": 9.0,
  "SKM-09": 4.0,
  "SKM-10": 11.0,
  "SKM-11": 5.0,
  "SKM-12": 62.0,
  "SKM-13": 63.0,
  "SKM-14": 8.0,
  "SKM-15": 13.0,
  "SKM-16": 6.0,
  "SKM-17": 10.0,
  "SKM-18": 12.0,
  "SKM-19": 6.0,
  "SKM-20": 12.0,
  "SKM-21": 7.0,
  "SKM-22A": 3.0,
  "SKM-22B": 4.0,
  "SKM-22C": 5.0,
  "TIK-7101": 33.0,
  "TIK-7102": 18.0,
  "TIK-7103": 19.0,
  "TIK-7104": 17.0,
  "TIK-7105": 13.0,
  "TIK-7106": 30.0,
  "TIK-7107": 13.0,
  "TIK-7108": 13.0,
  "TIK-7109A": 14.0,
  "TIK-7109B": 11.0,
  "TIK-7109C": 67.0,
  "TIK-7110": 12.0,
  "TIK-7111": 13.0,
  "TIK-7112A": 138.0,
  "TIK-7112B": 9.180000000000007,
  "TIK-7112C": 11.0,
  "TIK-7113": 18.0,
  "TIK-7114": 56.15999999999997,
  "TIK-7115": 4.0,
  "TIK-7116": 17.0,
  "TIK-7117": 8.0,
  "TIK-7118": 7.0,
  "TIK-7119": 264.44,
  "TIK-7120": 8.0,
  "TIK-7122": 51.0,
  "TIK-7149": 4.0,
  "WHA-02": 10.0,
  "WHA-04": 11.0,
  "WHA-06": 137.0,
  "WTS-01": 10.0,
  "WTS-02": 9.0,
  "WTS-03": 6.0,
  "WTS-04": 8.0,
  "WTS-05": 62.0,
  "WTS-06": 9.0,
  "WTS-07": 14.0,
  "WTS-08": 15.0,
  "WTS-09": 10.0,
  "WTS-10": 61.0,
  "WTS-11": 8.0,
  "WTS-12": 10.0,
  "WTS-14": 8.0,
  "YAT-7001": 21.0,
  "YAT-7002": 13.0,
  "YAT-7003A": 8.0,
  "YAT-7003B": 6.0,
  "YAT-7003C": 6.0,
  "YAT-7003D": 55.0,
  "YAT-7004": 12.0,
  "YAT-7005": 14.0,
  "YAT-7006A": 67.0,
  "YAT-7006B": 10.0,
  "YAT-7006C": 10.0,
  "YAT-7007": 31.0,
  "YAT-7008": 14.0,
  "YAT-7009": 20.0,
  "YAT-7010": 20.0,
  "YAT-7012": 26.0,
  "YMT-31": 12.0,
  "YMT-32": 8.0,
  "YMT-33": 5.0,
  "YMT-34": 3.0,
  "YMT-35": 67.0,
  "YMT-36": 5.0,
  "YMT-37": 7.0,
  "YMT-38": 4.0,
  "YMT-39": 7.0,
  "YMT-40": 68.12,
  "YMT-41": 10.0,
  "YMT-42": 8.0,
  "YMT-44": 13.0
}