{
    "CHH-01": 22.712,
    "CHH-02": 25.5332,
    "CHH-03": 20.718000000000004,
    "CHH-04": 23.707,
    "CHH-05": 21.515,
    "CHH-06": 21.882,
    "CHH-07": 17.529,
    "CHH-08": 24.722,
    "CHH-09B": 31.07800000000001,
    "CHH-10": 82.9432,
    "CHH-11": 82.277,
    "CHH-12": 23.3,
    "CHH-13A": 25.102,
    "CHH-14": 19.926,
    "CHH-15": 20.525,
    "CHH-16": 17.961299999999998,
    "CHH-17": 19.922,
    "CHH-18": 18.128,
    "CHH-19": 20.122,
    "CHH-20": 20.519,
    "CHH-21": 20.719,
    "CHH-22": 26.6954,
    "CHH-23A": null,
    "CHH-24": 24.503,
    "CHH-25": 418.595,
    "CHH-27": 33.0644,
    "CHH-28": 369.2374000000001,
    "CHH-29": 30.68,
    "CHH-30": 34.03080000000001,
    "CHH-31": 39.744,
    "CHH-32": 51.5168,
    "CHH-33": 56.306800000000024,
    "CHH-34": 32.361100000000015,
    "CHH-35": 35.2612,
    "CHH-36": 28.42880000000001,
    "CHH-37": 472.78409999999997,
    "DIH-01": 24.902,
    "DIH-02": 26.297,
    "DIH-03": 75.68560000000001,
    "DIH-04": 26.89,
    "DIH-05": 75.90100000000002,
    "DIH-06": 37.452,
    "DIH-07": 25.285500000000006,
    "DIH-08": 77.696,
    "DIH-09": 28.08,
    "DIH-10": 74.905,
    "DIH-12": 23.906,
    "HOM-02": 34.6066,
    "HOM-03": 189.85410000000002,
    "HOM-04": 28.886,
    "HOM-05": 29.285,
    "HOM-06": 37.453,
    "HOM-07": 26.495,
    "HOM-08": 54.385999999999996,
    "HOM-09": 114.749,
    "HOM-10": 109.769,
    "HOM-11": 116.30680000000001,
    "HOM-12": 107.377,
    "HOM-13": 24.305,
    "HOM-14": 25.378,
    "HOM-15": 30.082,
    "HOM-16": 17.727999999999994,
    "HOM-17": 36.058,
    "HOM-18": 21.914,
    "HOM-19": 35.859,
    "HOM-20": 35.66,
    "HOM-21": 36.855,
    "HOM-22": 24.9074,
    "KOB-01": 22.512,
    "KOB-02": 25.498999999999995,
    "KOB-03": 27.492,
    "KOB-04": 26.496,
    "KOB-05": 32.873000000000005,
    "KOB-06": 30.281,
    "KOB-07": 38.452,
    "KOB-08": 84.4114,
    "KOB-09": 86.26100000000002,
    "KOB-10": 82.074,
    "KOB-11": 26.097,
    "KOB-12": 25.702,
    "KOB-13": 21.78189999999999,
    "KOB-14": 25.102,
    "KOB-15": 21.315,
    "KOB-16": 25.955299999999998,
    "KOT-01": 18.926,
    "KOT-02": 21.42250000000001,
    "KOT-03": 21.516,
    "KOT-04": 21.315,
    "KOT-05": 23.505800000000004,
    "KOT-06": 27.29300000000001,
    "KOT-07": 27.946299999999994,
    "KOT-08": 97.2968,
    "KOT-09": 91.64,
    "KOT-10": 94.64240000000001,
    "KOT-11": 25.097,
    "KOT-12": 25.301,
    "KOT-13": 18.358200000000007,
    "KOT-14": 21.136,
    "KOT-15": 18.4978,
    "KOT-16": 21.118,
    "KWT-6001": 27.288,
    "KWT-6002": 29.882,
    "KWT-6003": 24.504,
    "KWT-6004": 23.705,
    "KWT-6005": 30.153200000000002,
    "KWT-6006": 24.96,
    "KWT-6007": 87.8324,
    "KWT-6008": 86.8677,
    "KWT-6009": 24.305,
    "KWT-6010": 35.062,
    "KWT-6011": 21.559,
    "KWT-6012": 32.273,
    "KWT-6013": 26.696,
    "KWT-6014": 33.51660000000001,
    "KWT-6015": 29.883,
    "KWT-6016": 31.874,
    "KWT-6021": 26.69,
    "KWT-6042": 50.9812,
    "KWT-6044": 551.0135,
    "KWT-6046": 49.287000000000006,
    "LAT-6101": 19.723,
    "LAT-6102": 22.71,
    "LAT-6103": 32.477,
    "LAT-6104": 73.71,
    "LAT-6105": 81.48110000000001,
    "LAT-6106": 76.525,
    "LAT-6107": 23.706,
    "LAT-6108": 33.69370000000001,
    "LAT-6109": 35.55300000000001,
    "LAT-6110": 44.90070000000001,
    "LAT-6111": 47.609500000000004,
    "LAT-6112": 45.82,
    "LOF-01": 20.322,
    "LOF-02": 20.12,
    "LOF-03": 23.11,
    "LOF-04": 24.513,
    "LOF-05": 30.481,
    "LOF-06": 34.614700000000006,
    "LOF-07": 76.70660000000001,
    "LOF-08": 82.35,
    "LOF-09": 74.705,
    "LOF-10": 78.891,
    "LOF-11": 23.108000000000004,
    "LOF-12": 26.293000000000006,
    "LOF-13": 21.848200000000013,
    "LOF-14": 21.715,
    "MOK-31": 26.296,
    "MOK-32A": 83.8776,
    "MOK-32B": 23.308000000000003,
    "MOK-33": 34.30120000000002,
    "MOK-34A": 22.114,
    "MOK-34B": 20.126000000000005,
    "MOK-35": 88.054,
    "MOK-36": 32.588100000000004,
    "MOK-37": 81.6762,
    "MOK-38": 81.48,
    "MOK-39": 25.103,
    "MOK-40": 78.094,
    "MOK-41": 23.644,
    "MOK-42": 24.703000000000007,
    "MOK-43": 22.311,
    "MOK-44": 23.707,
    "MOK-45": 35.457,
    "MOK-46": 30.284800000000004,
    "MOK-47": 101.00800000000001,
    "NTK-01": 21.516,
    "NTK-02": 24.305,
    "NTK-03": 17.929000000000006,
    "NTK-04": 28.291,
    "NTK-05": 25.559300000000007,
    "NTK-06": 79.686,
    "NTK-07": 29.671000000000006,
    "NTK-08": 28.487,
    "NTK-09": 79.63660000000002,
    "NTK-10": 27.654199999999925,
    "NTK-11": 78.6786,
    "NTK-12": 18.502,
    "NTK-13": 25.498999999999995,
    "NTK-14": 23.512,
    "NTK-15": 24.503,
    "NTK-16": 177.9008,
    "NTK-17": 504.741,
    "SKM-01": 26.1,
    "SKM-02": 21.317,
    "SKM-03": 22.712,
    "SKM-04": 22.312,
    "SKM-05": 22.711,
    "SKM-06": 22.711,
    "SKM-07": 23.9129,
    "SKM-08": 28.092,
    "SKM-09": 20.719,
    "SKM-10": 80.26100000000001,
    "SKM-11": 25.307,
    "SKM-12": 79.286,
    "SKM-13": 82.0835,
    "SKM-14": 24.503,
    "SKM-15": 24.412,
    "SKM-16": 21.117,
    "SKM-17": 19.324,
    "SKM-18": 25.893,
    "SKM-19": 16.136,
    "SKM-20": 28.5008,
    "SKM-21": 16.735,
    "SKM-22A": 22.91,
    "SKM-22B": 82.30120000000001,
    "SKM-22C": 83.073,
    "TIK-7101": 42.433,
    "TIK-7102": 25.101,
    "TIK-7103": 32.672,
    "TIK-7104": 23.797800000000002,
    "TIK-7105": 29.487,
    "TIK-7106": 34.066,
    "TIK-7107": 31.277,
    "TIK-7108": 20.918000000000006,
    "TIK-7109A": 85.24159999999999,
    "TIK-7109B": 81.86880000000001,
    "TIK-7109C": 84.64479999999999,
    "TIK-7110": 22.879,
    "TIK-7111": 25.499,
    "TIK-7112A": 224.33100000000002,
    "TIK-7112B": 221.529,
    "TIK-7112C": 223.73080000000004,
    "TIK-7113": 29.684000000000005,
    "TIK-7114": 149.81799999999996,
    "TIK-7115": 19.73,
    "TIK-7116": 147.62,
    "TIK-7117": 26.875799999999998,
    "TIK-7118": 32.75,
    "TIK-7119": 338.88699999999994,
    "TIK-7120": 27.493,
    "TIK-7122": 126.302,
    "TIK-7149": 22.114,
    "WHA-02": 33.07,
    "WHA-04": 30.28,
    "WHA-06": 167.59400000000005,
    "WTS-01": 20.718000000000004,
    "WTS-02": 22.7164,
    "WTS-03": 26.097,
    "WTS-04": 24.314,
    "WTS-05": 81.4748,
    "WTS-06": 31.2917,
    "WTS-07": 26.496,
    "WTS-08": 82.18119999999999,
    "WTS-09": 22.505,
    "WTS-10": 77.375,
    "WTS-11": 20.956,
    "WTS-12": 21.316,
    "WTS-14": 18.727,
    "YAT-7001": 34.856,
    "YAT-7002": 19.723,
    "YAT-7003A": 72.1121,
    "YAT-7003B": 72.13650000000004,
    "YAT-7003C": 71.50699999999998,
    "YAT-7003D": 70.5514,
    "YAT-7004": 19.722,
    "YAT-7005": 21.5353,
    "YAT-7006A": 85.264,
    "YAT-7006B": 86.54750000000007,
    "YAT-7006C": 86.39000000000004,
    "YAT-7007": 35.461,
    "YAT-7008": 30.206,
    "YAT-7009": 25.308000000000003,
    "YAT-7010": 30.47380000000001,
    "YAT-7012": 35.261,
    "YMT-31": 26.494,
    "YMT-32": 26.097,
    "YMT-33": 24.504000000000005,
    "YMT-34": 18.127,
    "YMT-35": 87.456,
    "YMT-36": 23.906,
    "YMT-37": 21.0228,
    "YMT-38": 26.899,
    "YMT-39": 21.516,
    "YMT-40": 90.843,
    "YMT-41": 25.597400000000015,
    "YMT-42": 21.605600000000003,
    "YMT-44": 23.9964,
    "YMT-60": 22.1122,
    "WHA-08": 72.6548,
    "WHA-10": 543.1324000000001,
    "LAT-6114": 84.82820000000004,
    "TIK-7119S": 29.489,
    "TIK-7122S": 1530.5221000000001,
    "HOM-01": 1095.1499
}